sample_id,original_group,cell_type,marker,marker_detected_in_feature_table,qc_cells,marker_raw_count_sum,marker_positive_cells,ecm1_marker_double_positive_cells
GSM7919583,LV_UF,T/NK,MSLN,True,571,2,2,0
GSM7919583,LV_UF,T/NK,UPK3B,True,571,1,1,0
GSM7919583,LV_UF,T/NK,S100A8,True,571,26,26,0
GSM7919583,LV_UF,T/NK,S100A9,True,571,86,69,0
GSM7919583,LV_UF,T/NK,MPO,True,571,0,0,0
GSM7919583,LV_UF,T/NK,FCGR3B,True,571,53,49,0
GSM7919583,LV_UF,T/NK,LCN2,True,571,19,10,0
GSM7919583,LV_UF,T/NK,CSF3R,True,571,81,75,0
GSM7919583,LV_UF,B,MSLN,True,536,19,12,1
GSM7919583,LV_UF,B,UPK3B,True,536,2,2,0
GSM7919583,LV_UF,B,S100A8,True,536,64,36,0
GSM7919583,LV_UF,B,S100A9,True,536,266,89,3
GSM7919583,LV_UF,B,MPO,True,536,0,0,0
GSM7919583,LV_UF,B,FCGR3B,True,536,59,46,0
GSM7919583,LV_UF,B,LCN2,True,536,10,9,0
GSM7919583,LV_UF,B,CSF3R,True,536,183,117,3
GSM7919583,LV_UF,monocyte/macrophage,MSLN,True,499,18,10,0
GSM7919583,LV_UF,monocyte/macrophage,UPK3B,True,499,2,2,1
GSM7919583,LV_UF,monocyte/macrophage,S100A8,True,499,1836,154,15
GSM7919583,LV_UF,monocyte/macrophage,S100A9,True,499,3909,267,25
GSM7919583,LV_UF,monocyte/macrophage,MPO,True,499,2,2,1
GSM7919583,LV_UF,monocyte/macrophage,FCGR3B,True,499,101,61,1
GSM7919583,LV_UF,monocyte/macrophage,LCN2,True,499,18,15,0
GSM7919583,LV_UF,monocyte/macrophage,CSF3R,True,499,587,282,25
GSM7919583,LV_UF,neutrophil,MSLN,True,374,6,4,0
GSM7919583,LV_UF,neutrophil,UPK3B,True,374,2,2,0
GSM7919583,LV_UF,neutrophil,S100A8,True,374,7079,275,5
GSM7919583,LV_UF,neutrophil,S100A9,True,374,8708,321,5
GSM7919583,LV_UF,neutrophil,MPO,True,374,2,2,1
GSM7919583,LV_UF,neutrophil,FCGR3B,True,374,915,245,2
GSM7919583,LV_UF,neutrophil,LCN2,True,374,6,3,0
GSM7919583,LV_UF,neutrophil,CSF3R,True,374,1127,316,5
GSM7919583,LV_UF,mesothelial,MSLN,True,178,1131,71,12
GSM7919583,LV_UF,mesothelial,UPK3B,True,178,621,21,8
GSM7919583,LV_UF,mesothelial,S100A8,True,178,49,23,4
GSM7919583,LV_UF,mesothelial,S100A9,True,178,126,37,8
GSM7919583,LV_UF,mesothelial,MPO,True,178,1,1,0
GSM7919583,LV_UF,mesothelial,FCGR3B,True,178,62,22,4
GSM7919583,LV_UF,mesothelial,LCN2,True,178,5888,76,5
GSM7919583,LV_UF,mesothelial,CSF3R,True,178,51,34,5
GSM7919583,LV_UF,fibroblast,MSLN,True,30,0,0,0
GSM7919583,LV_UF,fibroblast,UPK3B,True,30,0,0,0
GSM7919583,LV_UF,fibroblast,S100A8,True,30,4,2,1
GSM7919583,LV_UF,fibroblast,S100A9,True,30,8,3,2
GSM7919583,LV_UF,fibroblast,MPO,True,30,0,0,0
GSM7919583,LV_UF,fibroblast,FCGR3B,True,30,10,3,1
GSM7919583,LV_UF,fibroblast,LCN2,True,30,2,2,2
GSM7919583,LV_UF,fibroblast,CSF3R,True,30,9,5,2
GSM7919583,LV_UF,other,MSLN,True,22,0,0,0
GSM7919583,LV_UF,other,UPK3B,True,22,0,0,0
GSM7919583,LV_UF,other,S100A8,True,22,0,0,0
GSM7919583,LV_UF,other,S100A9,True,22,0,0,0
GSM7919583,LV_UF,other,MPO,True,22,0,0,0
GSM7919583,LV_UF,other,FCGR3B,True,22,0,0,0
GSM7919583,LV_UF,other,LCN2,True,22,0,0,0
GSM7919583,LV_UF,other,CSF3R,True,22,0,0,0
GSM7919584,LV_UF,T/NK,MSLN,True,4136,73,54,12
GSM7919584,LV_UF,T/NK,UPK3B,True,4136,24,22,2
GSM7919584,LV_UF,T/NK,S100A8,True,4136,327,231,35
GSM7919584,LV_UF,T/NK,S100A9,True,4136,2099,1150,115
GSM7919584,LV_UF,T/NK,MPO,True,4136,6,2,0
GSM7919584,LV_UF,T/NK,FCGR3B,True,4136,5,5,1
GSM7919584,LV_UF,T/NK,LCN2,True,4136,2155,932,96
GSM7919584,LV_UF,T/NK,CSF3R,True,4136,3,3,0
GSM7919584,LV_UF,B,MSLN,True,162,1,1,0
GSM7919584,LV_UF,B,UPK3B,True,162,0,0,0
GSM7919584,LV_UF,B,S100A8,True,162,7,6,1
GSM7919584,LV_UF,B,S100A9,True,162,91,41,2
GSM7919584,LV_UF,B,MPO,True,162,0,0,0
GSM7919584,LV_UF,B,FCGR3B,True,162,0,0,0
GSM7919584,LV_UF,B,LCN2,True,162,41,38,1
GSM7919584,LV_UF,B,CSF3R,True,162,13,10,1
GSM7919584,LV_UF,monocyte/macrophage,MSLN,True,241,6,4,3
GSM7919584,LV_UF,monocyte/macrophage,UPK3B,True,241,0,0,0
GSM7919584,LV_UF,monocyte/macrophage,S100A8,True,241,1329,120,31
GSM7919584,LV_UF,monocyte/macrophage,S100A9,True,241,3099,182,48
GSM7919584,LV_UF,monocyte/macrophage,MPO,True,241,3,3,0
GSM7919584,LV_UF,monocyte/macrophage,FCGR3B,True,241,1,1,0
GSM7919584,LV_UF,monocyte/macrophage,LCN2,True,241,98,72,19
GSM7919584,LV_UF,monocyte/macrophage,CSF3R,True,241,149,84,20
GSM7919584,LV_UF,neutrophil,MSLN,True,383,1123,171,165
GSM7919584,LV_UF,neutrophil,UPK3B,True,383,418,107,106
GSM7919584,LV_UF,neutrophil,S100A8,True,383,48689,328,249
GSM7919584,LV_UF,neutrophil,S100A9,True,383,280153,380,267
GSM7919584,LV_UF,neutrophil,MPO,True,383,3,3,0
GSM7919584,LV_UF,neutrophil,FCGR3B,True,383,41,18,3
GSM7919584,LV_UF,neutrophil,LCN2,True,383,128157,303,256
GSM7919584,LV_UF,neutrophil,CSF3R,True,383,55,24,1
GSM7919584,LV_UF,mesothelial,MSLN,True,753,5060,557,497
GSM7919584,LV_UF,mesothelial,UPK3B,True,753,2483,315,280
GSM7919584,LV_UF,mesothelial,S100A8,True,753,6856,325,308
GSM7919584,LV_UF,mesothelial,S100A9,True,753,131184,614,555
GSM7919584,LV_UF,mesothelial,MPO,True,753,0,0,0
GSM7919584,LV_UF,mesothelial,FCGR3B,True,753,0,0,0
GSM7919584,LV_UF,mesothelial,LCN2,True,753,224229,680,593
GSM7919584,LV_UF,mesothelial,CSF3R,True,753,5,3,3
GSM7919584,LV_UF,fibroblast,MSLN,True,5,31,2,2
GSM7919584,LV_UF,fibroblast,UPK3B,True,5,8,2,2
GSM7919584,LV_UF,fibroblast,S100A8,True,5,30,1,1
GSM7919584,LV_UF,fibroblast,S100A9,True,5,75,2,1
GSM7919584,LV_UF,fibroblast,MPO,True,5,0,0,0
GSM7919584,LV_UF,fibroblast,FCGR3B,True,5,0,0,0
GSM7919584,LV_UF,fibroblast,LCN2,True,5,311,3,2
GSM7919584,LV_UF,fibroblast,CSF3R,True,5,0,0,0
GSM7919584,LV_UF,other,MSLN,True,52,0,0,0
GSM7919584,LV_UF,other,UPK3B,True,52,0,0,0
GSM7919584,LV_UF,other,S100A8,True,52,2,2,0
GSM7919584,LV_UF,other,S100A9,True,52,14,14,2
GSM7919584,LV_UF,other,MPO,True,52,0,0,0
GSM7919584,LV_UF,other,FCGR3B,True,52,0,0,0
GSM7919584,LV_UF,other,LCN2,True,52,165,19,7
GSM7919584,LV_UF,other,CSF3R,True,52,0,0,0
GSM7919585,LV_UF,T/NK,MSLN,True,79,1,1,0
GSM7919585,LV_UF,T/NK,UPK3B,True,79,4,3,0
GSM7919585,LV_UF,T/NK,S100A8,True,79,11,8,0
GSM7919585,LV_UF,T/NK,S100A9,True,79,76,34,4
GSM7919585,LV_UF,T/NK,MPO,True,79,0,0,0
GSM7919585,LV_UF,T/NK,FCGR3B,True,79,5,4,1
GSM7919585,LV_UF,T/NK,LCN2,True,79,33,21,3
GSM7919585,LV_UF,T/NK,CSF3R,True,79,4,3,0
GSM7919585,LV_UF,B,MSLN,True,150,22,12,1
GSM7919585,LV_UF,B,UPK3B,True,150,2,1,0
GSM7919585,LV_UF,B,S100A8,True,150,134,42,4
GSM7919585,LV_UF,B,S100A9,True,150,630,90,6
GSM7919585,LV_UF,B,MPO,True,150,0,0,0
GSM7919585,LV_UF,B,FCGR3B,True,150,11,7,0
GSM7919585,LV_UF,B,LCN2,True,150,65,38,2
GSM7919585,LV_UF,B,CSF3R,True,150,111,47,4
GSM7919585,LV_UF,monocyte/macrophage,MSLN,True,933,11,6,1
GSM7919585,LV_UF,monocyte/macrophage,UPK3B,True,933,5,3,1
GSM7919585,LV_UF,monocyte/macrophage,S100A8,True,933,11399,746,100
GSM7919585,LV_UF,monocyte/macrophage,S100A9,True,933,20460,862,114
GSM7919585,LV_UF,monocyte/macrophage,MPO,True,933,21,17,3
GSM7919585,LV_UF,monocyte/macrophage,FCGR3B,True,933,43,28,4
GSM7919585,LV_UF,monocyte/macrophage,LCN2,True,933,591,195,27
GSM7919585,LV_UF,monocyte/macrophage,CSF3R,True,933,888,394,62
GSM7919585,LV_UF,neutrophil,MSLN,True,3789,807,121,112
GSM7919585,LV_UF,neutrophil,UPK3B,True,3789,987,135,131
GSM7919585,LV_UF,neutrophil,S100A8,True,3789,162361,3555,403
GSM7919585,LV_UF,neutrophil,S100A9,True,3789,481233,3733,415
GSM7919585,LV_UF,neutrophil,MPO,True,3789,12,10,1
GSM7919585,LV_UF,neutrophil,FCGR3B,True,3789,13954,2793,152
GSM7919585,LV_UF,neutrophil,LCN2,True,3789,158380,757,270
GSM7919585,LV_UF,neutrophil,CSF3R,True,3789,9213,2746,180
GSM7919585,LV_UF,mesothelial,MSLN,True,227,1544,148,134
GSM7919585,LV_UF,mesothelial,UPK3B,True,227,3267,124,106
GSM7919585,LV_UF,mesothelial,S100A8,True,227,4369,129,115
GSM7919585,LV_UF,mesothelial,S100A9,True,227,48167,195,157
GSM7919585,LV_UF,mesothelial,MPO,True,227,0,0,0
GSM7919585,LV_UF,mesothelial,FCGR3B,True,227,20,9,6
GSM7919585,LV_UF,mesothelial,LCN2,True,227,83372,178,156
GSM7919585,LV_UF,mesothelial,CSF3R,True,227,49,24,22
GSM7919585,LV_UF,fibroblast,MSLN,True,39,52,12,8
GSM7919585,LV_UF,fibroblast,UPK3B,True,39,423,15,9
GSM7919585,LV_UF,fibroblast,S100A8,True,39,12,6,4
GSM7919585,LV_UF,fibroblast,S100A9,True,39,47,16,8
GSM7919585,LV_UF,fibroblast,MPO,True,39,0,0,0
GSM7919585,LV_UF,fibroblast,FCGR3B,True,39,5,3,2
GSM7919585,LV_UF,fibroblast,LCN2,True,39,50,13,9
GSM7919585,LV_UF,fibroblast,CSF3R,True,39,1,1,1
GSM7919585,LV_UF,other,MSLN,True,13,0,0,0
GSM7919585,LV_UF,other,UPK3B,True,13,0,0,0
GSM7919585,LV_UF,other,S100A8,True,13,0,0,0
GSM7919585,LV_UF,other,S100A9,True,13,0,0,0
GSM7919585,LV_UF,other,MPO,True,13,0,0,0
GSM7919585,LV_UF,other,FCGR3B,True,13,0,0,0
GSM7919585,LV_UF,other,LCN2,True,13,0,0,0
GSM7919585,LV_UF,other,CSF3R,True,13,0,0,0
GSM7919586,LV_UF,T/NK,MSLN,True,6736,44,35,0
GSM7919586,LV_UF,T/NK,UPK3B,True,6736,36,30,1
GSM7919586,LV_UF,T/NK,S100A8,True,6736,40,31,0
GSM7919586,LV_UF,T/NK,S100A9,True,6736,57,38,2
GSM7919586,LV_UF,T/NK,MPO,True,6736,2,2,0
GSM7919586,LV_UF,T/NK,FCGR3B,True,6736,1,1,0
GSM7919586,LV_UF,T/NK,LCN2,True,6736,3,2,0
GSM7919586,LV_UF,T/NK,CSF3R,True,6736,11,10,2
GSM7919586,LV_UF,B,MSLN,True,396,5,5,0
GSM7919586,LV_UF,B,UPK3B,True,396,3,2,0
GSM7919586,LV_UF,B,S100A8,True,396,7,5,0
GSM7919586,LV_UF,B,S100A9,True,396,27,10,0
GSM7919586,LV_UF,B,MPO,True,396,2,1,0
GSM7919586,LV_UF,B,FCGR3B,True,396,0,0,0
GSM7919586,LV_UF,B,LCN2,True,396,0,0,0
GSM7919586,LV_UF,B,CSF3R,True,396,25,19,0
GSM7919586,LV_UF,monocyte/macrophage,MSLN,True,134,3,2,0
GSM7919586,LV_UF,monocyte/macrophage,UPK3B,True,134,1,1,0
GSM7919586,LV_UF,monocyte/macrophage,S100A8,True,134,414,37,12
GSM7919586,LV_UF,monocyte/macrophage,S100A9,True,134,1029,52,15
GSM7919586,LV_UF,monocyte/macrophage,MPO,True,134,2,2,0
GSM7919586,LV_UF,monocyte/macrophage,FCGR3B,True,134,0,0,0
GSM7919586,LV_UF,monocyte/macrophage,LCN2,True,134,0,0,0
GSM7919586,LV_UF,monocyte/macrophage,CSF3R,True,134,42,30,7
GSM7919586,LV_UF,neutrophil,MSLN,True,36,1,1,0
GSM7919586,LV_UF,neutrophil,UPK3B,True,36,0,0,0
GSM7919586,LV_UF,neutrophil,S100A8,True,36,807,35,0
GSM7919586,LV_UF,neutrophil,S100A9,True,36,1334,35,0
GSM7919586,LV_UF,neutrophil,MPO,True,36,2,2,0
GSM7919586,LV_UF,neutrophil,FCGR3B,True,36,17,7,0
GSM7919586,LV_UF,neutrophil,LCN2,True,36,0,0,0
GSM7919586,LV_UF,neutrophil,CSF3R,True,36,41,22,0
GSM7919586,LV_UF,mesothelial,MSLN,True,101,1819,77,40
GSM7919586,LV_UF,mesothelial,UPK3B,True,101,1945,82,38
GSM7919586,LV_UF,mesothelial,S100A8,True,101,33,4,1
GSM7919586,LV_UF,mesothelial,S100A9,True,101,41,7,3
GSM7919586,LV_UF,mesothelial,MPO,True,101,0,0,0
GSM7919586,LV_UF,mesothelial,FCGR3B,True,101,0,0,0
GSM7919586,LV_UF,mesothelial,LCN2,True,101,7,7,5
GSM7919586,LV_UF,mesothelial,CSF3R,True,101,2,2,2
GSM7919586,LV_UF,fibroblast,MSLN,True,3,68,1,1
GSM7919586,LV_UF,fibroblast,UPK3B,True,3,13,1,1
GSM7919586,LV_UF,fibroblast,S100A8,True,3,0,0,0
GSM7919586,LV_UF,fibroblast,S100A9,True,3,0,0,0
GSM7919586,LV_UF,fibroblast,MPO,True,3,0,0,0
GSM7919586,LV_UF,fibroblast,FCGR3B,True,3,0,0,0
GSM7919586,LV_UF,fibroblast,LCN2,True,3,0,0,0
GSM7919586,LV_UF,fibroblast,CSF3R,True,3,0,0,0
GSM7919586,LV_UF,other,MSLN,True,41,0,0,0
GSM7919586,LV_UF,other,UPK3B,True,41,0,0,0
GSM7919586,LV_UF,other,S100A8,True,41,0,0,0
GSM7919586,LV_UF,other,S100A9,True,41,0,0,0
GSM7919586,LV_UF,other,MPO,True,41,0,0,0
GSM7919586,LV_UF,other,FCGR3B,True,41,0,0,0
GSM7919586,LV_UF,other,LCN2,True,41,0,0,0
GSM7919586,LV_UF,other,CSF3R,True,41,0,0,0
GSM7919587,LV_NOT_UF,T/NK,MSLN,True,530,4,4,0
GSM7919587,LV_NOT_UF,T/NK,UPK3B,True,530,25,24,2
GSM7919587,LV_NOT_UF,T/NK,S100A8,True,530,7,7,0
GSM7919587,LV_NOT_UF,T/NK,S100A9,True,530,35,35,0
GSM7919587,LV_NOT_UF,T/NK,MPO,True,530,0,0,0
GSM7919587,LV_NOT_UF,T/NK,FCGR3B,True,530,2,2,0
GSM7919587,LV_NOT_UF,T/NK,LCN2,True,530,0,0,0
GSM7919587,LV_NOT_UF,T/NK,CSF3R,True,530,2,2,0
GSM7919587,LV_NOT_UF,B,MSLN,True,794,25,24,1
GSM7919587,LV_NOT_UF,B,UPK3B,True,794,43,39,2
GSM7919587,LV_NOT_UF,B,S100A8,True,794,73,38,2
GSM7919587,LV_NOT_UF,B,S100A9,True,794,441,140,11
GSM7919587,LV_NOT_UF,B,MPO,True,794,1,1,0
GSM7919587,LV_NOT_UF,B,FCGR3B,True,794,16,3,0
GSM7919587,LV_NOT_UF,B,LCN2,True,794,0,0,0
GSM7919587,LV_NOT_UF,B,CSF3R,True,794,368,256,10
GSM7919587,LV_NOT_UF,monocyte/macrophage,MSLN,True,3469,83,75,12
GSM7919587,LV_NOT_UF,monocyte/macrophage,UPK3B,True,3469,179,172,14
GSM7919587,LV_NOT_UF,monocyte/macrophage,S100A8,True,3469,8319,1474,196
GSM7919587,LV_NOT_UF,monocyte/macrophage,S100A9,True,3469,28818,2424,334
GSM7919587,LV_NOT_UF,monocyte/macrophage,MPO,True,3469,59,57,7
GSM7919587,LV_NOT_UF,monocyte/macrophage,FCGR3B,True,3469,34,27,2
GSM7919587,LV_NOT_UF,monocyte/macrophage,LCN2,True,3469,1,1,0
GSM7919587,LV_NOT_UF,monocyte/macrophage,CSF3R,True,3469,2369,1485,170
GSM7919587,LV_NOT_UF,neutrophil,MSLN,True,450,9,9,1
GSM7919587,LV_NOT_UF,neutrophil,UPK3B,True,450,15,15,1
GSM7919587,LV_NOT_UF,neutrophil,S100A8,True,450,8686,424,22
GSM7919587,LV_NOT_UF,neutrophil,S100A9,True,450,13887,440,22
GSM7919587,LV_NOT_UF,neutrophil,MPO,True,450,8,6,0
GSM7919587,LV_NOT_UF,neutrophil,FCGR3B,True,450,674,169,3
GSM7919587,LV_NOT_UF,neutrophil,LCN2,True,450,0,0,0
GSM7919587,LV_NOT_UF,neutrophil,CSF3R,True,450,653,319,15
GSM7919587,LV_NOT_UF,mesothelial,MSLN,True,846,6614,549,249
GSM7919587,LV_NOT_UF,mesothelial,UPK3B,True,846,13186,568,248
GSM7919587,LV_NOT_UF,mesothelial,S100A8,True,846,422,80,42
GSM7919587,LV_NOT_UF,mesothelial,S100A9,True,846,889,165,64
GSM7919587,LV_NOT_UF,mesothelial,MPO,True,846,1,1,0
GSM7919587,LV_NOT_UF,mesothelial,FCGR3B,True,846,15,9,3
GSM7919587,LV_NOT_UF,mesothelial,LCN2,True,846,13,11,8
GSM7919587,LV_NOT_UF,mesothelial,CSF3R,True,846,57,43,15
GSM7919587,LV_NOT_UF,fibroblast,MSLN,True,832,396,54,46
GSM7919587,LV_NOT_UF,fibroblast,UPK3B,True,832,631,81,72
GSM7919587,LV_NOT_UF,fibroblast,S100A8,True,832,241,54,49
GSM7919587,LV_NOT_UF,fibroblast,S100A9,True,832,616,112,103
GSM7919587,LV_NOT_UF,fibroblast,MPO,True,832,4,4,3
GSM7919587,LV_NOT_UF,fibroblast,FCGR3B,True,832,27,9,8
GSM7919587,LV_NOT_UF,fibroblast,LCN2,True,832,46,40,40
GSM7919587,LV_NOT_UF,fibroblast,CSF3R,True,832,48,35,33
GSM7919587,LV_NOT_UF,other,MSLN,True,9,0,0,0
GSM7919587,LV_NOT_UF,other,UPK3B,True,9,0,0,0
GSM7919587,LV_NOT_UF,other,S100A8,True,9,0,0,0
GSM7919587,LV_NOT_UF,other,S100A9,True,9,1,1,0
GSM7919587,LV_NOT_UF,other,MPO,True,9,0,0,0
GSM7919587,LV_NOT_UF,other,FCGR3B,True,9,0,0,0
GSM7919587,LV_NOT_UF,other,LCN2,True,9,0,0,0
GSM7919587,LV_NOT_UF,other,CSF3R,True,9,0,0,0
GSM7919588,LV_NOT_UF,T/NK,MSLN,True,1090,15,13,0
GSM7919588,LV_NOT_UF,T/NK,UPK3B,True,1090,4,4,0
GSM7919588,LV_NOT_UF,T/NK,S100A8,True,1090,169,31,0
GSM7919588,LV_NOT_UF,T/NK,S100A9,True,1090,175,43,0
GSM7919588,LV_NOT_UF,T/NK,MPO,True,1090,2,2,0
GSM7919588,LV_NOT_UF,T/NK,FCGR3B,True,1090,4,4,0
GSM7919588,LV_NOT_UF,T/NK,LCN2,True,1090,0,0,0
GSM7919588,LV_NOT_UF,T/NK,CSF3R,True,1090,64,34,0
GSM7919588,LV_NOT_UF,B,MSLN,True,1023,104,73,1
GSM7919588,LV_NOT_UF,B,UPK3B,True,1023,15,14,1
GSM7919588,LV_NOT_UF,B,S100A8,True,1023,116,67,2
GSM7919588,LV_NOT_UF,B,S100A9,True,1023,314,111,7
GSM7919588,LV_NOT_UF,B,MPO,True,1023,2,2,1
GSM7919588,LV_NOT_UF,B,FCGR3B,True,1023,13,12,0
GSM7919588,LV_NOT_UF,B,LCN2,True,1023,0,0,0
GSM7919588,LV_NOT_UF,B,CSF3R,True,1023,1292,631,23
GSM7919588,LV_NOT_UF,monocyte/macrophage,MSLN,True,1434,72,60,2
GSM7919588,LV_NOT_UF,monocyte/macrophage,UPK3B,True,1434,8,8,3
GSM7919588,LV_NOT_UF,monocyte/macrophage,S100A8,True,1434,6136,638,42
GSM7919588,LV_NOT_UF,monocyte/macrophage,S100A9,True,1434,9985,836,62
GSM7919588,LV_NOT_UF,monocyte/macrophage,MPO,True,1434,59,54,4
GSM7919588,LV_NOT_UF,monocyte/macrophage,FCGR3B,True,1434,58,30,2
GSM7919588,LV_NOT_UF,monocyte/macrophage,LCN2,True,1434,0,0,0
GSM7919588,LV_NOT_UF,monocyte/macrophage,CSF3R,True,1434,2825,1037,71
GSM7919588,LV_NOT_UF,neutrophil,MSLN,True,695,4,4,0
GSM7919588,LV_NOT_UF,neutrophil,UPK3B,True,695,2,2,0
GSM7919588,LV_NOT_UF,neutrophil,S100A8,True,695,7866,592,8
GSM7919588,LV_NOT_UF,neutrophil,S100A9,True,695,7499,647,8
GSM7919588,LV_NOT_UF,neutrophil,MPO,True,695,5,5,0
GSM7919588,LV_NOT_UF,neutrophil,FCGR3B,True,695,1446,445,1
GSM7919588,LV_NOT_UF,neutrophil,LCN2,True,695,0,0,0
GSM7919588,LV_NOT_UF,neutrophil,CSF3R,True,695,1415,542,9
GSM7919588,LV_NOT_UF,mesothelial,MSLN,True,446,5470,334,72
GSM7919588,LV_NOT_UF,mesothelial,UPK3B,True,446,6470,300,70
GSM7919588,LV_NOT_UF,mesothelial,S100A8,True,446,178,40,10
GSM7919588,LV_NOT_UF,mesothelial,S100A9,True,446,171,62,15
GSM7919588,LV_NOT_UF,mesothelial,MPO,True,446,0,0,0
GSM7919588,LV_NOT_UF,mesothelial,FCGR3B,True,446,16,13,1
GSM7919588,LV_NOT_UF,mesothelial,LCN2,True,446,9,5,0
GSM7919588,LV_NOT_UF,mesothelial,CSF3R,True,446,69,48,12
GSM7919588,LV_NOT_UF,fibroblast,MSLN,True,91,208,20,6
GSM7919588,LV_NOT_UF,fibroblast,UPK3B,True,91,102,14,2
GSM7919588,LV_NOT_UF,fibroblast,S100A8,True,91,14,9,4
GSM7919588,LV_NOT_UF,fibroblast,S100A9,True,91,12,8,5
GSM7919588,LV_NOT_UF,fibroblast,MPO,True,91,0,0,0
GSM7919588,LV_NOT_UF,fibroblast,FCGR3B,True,91,2,2,1
GSM7919588,LV_NOT_UF,fibroblast,LCN2,True,91,0,0,0
GSM7919588,LV_NOT_UF,fibroblast,CSF3R,True,91,6,4,2
GSM7919588,LV_NOT_UF,other,MSLN,True,23,2,2,0
GSM7919588,LV_NOT_UF,other,UPK3B,True,23,0,0,0
GSM7919588,LV_NOT_UF,other,S100A8,True,23,5,2,0
GSM7919588,LV_NOT_UF,other,S100A9,True,23,4,1,0
GSM7919588,LV_NOT_UF,other,MPO,True,23,0,0,0
GSM7919588,LV_NOT_UF,other,FCGR3B,True,23,3,2,0
GSM7919588,LV_NOT_UF,other,LCN2,True,23,0,0,0
GSM7919588,LV_NOT_UF,other,CSF3R,True,23,1,1,0
GSM7919589,LV_NOT_UF,T/NK,MSLN,True,3227,27,26,0
GSM7919589,LV_NOT_UF,T/NK,UPK3B,True,3227,36,35,1
GSM7919589,LV_NOT_UF,T/NK,S100A8,True,3227,353,217,4
GSM7919589,LV_NOT_UF,T/NK,S100A9,True,3227,758,422,8
GSM7919589,LV_NOT_UF,T/NK,MPO,True,3227,2,2,0
GSM7919589,LV_NOT_UF,T/NK,FCGR3B,True,3227,11,8,0
GSM7919589,LV_NOT_UF,T/NK,LCN2,True,3227,0,0,0
GSM7919589,LV_NOT_UF,T/NK,CSF3R,True,3227,47,46,3
GSM7919589,LV_NOT_UF,B,MSLN,True,698,16,15,0
GSM7919589,LV_NOT_UF,B,UPK3B,True,698,11,10,2
GSM7919589,LV_NOT_UF,B,S100A8,True,698,158,79,5
GSM7919589,LV_NOT_UF,B,S100A9,True,698,671,168,7
GSM7919589,LV_NOT_UF,B,MPO,True,698,3,2,0
GSM7919589,LV_NOT_UF,B,FCGR3B,True,698,2,2,0
GSM7919589,LV_NOT_UF,B,LCN2,True,698,0,0,0
GSM7919589,LV_NOT_UF,B,CSF3R,True,698,153,119,4
GSM7919589,LV_NOT_UF,monocyte/macrophage,MSLN,True,2984,46,44,7
GSM7919589,LV_NOT_UF,monocyte/macrophage,UPK3B,True,2984,46,46,5
GSM7919589,LV_NOT_UF,monocyte/macrophage,S100A8,True,2984,21200,2033,276
GSM7919589,LV_NOT_UF,monocyte/macrophage,S100A9,True,2984,53319,2558,371
GSM7919589,LV_NOT_UF,monocyte/macrophage,MPO,True,2984,93,87,8
GSM7919589,LV_NOT_UF,monocyte/macrophage,FCGR3B,True,2984,28,26,4
GSM7919589,LV_NOT_UF,monocyte/macrophage,LCN2,True,2984,0,0,0
GSM7919589,LV_NOT_UF,monocyte/macrophage,CSF3R,True,2984,1510,1086,145
GSM7919589,LV_NOT_UF,neutrophil,MSLN,True,788,6,6,0
GSM7919589,LV_NOT_UF,neutrophil,UPK3B,True,788,10,10,0
GSM7919589,LV_NOT_UF,neutrophil,S100A8,True,788,21828,774,16
GSM7919589,LV_NOT_UF,neutrophil,S100A9,True,788,38604,781,16
GSM7919589,LV_NOT_UF,neutrophil,MPO,True,788,22,22,0
GSM7919589,LV_NOT_UF,neutrophil,FCGR3B,True,788,95,63,0
GSM7919589,LV_NOT_UF,neutrophil,LCN2,True,788,0,0,0
GSM7919589,LV_NOT_UF,neutrophil,CSF3R,True,788,779,468,10
GSM7919589,LV_NOT_UF,mesothelial,MSLN,True,143,2057,77,45
GSM7919589,LV_NOT_UF,mesothelial,UPK3B,True,143,2948,85,43
GSM7919589,LV_NOT_UF,mesothelial,S100A8,True,143,159,31,14
GSM7919589,LV_NOT_UF,mesothelial,S100A9,True,143,342,56,28
GSM7919589,LV_NOT_UF,mesothelial,MPO,True,143,1,1,1
GSM7919589,LV_NOT_UF,mesothelial,FCGR3B,True,143,3,3,2
GSM7919589,LV_NOT_UF,mesothelial,LCN2,True,143,7,5,4
GSM7919589,LV_NOT_UF,mesothelial,CSF3R,True,143,19,17,9
GSM7919589,LV_NOT_UF,fibroblast,MSLN,True,6,28,3,2
GSM7919589,LV_NOT_UF,fibroblast,UPK3B,True,6,4,1,0
GSM7919589,LV_NOT_UF,fibroblast,S100A8,True,6,0,0,0
GSM7919589,LV_NOT_UF,fibroblast,S100A9,True,6,1,1,1
GSM7919589,LV_NOT_UF,fibroblast,MPO,True,6,0,0,0
GSM7919589,LV_NOT_UF,fibroblast,FCGR3B,True,6,0,0,0
GSM7919589,LV_NOT_UF,fibroblast,LCN2,True,6,0,0,0
GSM7919589,LV_NOT_UF,fibroblast,CSF3R,True,6,0,0,0
GSM7919589,LV_NOT_UF,other,MSLN,True,11,0,0,0
GSM7919589,LV_NOT_UF,other,UPK3B,True,11,0,0,0
GSM7919589,LV_NOT_UF,other,S100A8,True,11,0,0,0
GSM7919589,LV_NOT_UF,other,S100A9,True,11,0,0,0
GSM7919589,LV_NOT_UF,other,MPO,True,11,0,0,0
GSM7919589,LV_NOT_UF,other,FCGR3B,True,11,0,0,0
GSM7919589,LV_NOT_UF,other,LCN2,True,11,0,0,0
GSM7919589,LV_NOT_UF,other,CSF3R,True,11,0,0,0
GSM7919590,LV_NOT_UF,T/NK,MSLN,True,6178,22,22,0
GSM7919590,LV_NOT_UF,T/NK,UPK3B,True,6178,83,80,0
GSM7919590,LV_NOT_UF,T/NK,S100A8,True,6178,108,91,0
GSM7919590,LV_NOT_UF,T/NK,S100A9,True,6178,252,174,0
GSM7919590,LV_NOT_UF,T/NK,MPO,True,6178,2,2,0
GSM7919590,LV_NOT_UF,T/NK,FCGR3B,True,6178,0,0,0
GSM7919590,LV_NOT_UF,T/NK,LCN2,True,6178,0,0,0
GSM7919590,LV_NOT_UF,T/NK,CSF3R,True,6178,13,13,0
GSM7919590,LV_NOT_UF,B,MSLN,True,1124,21,15,0
GSM7919590,LV_NOT_UF,B,UPK3B,True,1124,14,12,0
GSM7919590,LV_NOT_UF,B,S100A8,True,1124,49,26,1
GSM7919590,LV_NOT_UF,B,S100A9,True,1124,166,63,1
GSM7919590,LV_NOT_UF,B,MPO,True,1124,2,2,0
GSM7919590,LV_NOT_UF,B,FCGR3B,True,1124,1,1,0
GSM7919590,LV_NOT_UF,B,LCN2,True,1124,0,0,0
GSM7919590,LV_NOT_UF,B,CSF3R,True,1124,111,74,2
GSM7919590,LV_NOT_UF,monocyte/macrophage,MSLN,True,532,6,6,1
GSM7919590,LV_NOT_UF,monocyte/macrophage,UPK3B,True,532,7,7,0
GSM7919590,LV_NOT_UF,monocyte/macrophage,S100A8,True,532,3824,214,43
GSM7919590,LV_NOT_UF,monocyte/macrophage,S100A9,True,532,7028,297,58
GSM7919590,LV_NOT_UF,monocyte/macrophage,MPO,True,532,11,9,0
GSM7919590,LV_NOT_UF,monocyte/macrophage,FCGR3B,True,532,2,2,1
GSM7919590,LV_NOT_UF,monocyte/macrophage,LCN2,True,532,0,0,0
GSM7919590,LV_NOT_UF,monocyte/macrophage,CSF3R,True,532,243,149,24
GSM7919590,LV_NOT_UF,neutrophil,MSLN,True,60,0,0,0
GSM7919590,LV_NOT_UF,neutrophil,UPK3B,True,60,0,0,0
GSM7919590,LV_NOT_UF,neutrophil,S100A8,True,60,2759,57,1
GSM7919590,LV_NOT_UF,neutrophil,S100A9,True,60,4218,59,1
GSM7919590,LV_NOT_UF,neutrophil,MPO,True,60,4,3,0
GSM7919590,LV_NOT_UF,neutrophil,FCGR3B,True,60,15,6,0
GSM7919590,LV_NOT_UF,neutrophil,LCN2,True,60,0,0,0
GSM7919590,LV_NOT_UF,neutrophil,CSF3R,True,60,100,36,0
GSM7919590,LV_NOT_UF,mesothelial,MSLN,True,64,788,35,14
GSM7919590,LV_NOT_UF,mesothelial,UPK3B,True,64,1593,36,12
GSM7919590,LV_NOT_UF,mesothelial,S100A8,True,64,0,0,0
GSM7919590,LV_NOT_UF,mesothelial,S100A9,True,64,27,7,5
GSM7919590,LV_NOT_UF,mesothelial,MPO,True,64,0,0,0
GSM7919590,LV_NOT_UF,mesothelial,FCGR3B,True,64,0,0,0
GSM7919590,LV_NOT_UF,mesothelial,LCN2,True,64,9,6,2
GSM7919590,LV_NOT_UF,mesothelial,CSF3R,True,64,5,2,0
GSM7919590,LV_NOT_UF,fibroblast,MSLN,True,1,0,0,0
GSM7919590,LV_NOT_UF,fibroblast,UPK3B,True,1,0,0,0
GSM7919590,LV_NOT_UF,fibroblast,S100A8,True,1,0,0,0
GSM7919590,LV_NOT_UF,fibroblast,S100A9,True,1,0,0,0
GSM7919590,LV_NOT_UF,fibroblast,MPO,True,1,0,0,0
GSM7919590,LV_NOT_UF,fibroblast,FCGR3B,True,1,0,0,0
GSM7919590,LV_NOT_UF,fibroblast,LCN2,True,1,0,0,0
GSM7919590,LV_NOT_UF,fibroblast,CSF3R,True,1,0,0,0
GSM7919590,LV_NOT_UF,other,MSLN,True,20,0,0,0
GSM7919590,LV_NOT_UF,other,UPK3B,True,20,0,0,0
GSM7919590,LV_NOT_UF,other,S100A8,True,20,0,0,0
GSM7919590,LV_NOT_UF,other,S100A9,True,20,0,0,0
GSM7919590,LV_NOT_UF,other,MPO,True,20,0,0,0
GSM7919590,LV_NOT_UF,other,FCGR3B,True,20,0,0,0
GSM7919590,LV_NOT_UF,other,LCN2,True,20,0,0,0
GSM7919590,LV_NOT_UF,other,CSF3R,True,20,0,0,0
GSM7919591,LV_NOT_UF,T/NK,MSLN,True,5335,8,8,0
GSM7919591,LV_NOT_UF,T/NK,UPK3B,True,5335,16,16,0
GSM7919591,LV_NOT_UF,T/NK,S100A8,True,5335,456,299,0
GSM7919591,LV_NOT_UF,T/NK,S100A9,True,5335,744,489,0
GSM7919591,LV_NOT_UF,T/NK,MPO,True,5335,33,6,0
GSM7919591,LV_NOT_UF,T/NK,FCGR3B,True,5335,17,13,0
GSM7919591,LV_NOT_UF,T/NK,LCN2,True,5335,11,11,0
GSM7919591,LV_NOT_UF,T/NK,CSF3R,True,5335,108,96,0
GSM7919591,LV_NOT_UF,B,MSLN,True,493,22,12,1
GSM7919591,LV_NOT_UF,B,UPK3B,True,493,0,0,0
GSM7919591,LV_NOT_UF,B,S100A8,True,493,67,45,0
GSM7919591,LV_NOT_UF,B,S100A9,True,493,283,72,1
GSM7919591,LV_NOT_UF,B,MPO,True,493,2,2,0
GSM7919591,LV_NOT_UF,B,FCGR3B,True,493,3,3,0
GSM7919591,LV_NOT_UF,B,LCN2,True,493,0,0,0
GSM7919591,LV_NOT_UF,B,CSF3R,True,493,123,85,1
GSM7919591,LV_NOT_UF,monocyte/macrophage,MSLN,True,945,14,10,1
GSM7919591,LV_NOT_UF,monocyte/macrophage,UPK3B,True,945,1,1,0
GSM7919591,LV_NOT_UF,monocyte/macrophage,S100A8,True,945,16964,738,36
GSM7919591,LV_NOT_UF,monocyte/macrophage,S100A9,True,945,32427,824,43
GSM7919591,LV_NOT_UF,monocyte/macrophage,MPO,True,945,31,29,2
GSM7919591,LV_NOT_UF,monocyte/macrophage,FCGR3B,True,945,20,18,0
GSM7919591,LV_NOT_UF,monocyte/macrophage,LCN2,True,945,1,1,0
GSM7919591,LV_NOT_UF,monocyte/macrophage,CSF3R,True,945,940,531,25
GSM7919591,LV_NOT_UF,neutrophil,MSLN,True,489,1,1,0
GSM7919591,LV_NOT_UF,neutrophil,UPK3B,True,489,2,2,0
GSM7919591,LV_NOT_UF,neutrophil,S100A8,True,489,24804,466,7
GSM7919591,LV_NOT_UF,neutrophil,S100A9,True,489,43254,478,7
GSM7919591,LV_NOT_UF,neutrophil,MPO,True,489,5,5,0
GSM7919591,LV_NOT_UF,neutrophil,FCGR3B,True,489,262,97,1
GSM7919591,LV_NOT_UF,neutrophil,LCN2,True,489,242,4,1
GSM7919591,LV_NOT_UF,neutrophil,CSF3R,True,489,824,373,5
GSM7919591,LV_NOT_UF,mesothelial,MSLN,True,56,799,29,11
GSM7919591,LV_NOT_UF,mesothelial,UPK3B,True,56,1658,41,12
GSM7919591,LV_NOT_UF,mesothelial,S100A8,True,56,169,6,6
GSM7919591,LV_NOT_UF,mesothelial,S100A9,True,56,1086,15,5
GSM7919591,LV_NOT_UF,mesothelial,MPO,True,56,0,0,0
GSM7919591,LV_NOT_UF,mesothelial,FCGR3B,True,56,0,0,0
GSM7919591,LV_NOT_UF,mesothelial,LCN2,True,56,1973,6,5
GSM7919591,LV_NOT_UF,mesothelial,CSF3R,True,56,5,3,1
GSM7919591,LV_NOT_UF,fibroblast,MSLN,True,4,10,3,2
GSM7919591,LV_NOT_UF,fibroblast,UPK3B,True,4,39,2,2
GSM7919591,LV_NOT_UF,fibroblast,S100A8,True,4,0,0,0
GSM7919591,LV_NOT_UF,fibroblast,S100A9,True,4,1,1,1
GSM7919591,LV_NOT_UF,fibroblast,MPO,True,4,0,0,0
GSM7919591,LV_NOT_UF,fibroblast,FCGR3B,True,4,0,0,0
GSM7919591,LV_NOT_UF,fibroblast,LCN2,True,4,0,0,0
GSM7919591,LV_NOT_UF,fibroblast,CSF3R,True,4,0,0,0
GSM7919591,LV_NOT_UF,other,MSLN,True,35,0,0,0
GSM7919591,LV_NOT_UF,other,UPK3B,True,35,0,0,0
GSM7919591,LV_NOT_UF,other,S100A8,True,35,0,0,0
GSM7919591,LV_NOT_UF,other,S100A9,True,35,4,4,0
GSM7919591,LV_NOT_UF,other,MPO,True,35,0,0,0
GSM7919591,LV_NOT_UF,other,FCGR3B,True,35,0,0,0
GSM7919591,LV_NOT_UF,other,LCN2,True,35,0,0,0
GSM7919591,LV_NOT_UF,other,CSF3R,True,35,0,0,0
GSM7919592,LV_NOT_UF,T/NK,MSLN,True,4015,33,33,0
GSM7919592,LV_NOT_UF,T/NK,UPK3B,True,4015,65,65,0
GSM7919592,LV_NOT_UF,T/NK,S100A8,True,4015,125,118,1
GSM7919592,LV_NOT_UF,T/NK,S100A9,True,4015,271,243,1
GSM7919592,LV_NOT_UF,T/NK,MPO,True,4015,3,3,0
GSM7919592,LV_NOT_UF,T/NK,FCGR3B,True,4015,4,4,0
GSM7919592,LV_NOT_UF,T/NK,LCN2,True,4015,6,6,0
GSM7919592,LV_NOT_UF,T/NK,CSF3R,True,4015,30,29,0
GSM7919592,LV_NOT_UF,B,MSLN,True,530,22,18,1
GSM7919592,LV_NOT_UF,B,UPK3B,True,530,3,3,0
GSM7919592,LV_NOT_UF,B,S100A8,True,530,124,43,1
GSM7919592,LV_NOT_UF,B,S100A9,True,530,614,94,6
GSM7919592,LV_NOT_UF,B,MPO,True,530,4,4,0
GSM7919592,LV_NOT_UF,B,FCGR3B,True,530,2,2,0
GSM7919592,LV_NOT_UF,B,LCN2,True,530,2,2,0
GSM7919592,LV_NOT_UF,B,CSF3R,True,530,215,135,4
GSM7919592,LV_NOT_UF,monocyte/macrophage,MSLN,True,1116,18,14,3
GSM7919592,LV_NOT_UF,monocyte/macrophage,UPK3B,True,1116,17,17,5
GSM7919592,LV_NOT_UF,monocyte/macrophage,S100A8,True,1116,13178,728,107
GSM7919592,LV_NOT_UF,monocyte/macrophage,S100A9,True,1116,28338,896,139
GSM7919592,LV_NOT_UF,monocyte/macrophage,MPO,True,1116,73,66,9
GSM7919592,LV_NOT_UF,monocyte/macrophage,FCGR3B,True,1116,10,9,1
GSM7919592,LV_NOT_UF,monocyte/macrophage,LCN2,True,1116,6,6,1
GSM7919592,LV_NOT_UF,monocyte/macrophage,CSF3R,True,1116,1028,575,77
GSM7919592,LV_NOT_UF,neutrophil,MSLN,True,247,3,1,0
GSM7919592,LV_NOT_UF,neutrophil,UPK3B,True,247,4,4,0
GSM7919592,LV_NOT_UF,neutrophil,S100A8,True,247,14266,238,4
GSM7919592,LV_NOT_UF,neutrophil,S100A9,True,247,22110,241,4
GSM7919592,LV_NOT_UF,neutrophil,MPO,True,247,15,15,0
GSM7919592,LV_NOT_UF,neutrophil,FCGR3B,True,247,37,24,1
GSM7919592,LV_NOT_UF,neutrophil,LCN2,True,247,843,1,0
GSM7919592,LV_NOT_UF,neutrophil,CSF3R,True,247,486,191,2
GSM7919592,LV_NOT_UF,mesothelial,MSLN,True,152,1508,81,32
GSM7919592,LV_NOT_UF,mesothelial,UPK3B,True,152,2559,79,32
GSM7919592,LV_NOT_UF,mesothelial,S100A8,True,152,75,9,6
GSM7919592,LV_NOT_UF,mesothelial,S100A9,True,152,320,25,9
GSM7919592,LV_NOT_UF,mesothelial,MPO,True,152,1,1,1
GSM7919592,LV_NOT_UF,mesothelial,FCGR3B,True,152,0,0,0
GSM7919592,LV_NOT_UF,mesothelial,LCN2,True,152,529,10,2
GSM7919592,LV_NOT_UF,mesothelial,CSF3R,True,152,1,1,1
GSM7919592,LV_NOT_UF,fibroblast,MSLN,True,19,28,2,1
GSM7919592,LV_NOT_UF,fibroblast,UPK3B,True,19,38,1,1
GSM7919592,LV_NOT_UF,fibroblast,S100A8,True,19,0,0,0
GSM7919592,LV_NOT_UF,fibroblast,S100A9,True,19,2,2,0
GSM7919592,LV_NOT_UF,fibroblast,MPO,True,19,0,0,0
GSM7919592,LV_NOT_UF,fibroblast,FCGR3B,True,19,0,0,0
GSM7919592,LV_NOT_UF,fibroblast,LCN2,True,19,0,0,0
GSM7919592,LV_NOT_UF,fibroblast,CSF3R,True,19,0,0,0
GSM7919592,LV_NOT_UF,other,MSLN,True,38,0,0,0
GSM7919592,LV_NOT_UF,other,UPK3B,True,38,0,0,0
GSM7919592,LV_NOT_UF,other,S100A8,True,38,0,0,0
GSM7919592,LV_NOT_UF,other,S100A9,True,38,1,1,0
GSM7919592,LV_NOT_UF,other,MPO,True,38,0,0,0
GSM7919592,LV_NOT_UF,other,FCGR3B,True,38,0,0,0
GSM7919592,LV_NOT_UF,other,LCN2,True,38,0,0,0
GSM7919592,LV_NOT_UF,other,CSF3R,True,38,0,0,0
GSM7919593,SV,T/NK,MSLN,True,1522,6,5,0
GSM7919593,SV,T/NK,UPK3B,True,1522,6,5,0
GSM7919593,SV,T/NK,S100A8,True,1522,57,45,0
GSM7919593,SV,T/NK,S100A9,True,1522,137,104,0
GSM7919593,SV,T/NK,MPO,True,1522,0,0,0
GSM7919593,SV,T/NK,FCGR3B,True,1522,1,1,0
GSM7919593,SV,T/NK,LCN2,True,1522,0,0,0
GSM7919593,SV,T/NK,CSF3R,True,1522,22,18,0
GSM7919593,SV,B,MSLN,True,1149,51,39,0
GSM7919593,SV,B,UPK3B,True,1149,1,1,0
GSM7919593,SV,B,S100A8,True,1149,147,65,1
GSM7919593,SV,B,S100A9,True,1149,627,188,4
GSM7919593,SV,B,MPO,True,1149,4,4,0
GSM7919593,SV,B,FCGR3B,True,1149,2,1,0
GSM7919593,SV,B,LCN2,True,1149,0,0,0
GSM7919593,SV,B,CSF3R,True,1149,380,283,2
GSM7919593,SV,monocyte/macrophage,MSLN,True,4267,78,63,4
GSM7919593,SV,monocyte/macrophage,UPK3B,True,4267,15,12,1
GSM7919593,SV,monocyte/macrophage,S100A8,True,4267,20950,2234,78
GSM7919593,SV,monocyte/macrophage,S100A9,True,4267,64639,3134,161
GSM7919593,SV,monocyte/macrophage,MPO,True,4267,109,95,3
GSM7919593,SV,monocyte/macrophage,FCGR3B,True,4267,13,10,0
GSM7919593,SV,monocyte/macrophage,LCN2,True,4267,0,0,0
GSM7919593,SV,monocyte/macrophage,CSF3R,True,4267,2810,1746,88
GSM7919593,SV,neutrophil,MSLN,True,758,5,4,0
GSM7919593,SV,neutrophil,UPK3B,True,758,5,5,0
GSM7919593,SV,neutrophil,S100A8,True,758,25773,757,8
GSM7919593,SV,neutrophil,S100A9,True,758,55529,758,8
GSM7919593,SV,neutrophil,MPO,True,758,33,29,0
GSM7919593,SV,neutrophil,FCGR3B,True,758,13,4,0
GSM7919593,SV,neutrophil,LCN2,True,758,0,0,0
GSM7919593,SV,neutrophil,CSF3R,True,758,1096,548,6
GSM7919593,SV,mesothelial,MSLN,True,416,4189,364,38
GSM7919593,SV,mesothelial,UPK3B,True,416,3578,335,40
GSM7919593,SV,mesothelial,S100A8,True,416,360,58,8
GSM7919593,SV,mesothelial,S100A9,True,416,1045,105,15
GSM7919593,SV,mesothelial,MPO,True,416,4,4,1
GSM7919593,SV,mesothelial,FCGR3B,True,416,0,0,0
GSM7919593,SV,mesothelial,LCN2,True,416,43,5,2
GSM7919593,SV,mesothelial,CSF3R,True,416,38,26,5
GSM7919593,SV,fibroblast,MSLN,True,29,55,17,3
GSM7919593,SV,fibroblast,UPK3B,True,29,27,7,2
GSM7919593,SV,fibroblast,S100A8,True,29,14,4,1
GSM7919593,SV,fibroblast,S100A9,True,29,28,6,4
GSM7919593,SV,fibroblast,MPO,True,29,0,0,0
GSM7919593,SV,fibroblast,FCGR3B,True,29,0,0,0
GSM7919593,SV,fibroblast,LCN2,True,29,2,1,1
GSM7919593,SV,fibroblast,CSF3R,True,29,4,3,3
GSM7919593,SV,other,MSLN,True,28,0,0,0
GSM7919593,SV,other,UPK3B,True,28,0,0,0
GSM7919593,SV,other,S100A8,True,28,0,0,0
GSM7919593,SV,other,S100A9,True,28,1,1,0
GSM7919593,SV,other,MPO,True,28,0,0,0
GSM7919593,SV,other,FCGR3B,True,28,0,0,0
GSM7919593,SV,other,LCN2,True,28,0,0,0
GSM7919593,SV,other,CSF3R,True,28,0,0,0
GSM7919594,SV,T/NK,MSLN,True,2498,88,66,0
GSM7919594,SV,T/NK,UPK3B,True,2498,47,36,0
GSM7919594,SV,T/NK,S100A8,True,2498,115,63,0
GSM7919594,SV,T/NK,S100A9,True,2498,330,140,0
GSM7919594,SV,T/NK,MPO,True,2498,0,0,0
GSM7919594,SV,T/NK,FCGR3B,True,2498,4,3,0
GSM7919594,SV,T/NK,LCN2,True,2498,0,0,0
GSM7919594,SV,T/NK,CSF3R,True,2498,35,24,0
GSM7919594,SV,B,MSLN,True,554,72,41,0
GSM7919594,SV,B,UPK3B,True,554,15,11,0
GSM7919594,SV,B,S100A8,True,554,32,22,2
GSM7919594,SV,B,S100A9,True,554,179,87,4
GSM7919594,SV,B,MPO,True,554,0,0,0
GSM7919594,SV,B,FCGR3B,True,554,2,1,0
GSM7919594,SV,B,LCN2,True,554,0,0,0
GSM7919594,SV,B,CSF3R,True,554,345,174,2
GSM7919594,SV,monocyte/macrophage,MSLN,True,2340,235,119,9
GSM7919594,SV,monocyte/macrophage,UPK3B,True,2340,54,42,1
GSM7919594,SV,monocyte/macrophage,S100A8,True,2340,11962,798,47
GSM7919594,SV,monocyte/macrophage,S100A9,True,2340,33801,1379,94
GSM7919594,SV,monocyte/macrophage,MPO,True,2340,57,48,2
GSM7919594,SV,monocyte/macrophage,FCGR3B,True,2340,41,25,2
GSM7919594,SV,monocyte/macrophage,LCN2,True,2340,2,1,0
GSM7919594,SV,monocyte/macrophage,CSF3R,True,2340,2458,1190,67
GSM7919594,SV,neutrophil,MSLN,True,240,3,2,0
GSM7919594,SV,neutrophil,UPK3B,True,240,7,5,0
GSM7919594,SV,neutrophil,S100A8,True,240,13279,237,1
GSM7919594,SV,neutrophil,S100A9,True,240,26389,238,1
GSM7919594,SV,neutrophil,MPO,True,240,14,10,0
GSM7919594,SV,neutrophil,FCGR3B,True,240,118,32,0
GSM7919594,SV,neutrophil,LCN2,True,240,0,0,0
GSM7919594,SV,neutrophil,CSF3R,True,240,662,195,1
GSM7919594,SV,mesothelial,MSLN,True,876,13026,769,65
GSM7919594,SV,mesothelial,UPK3B,True,876,10694,643,57
GSM7919594,SV,mesothelial,S100A8,True,876,388,55,8
GSM7919594,SV,mesothelial,S100A9,True,876,793,126,10
GSM7919594,SV,mesothelial,MPO,True,876,4,3,1
GSM7919594,SV,mesothelial,FCGR3B,True,876,4,2,0
GSM7919594,SV,mesothelial,LCN2,True,876,140,21,2
GSM7919594,SV,mesothelial,CSF3R,True,876,78,39,3
GSM7919594,SV,fibroblast,MSLN,True,27,30,5,0
GSM7919594,SV,fibroblast,UPK3B,True,27,17,6,0
GSM7919594,SV,fibroblast,S100A8,True,27,0,0,0
GSM7919594,SV,fibroblast,S100A9,True,27,2,2,1
GSM7919594,SV,fibroblast,MPO,True,27,0,0,0
GSM7919594,SV,fibroblast,FCGR3B,True,27,0,0,0
GSM7919594,SV,fibroblast,LCN2,True,27,0,0,0
GSM7919594,SV,fibroblast,CSF3R,True,27,0,0,0
GSM7919594,SV,other,MSLN,True,17,0,0,0
GSM7919594,SV,other,UPK3B,True,17,0,0,0
GSM7919594,SV,other,S100A8,True,17,0,0,0
GSM7919594,SV,other,S100A9,True,17,0,0,0
GSM7919594,SV,other,MPO,True,17,0,0,0
GSM7919594,SV,other,FCGR3B,True,17,0,0,0
GSM7919594,SV,other,LCN2,True,17,0,0,0
GSM7919594,SV,other,CSF3R,True,17,0,0,0
GSM7919595,SV,T/NK,MSLN,True,4351,6,4,0
GSM7919595,SV,T/NK,UPK3B,True,4351,1,1,0
GSM7919595,SV,T/NK,S100A8,True,4351,101,22,0
GSM7919595,SV,T/NK,S100A9,True,4351,118,36,0
GSM7919595,SV,T/NK,MPO,True,4351,4,3,0
GSM7919595,SV,T/NK,FCGR3B,True,4351,5,5,0
GSM7919595,SV,T/NK,LCN2,True,4351,0,0,0
GSM7919595,SV,T/NK,CSF3R,True,4351,24,19,0
GSM7919595,SV,B,MSLN,True,2145,76,60,2
GSM7919595,SV,B,UPK3B,True,2145,2,2,0
GSM7919595,SV,B,S100A8,True,2145,74,40,1
GSM7919595,SV,B,S100A9,True,2145,354,117,6
GSM7919595,SV,B,MPO,True,2145,3,3,0
GSM7919595,SV,B,FCGR3B,True,2145,7,6,0
GSM7919595,SV,B,LCN2,True,2145,0,0,0
GSM7919595,SV,B,CSF3R,True,2145,758,493,13
GSM7919595,SV,monocyte/macrophage,MSLN,True,2024,46,41,1
GSM7919595,SV,monocyte/macrophage,UPK3B,True,2024,5,5,0
GSM7919595,SV,monocyte/macrophage,S100A8,True,2024,5275,716,46
GSM7919595,SV,monocyte/macrophage,S100A9,True,2024,12200,996,62
GSM7919595,SV,monocyte/macrophage,MPO,True,2024,40,38,4
GSM7919595,SV,monocyte/macrophage,FCGR3B,True,2024,33,23,1
GSM7919595,SV,monocyte/macrophage,LCN2,True,2024,0,0,0
GSM7919595,SV,monocyte/macrophage,CSF3R,True,2024,1821,974,43
GSM7919595,SV,neutrophil,MSLN,True,376,2,2,0
GSM7919595,SV,neutrophil,UPK3B,True,376,0,0,0
GSM7919595,SV,neutrophil,S100A8,True,376,4759,351,5
GSM7919595,SV,neutrophil,S100A9,True,376,7144,355,5
GSM7919595,SV,neutrophil,MPO,True,376,5,5,1
GSM7919595,SV,neutrophil,FCGR3B,True,376,304,121,0
GSM7919595,SV,neutrophil,LCN2,True,376,0,0,0
GSM7919595,SV,neutrophil,CSF3R,True,376,466,243,3
GSM7919595,SV,mesothelial,MSLN,True,449,3771,327,56
GSM7919595,SV,mesothelial,UPK3B,True,449,1816,268,52
GSM7919595,SV,mesothelial,S100A8,True,449,121,28,4
GSM7919595,SV,mesothelial,S100A9,True,449,128,41,6
GSM7919595,SV,mesothelial,MPO,True,449,0,0,0
GSM7919595,SV,mesothelial,FCGR3B,True,449,13,9,0
GSM7919595,SV,mesothelial,LCN2,True,449,8,4,0
GSM7919595,SV,mesothelial,CSF3R,True,449,30,25,7
GSM7919595,SV,fibroblast,MSLN,True,86,142,17,6
GSM7919595,SV,fibroblast,UPK3B,True,86,31,10,3
GSM7919595,SV,fibroblast,S100A8,True,86,8,5,3
GSM7919595,SV,fibroblast,S100A9,True,86,12,7,5
GSM7919595,SV,fibroblast,MPO,True,86,0,0,0
GSM7919595,SV,fibroblast,FCGR3B,True,86,2,2,2
GSM7919595,SV,fibroblast,LCN2,True,86,0,0,0
GSM7919595,SV,fibroblast,CSF3R,True,86,7,5,3
GSM7919595,SV,other,MSLN,True,101,2,2,0
GSM7919595,SV,other,UPK3B,True,101,1,1,0
GSM7919595,SV,other,S100A8,True,101,1,1,0
GSM7919595,SV,other,S100A9,True,101,0,0,0
GSM7919595,SV,other,MPO,True,101,0,0,0
GSM7919595,SV,other,FCGR3B,True,101,1,1,0
GSM7919595,SV,other,LCN2,True,101,0,0,0
GSM7919595,SV,other,CSF3R,True,101,0,0,0
GSM7919596,SV,T/NK,MSLN,True,2384,9,7,0
GSM7919596,SV,T/NK,UPK3B,True,2384,10,10,0
GSM7919596,SV,T/NK,S100A8,True,2384,44,36,1
GSM7919596,SV,T/NK,S100A9,True,2384,175,92,1
GSM7919596,SV,T/NK,MPO,True,2384,3,3,0
GSM7919596,SV,T/NK,FCGR3B,True,2384,1,1,0
GSM7919596,SV,T/NK,LCN2,True,2384,0,0,0
GSM7919596,SV,T/NK,CSF3R,True,2384,24,19,0
GSM7919596,SV,B,MSLN,True,1034,36,25,0
GSM7919596,SV,B,UPK3B,True,1034,7,4,0
GSM7919596,SV,B,S100A8,True,1034,133,66,3
GSM7919596,SV,B,S100A9,True,1034,942,192,11
GSM7919596,SV,B,MPO,True,1034,5,5,0
GSM7919596,SV,B,FCGR3B,True,1034,0,0,0
GSM7919596,SV,B,LCN2,True,1034,0,0,0
GSM7919596,SV,B,CSF3R,True,1034,539,366,12
GSM7919596,SV,monocyte/macrophage,MSLN,True,3957,57,42,5
GSM7919596,SV,monocyte/macrophage,UPK3B,True,3957,51,48,3
GSM7919596,SV,monocyte/macrophage,S100A8,True,3957,17014,2201,216
GSM7919596,SV,monocyte/macrophage,S100A9,True,3957,56608,3222,365
GSM7919596,SV,monocyte/macrophage,MPO,True,3957,172,160,19
GSM7919596,SV,monocyte/macrophage,FCGR3B,True,3957,10,7,0
GSM7919596,SV,monocyte/macrophage,LCN2,True,3957,0,0,0
GSM7919596,SV,monocyte/macrophage,CSF3R,True,3957,4342,2301,231
GSM7919596,SV,neutrophil,MSLN,True,301,6,3,0
GSM7919596,SV,neutrophil,UPK3B,True,301,4,4,0
GSM7919596,SV,neutrophil,S100A8,True,301,6212,300,6
GSM7919596,SV,neutrophil,S100A9,True,301,16270,301,6
GSM7919596,SV,neutrophil,MPO,True,301,19,17,0
GSM7919596,SV,neutrophil,FCGR3B,True,301,0,0,0
GSM7919596,SV,neutrophil,LCN2,True,301,0,0,0
GSM7919596,SV,neutrophil,CSF3R,True,301,610,259,6
GSM7919596,SV,mesothelial,MSLN,True,325,4082,283,46
GSM7919596,SV,mesothelial,UPK3B,True,325,6474,248,41
GSM7919596,SV,mesothelial,S100A8,True,325,243,36,6
GSM7919596,SV,mesothelial,S100A9,True,325,807,87,19
GSM7919596,SV,mesothelial,MPO,True,325,0,0,0
GSM7919596,SV,mesothelial,FCGR3B,True,325,0,0,0
GSM7919596,SV,mesothelial,LCN2,True,325,8,6,2
GSM7919596,SV,mesothelial,CSF3R,True,325,52,34,6
GSM7919596,SV,fibroblast,MSLN,True,26,37,6,2
GSM7919596,SV,fibroblast,UPK3B,True,26,9,4,1
GSM7919596,SV,fibroblast,S100A8,True,26,1,1,0
GSM7919596,SV,fibroblast,S100A9,True,26,1,1,0
GSM7919596,SV,fibroblast,MPO,True,26,0,0,0
GSM7919596,SV,fibroblast,FCGR3B,True,26,0,0,0
GSM7919596,SV,fibroblast,LCN2,True,26,0,0,0
GSM7919596,SV,fibroblast,CSF3R,True,26,0,0,0
GSM7919596,SV,other,MSLN,True,9,2,1,0
GSM7919596,SV,other,UPK3B,True,9,0,0,0
GSM7919596,SV,other,S100A8,True,9,0,0,0
GSM7919596,SV,other,S100A9,True,9,1,1,0
GSM7919596,SV,other,MPO,True,9,0,0,0
GSM7919596,SV,other,FCGR3B,True,9,0,0,0
GSM7919596,SV,other,LCN2,True,9,0,0,0
GSM7919596,SV,other,CSF3R,True,9,0,0,0
GSM7919597,SV,T/NK,MSLN,True,5066,84,82,0
GSM7919597,SV,T/NK,UPK3B,True,5066,84,84,0
GSM7919597,SV,T/NK,S100A8,True,5066,90,33,1
GSM7919597,SV,T/NK,S100A9,True,5066,276,127,3
GSM7919597,SV,T/NK,MPO,True,5066,0,0,0
GSM7919597,SV,T/NK,FCGR3B,True,5066,0,0,0
GSM7919597,SV,T/NK,LCN2,True,5066,0,0,0
GSM7919597,SV,T/NK,CSF3R,True,5066,20,17,0
GSM7919597,SV,B,MSLN,True,826,54,38,1
GSM7919597,SV,B,UPK3B,True,826,28,27,2
GSM7919597,SV,B,S100A8,True,826,49,27,1
GSM7919597,SV,B,S100A9,True,826,657,129,6
GSM7919597,SV,B,MPO,True,826,5,2,0
GSM7919597,SV,B,FCGR3B,True,826,0,0,0
GSM7919597,SV,B,LCN2,True,826,0,0,0
GSM7919597,SV,B,CSF3R,True,826,224,166,5
GSM7919597,SV,monocyte/macrophage,MSLN,True,1351,46,41,4
GSM7919597,SV,monocyte/macrophage,UPK3B,True,1351,39,36,5
GSM7919597,SV,monocyte/macrophage,S100A8,True,1351,3083,574,64
GSM7919597,SV,monocyte/macrophage,S100A9,True,1351,13781,1004,136
GSM7919597,SV,monocyte/macrophage,MPO,True,1351,16,16,0
GSM7919597,SV,monocyte/macrophage,FCGR3B,True,1351,5,5,2
GSM7919597,SV,monocyte/macrophage,LCN2,True,1351,0,0,0
GSM7919597,SV,monocyte/macrophage,CSF3R,True,1351,551,422,57
GSM7919597,SV,neutrophil,MSLN,True,224,4,4,0
GSM7919597,SV,neutrophil,UPK3B,True,224,4,4,0
GSM7919597,SV,neutrophil,S100A8,True,224,4412,219,4
GSM7919597,SV,neutrophil,S100A9,True,224,10827,224,4
GSM7919597,SV,neutrophil,MPO,True,224,1,1,0
GSM7919597,SV,neutrophil,FCGR3B,True,224,3,3,0
GSM7919597,SV,neutrophil,LCN2,True,224,0,0,0
GSM7919597,SV,neutrophil,CSF3R,True,224,197,119,2
GSM7919597,SV,mesothelial,MSLN,True,1123,20628,1023,228
GSM7919597,SV,mesothelial,UPK3B,True,1123,27578,981,222
GSM7919597,SV,mesothelial,S100A8,True,1123,345,73,20
GSM7919597,SV,mesothelial,S100A9,True,1123,1068,171,43
GSM7919597,SV,mesothelial,MPO,True,1123,0,0,0
GSM7919597,SV,mesothelial,FCGR3B,True,1123,0,0,0
GSM7919597,SV,mesothelial,LCN2,True,1123,69,44,18
GSM7919597,SV,mesothelial,CSF3R,True,1123,51,43,10
GSM7919597,SV,fibroblast,MSLN,True,77,175,26,14
GSM7919597,SV,fibroblast,UPK3B,True,77,275,19,10
GSM7919597,SV,fibroblast,S100A8,True,77,1,1,1
GSM7919597,SV,fibroblast,S100A9,True,77,27,9,7
GSM7919597,SV,fibroblast,MPO,True,77,0,0,0
GSM7919597,SV,fibroblast,FCGR3B,True,77,0,0,0
GSM7919597,SV,fibroblast,LCN2,True,77,0,0,0
GSM7919597,SV,fibroblast,CSF3R,True,77,1,1,0
GSM7919597,SV,other,MSLN,True,33,0,0,0
GSM7919597,SV,other,UPK3B,True,33,0,0,0
GSM7919597,SV,other,S100A8,True,33,2,1,0
GSM7919597,SV,other,S100A9,True,33,3,3,0
GSM7919597,SV,other,MPO,True,33,0,0,0
GSM7919597,SV,other,FCGR3B,True,33,0,0,0
GSM7919597,SV,other,LCN2,True,33,0,0,0
GSM7919597,SV,other,CSF3R,True,33,0,0,0
GSM7919598,SV,T/NK,MSLN,True,1683,7,7,0
GSM7919598,SV,T/NK,UPK3B,True,1683,3,3,0
GSM7919598,SV,T/NK,S100A8,True,1683,43,35,0
GSM7919598,SV,T/NK,S100A9,True,1683,228,141,2
GSM7919598,SV,T/NK,MPO,True,1683,1,1,0
GSM7919598,SV,T/NK,FCGR3B,True,1683,2,2,0
GSM7919598,SV,T/NK,LCN2,True,1683,0,0,0
GSM7919598,SV,T/NK,CSF3R,True,1683,20,20,0
GSM7919598,SV,B,MSLN,True,788,14,13,0
GSM7919598,SV,B,UPK3B,True,788,1,1,0
GSM7919598,SV,B,S100A8,True,788,188,83,2
GSM7919598,SV,B,S100A9,True,788,1020,173,3
GSM7919598,SV,B,MPO,True,788,4,4,0
GSM7919598,SV,B,FCGR3B,True,788,3,3,0
GSM7919598,SV,B,LCN2,True,788,0,0,0
GSM7919598,SV,B,CSF3R,True,788,273,198,4
GSM7919598,SV,monocyte/macrophage,MSLN,True,4331,38,38,1
GSM7919598,SV,monocyte/macrophage,UPK3B,True,4331,18,18,4
GSM7919598,SV,monocyte/macrophage,S100A8,True,4331,18476,2864,75
GSM7919598,SV,monocyte/macrophage,S100A9,True,4331,85355,3932,120
GSM7919598,SV,monocyte/macrophage,MPO,True,4331,200,196,1
GSM7919598,SV,monocyte/macrophage,FCGR3B,True,4331,15,9,0
GSM7919598,SV,monocyte/macrophage,LCN2,True,4331,0,0,0
GSM7919598,SV,monocyte/macrophage,CSF3R,True,4331,4266,2427,72
GSM7919598,SV,neutrophil,MSLN,True,702,8,8,0
GSM7919598,SV,neutrophil,UPK3B,True,702,1,1,0
GSM7919598,SV,neutrophil,S100A8,True,702,14149,698,6
GSM7919598,SV,neutrophil,S100A9,True,702,48389,699,6
GSM7919598,SV,neutrophil,MPO,True,702,37,36,1
GSM7919598,SV,neutrophil,FCGR3B,True,702,30,17,1
GSM7919598,SV,neutrophil,LCN2,True,702,0,0,0
GSM7919598,SV,neutrophil,CSF3R,True,702,1344,580,5
GSM7919598,SV,mesothelial,MSLN,True,184,2718,155,34
GSM7919598,SV,mesothelial,UPK3B,True,184,3388,152,34
GSM7919598,SV,mesothelial,S100A8,True,184,123,28,9
GSM7919598,SV,mesothelial,S100A9,True,184,502,63,18
GSM7919598,SV,mesothelial,MPO,True,184,0,0,0
GSM7919598,SV,mesothelial,FCGR3B,True,184,0,0,0
GSM7919598,SV,mesothelial,LCN2,True,184,2,2,0
GSM7919598,SV,mesothelial,CSF3R,True,184,40,20,5
GSM7919598,SV,fibroblast,MSLN,True,3,9,2,1
GSM7919598,SV,fibroblast,UPK3B,True,3,11,1,1
GSM7919598,SV,fibroblast,S100A8,True,3,1,1,1
GSM7919598,SV,fibroblast,S100A9,True,3,1,1,0
GSM7919598,SV,fibroblast,MPO,True,3,0,0,0
GSM7919598,SV,fibroblast,FCGR3B,True,3,0,0,0
GSM7919598,SV,fibroblast,LCN2,True,3,0,0,0
GSM7919598,SV,fibroblast,CSF3R,True,3,0,0,0
GSM7919598,SV,other,MSLN,True,15,0,0,0
GSM7919598,SV,other,UPK3B,True,15,0,0,0
GSM7919598,SV,other,S100A8,True,15,0,0,0
GSM7919598,SV,other,S100A9,True,15,3,3,0
GSM7919598,SV,other,MPO,True,15,0,0,0
GSM7919598,SV,other,FCGR3B,True,15,0,0,0
GSM7919598,SV,other,LCN2,True,15,0,0,0
GSM7919598,SV,other,CSF3R,True,15,0,0,0
