"Gene","logFC_baseline","P_baseline","adjP_baseline","B_baseline","t_baseline","logFC_bestP","P_bestP","adjP_bestP","B_bestP","t_bestP","logFC_maxmean","P_maxmean","adjP_maxmean","B_maxmean","t_maxmean","logFC_diff_bestP_vs_baseline","logFC_diff_maxmean_vs_baseline","Status_bestP_vs_baseline","Status_maxmean_vs_baseline"
"ISM1",1.89909017,0.00118,0.20263,-0.530324,4.62,1.89909017,0.00118,0.20263,-0.530324,4.62,1.72587675,1.08481499977859e-05,0.0311459108046291,3.43471670543672,9.33101925536403,0,0.17321342,"EXACT MATCH","DIFFERENT METHOD (MaxMean vs Best-P)"
"FN1",1.93177567,0.00526,0.41042,-1.937563,3.63,1.93177567,0.00526,0.41042,-1.937563,3.63,4.066665,1.78486594868935e-05,0.0311459108046291,3.06776053847595,8.74142422447424,0,2.13488933,"EXACT MATCH","DIFFERENT METHOD (MaxMean vs Best-P)"
"EDIL3",2.50904,0.00851,0.50937,-2.392737,3.33,2.50904,0.00851,0.50937,-2.392737,3.33,2.17692,0.00352379758897632,0.265625540009597,-1.50296640585369,4.02280046174183,0,0.332119999999999,"EXACT MATCH","DIFFERENT METHOD (MaxMean vs Best-P)"
"VCAN",2.75288333,0.000701,0.14869,-0.049363,4.98,2.75288333,0.000701,0.14869,-0.049363,4.98,2.4704625,0.000426454581990027,0.121903485934448,0.440101516048994,5.63034789563397,0,0.282420830000001,"EXACT MATCH","DIFFERENT METHOD (MaxMean vs Best-P)"
"COL3A1",2.83916,0.00084,0.16688,-0.216264,4.86,2.83916,0.00084,0.16688,-0.216264,4.86,2.277435,2.94244642378618e-05,0.0385092675713016,2.68550298535351,8.1807113492957,0,0.561725,"EXACT MATCH","DIFFERENT METHOD (MaxMean vs Best-P)"
"COMP",4.07950533,0.00335,0.33844,-1.510505,3.92,4.07950533,0.00335,0.33844,-1.510505,3.92,3.840111,0.000113749709660732,0.0738643436309189,1.58824610452034,6.80474622507819,0,0.23939433,"EXACT MATCH","DIFFERENT METHOD (MaxMean vs Best-P)"
"COL8A1",2.68166667,0.00742,0.47534,-2.26396,3.41,2.68166667,0.00742,0.47534,-2.26396,3.41,2.4462075,0.000592599362981658,0.141011712054954,0.144740565689883,5.36029546277841,0,0.235459170000001,"EXACT MATCH","DIFFERENT METHOD (MaxMean vs Best-P)"
"THBS3",1.15780833,0.00815,0.49792,-2.352584,3.36,1.15780833,0.00815,0.49792,-2.352584,3.36,1.0575675,0.00231506398673553,0.233064614818471,-1.1090050190136,4.32101597781503,0,0.100240830000001,"EXACT MATCH","DIFFERENT METHOD (MaxMean vs Best-P)"
"COL11A1",3.78661098,0.00898,0.52104,-2.443853,3.3,3.78661098,0.00898,0.52104,-2.443853,3.3,3.844883825,0.000281538306805745,0.105275216866291,0.807839708826173,5.98324485454524,0,0.0582728449999999,"EXACT MATCH","DIFFERENT METHOD (MaxMean vs Best-P)"
"INHBA",2.517965,0.017,0.66137,-3.045178,2.91,2.517965,0.017,0.66137,-3.045178,2.91,2.7397275,0.000393312535624151,0.120016149965187,0.512204124116047,5.69802182814339,0,0.2217625,"EXACT MATCH","DIFFERENT METHOD (MaxMean vs Best-P)"
"LOX",2.16197,0.0331,0.82192,-3.669743,2.5,2.16197,0.0331,0.82192,-3.669743,2.5,2.39167,0.00247273843321886,0.237519003631206,-1.17061667875515,4.27362822831939,0,0.229699999999999,"EXACT MATCH","DIFFERENT METHOD (MaxMean vs Best-P)"
