"Gene","Contrast","log2FC","SE","CI_95_Lower","CI_95_Upper","t_statistic","Raw_P","Adj_P_BH","Expected_Sign","Observed_Sign","Sign_Check","Permutation_Note"
"FN1","EPS_vs_PD",3.7829325,0.569772953985337,NA,NA,6.63936831950319,0.000135638452542629,0.0710067299060665,"UP (+)","UP (+)","PASSED","4 vs 2 (15 splits: min 1-sided P = 1/15 = 0.067, min 2-sided P = 2/15 = 0.133)"
"FN1","EPS_vs_Uremic",4.3503975,0.569772953985337,NA,NA,7.63531766394084,4.91628839155991e-05,0.0271030864424581,"UP (+)","UP (+)","PASSED","4 vs 2 (15 splits: min 1-sided P = 1/15 = 0.067, min 2-sided P = 2/15 = 0.133)"
"FN1","PD_vs_Uremic",0.567465,0.657917136720806,NA,NA,0.862517433165463,0.412553714734498,0.763510229889717,"UP (+) [Peritoneal Dialysis effect]","UP (+)","PASSED","2 vs 2 (6 splits: min 1-sided P = 1/6 = 0.167, min 2-sided P = 2/6 = 0.333)"
"FN1","EPS_vs_PooledControl",4.066665,0.465217668834119,NA,NA,8.74142422447424,1.78486594868935e-05,0.0311459108046291,"UP (+)","UP (+)","PASSED","4 vs 4 (70 splits: min 1-sided P = 1/70 = 0.0143, min 2-sided P = 2/70 = 0.0286)"
"THBS1","EPS_vs_PD",1.73538,0.868610375646753,NA,NA,1.99788080899663,0.0793794646063465,0.436941171587557,"UP (+)","UP (+)","PASSED","4 vs 2 (15 splits: min 1-sided P = 1/15 = 0.067, min 2-sided P = 2/15 = 0.133)"
"THBS1","EPS_vs_Uremic",2.148645,0.868610375646753,NA,NA,2.47365799470234,0.0373767521118643,0.691403877404981,"UP (+)","UP (+)","PASSED","4 vs 2 (15 splits: min 1-sided P = 1/15 = 0.067, min 2-sided P = 2/15 = 0.133)"
"THBS1","PD_vs_Uremic",0.413264999999998,1.00298486840111,NA,NA,0.412035129362218,0.690717387510345,0.901899749986975,"UP (+) [Peritoneal Dialysis effect]","UP (+)","PASSED","2 vs 2 (6 splits: min 1-sided P = 1/6 = 0.167, min 2-sided P = 2/6 = 0.333)"
"THBS1","EPS_vs_PooledControl",1.9420125,0.709217401873921,NA,NA,2.7382471085294,0.024588119061174,0.453284717816725,"UP (+)","UP (+)","PASSED","4 vs 4 (70 splits: min 1-sided P = 1/70 = 0.0143, min 2-sided P = 2/70 = 0.0286)"
"COL1A1","EPS_vs_PD",0.167300000000001,0.375684476906342,NA,NA,0.445320502400498,0.667438703560776,0.889182240269922,"UP (+)","UP (+)","PASSED","4 vs 2 (15 splits: min 1-sided P = 1/15 = 0.067, min 2-sided P = 2/15 = 0.133)"
"COL1A1","EPS_vs_Uremic",3.040435,0.375684476906342,NA,NA,8.09305464265423,3.18953819728348e-05,0.0229065860587393,"UP (+)","UP (+)","PASSED","4 vs 2 (15 splits: min 1-sided P = 1/15 = 0.067, min 2-sided P = 2/15 = 0.133)"
"COL1A1","PD_vs_Uremic",2.873135,0.433803067744481,NA,NA,6.62313204684928,0.000138025813827749,0.0691191403981495,"UP (+) [Peritoneal Dialysis effect]","UP (+)","PASSED","2 vs 2 (6 splits: min 1-sided P = 1/6 = 0.167, min 2-sided P = 2/6 = 0.333)"
"COL1A1","EPS_vs_PooledControl",1.6038675,0.30674509090165,NA,NA,5.2286655844616,0.000698220371452834,0.143843152384698,"UP (+)","UP (+)","PASSED","4 vs 4 (70 splits: min 1-sided P = 1/70 = 0.0143, min 2-sided P = 2/70 = 0.0286)"
"ACTA2","EPS_vs_PD",1.7528275,0.312557756235545,NA,NA,5.60801152756889,0.000438054271712428,0.105435131605267,"UP (+)","UP (+)","PASSED","4 vs 2 (15 splits: min 1-sided P = 1/15 = 0.067, min 2-sided P = 2/15 = 0.133)"
"ACTA2","EPS_vs_Uremic",2.8901575,0.312557756235545,NA,NA,9.24679500777438,1.16288021951959e-05,0.0143239481157295,"UP (+)","UP (+)","PASSED","4 vs 2 (15 splits: min 1-sided P = 1/15 = 0.067, min 2-sided P = 2/15 = 0.133)"
"ACTA2","PD_vs_Uremic",1.13733,0.360910609399795,NA,NA,3.15127893272911,0.0129027895553841,0.262806066619866,"UP (+) [Peritoneal Dialysis effect]","UP (+)","PASSED","2 vs 2 (6 splits: min 1-sided P = 1/6 = 0.167, min 2-sided P = 2/6 = 0.333)"
"ACTA2","EPS_vs_PooledControl",2.3214925,0.255202339308764,NA,NA,9.09667405983797,1.31796461354884e-05,0.0311459108046291,"UP (+)","UP (+)","PASSED","4 vs 4 (70 splits: min 1-sided P = 1/70 = 0.0143, min 2-sided P = 2/70 = 0.0286)"
"SULF1","EPS_vs_PD",2.6049625,0.512817947478994,NA,NA,5.07970228578379,0.000843104048988387,0.13281565587756,"UP (+)","UP (+)","PASSED","4 vs 2 (15 splits: min 1-sided P = 1/15 = 0.067, min 2-sided P = 2/15 = 0.133)"
"SULF1","EPS_vs_Uremic",2.8555025,0.512817947478994,NA,NA,5.56825772974134,0.000459561598434611,0.0899366343104743,"UP (+)","UP (+)","PASSED","4 vs 2 (15 splits: min 1-sided P = 1/15 = 0.067, min 2-sided P = 2/15 = 0.133)"
"SULF1","PD_vs_Uremic",0.25054,0.592151160044537,NA,NA,0.423101425624424,0.682937728864374,0.898931329451465,"UP (+) [Peritoneal Dialysis effect]","UP (+)","PASSED","2 vs 2 (6 splits: min 1-sided P = 1/6 = 0.167, min 2-sided P = 2/6 = 0.333)"
"SULF1","EPS_vs_PooledControl",2.7302325,0.418714100754973,NA,NA,6.52051720989855,0.000154226781198608,0.0830988778208119,"UP (+)","UP (+)","PASSED","4 vs 4 (70 splits: min 1-sided P = 1/70 = 0.0143, min 2-sided P = 2/70 = 0.0286)"
"LEP","EPS_vs_PD",1.745095,0.630147703780623,NA,NA,2.76934278984143,0.0234122930421912,0.304127429468663,"DESCRIPTIVE","UP (+)","DESCRIPTIVE","4 vs 2 (15 splits: min 1-sided P = 1/15 = 0.067, min 2-sided P = 2/15 = 0.133)"
"LEP","EPS_vs_Uremic",-5.13565,0.630147703780623,NA,NA,-8.14991464570647,3.02675749885249e-05,0.0229065860587393,"DOWN (-)","DOWN (-)","PASSED","4 vs 2 (15 splits: min 1-sided P = 1/15 = 0.067, min 2-sided P = 2/15 = 0.133)"
"LEP","PD_vs_Uremic",-6.880745,0.727631892813934,NA,NA,-9.45635432964661,9.79192875718666e-06,0.0292918554536412,"DOWN (-)","DOWN (-)","PASSED","2 vs 2 (6 splits: min 1-sided P = 1/6 = 0.167, min 2-sided P = 2/6 = 0.333)"
"LEP","EPS_vs_PooledControl",-1.6952775,0.514513445616336,NA,NA,-3.29491389281232,0.0103501592753149,0.37164912542437,"DOWN (-)","DOWN (-)","PASSED","4 vs 4 (70 splits: min 1-sided P = 1/70 = 0.0143, min 2-sided P = 2/70 = 0.0286)"
"RBP4","EPS_vs_PD",-0.196763,0.526658810315386,NA,NA,-0.373606206041004,0.718030961348697,0.9102866958392,"DESCRIPTIVE","DOWN (-)","DESCRIPTIVE","4 vs 2 (15 splits: min 1-sided P = 1/15 = 0.067, min 2-sided P = 2/15 = 0.133)"
"RBP4","EPS_vs_Uremic",-5.3019425,0.526658810315386,NA,NA,-10.0671296029871,6.03952837014811e-06,0.0126467724070901,"DOWN (-)","DOWN (-)","PASSED","4 vs 2 (15 splits: min 1-sided P = 1/15 = 0.067, min 2-sided P = 2/15 = 0.133)"
"RBP4","PD_vs_Uremic",-5.1051795,0.608133211813353,NA,NA,-8.39483751393415,2.4233434172932e-05,0.0456495745637057,"DOWN (-)","DOWN (-)","PASSED","2 vs 2 (6 splits: min 1-sided P = 1/6 = 0.167, min 2-sided P = 2/6 = 0.333)"
"RBP4","EPS_vs_PooledControl",-2.74935275,0.430015117937977,NA,NA,-6.39361881783085,0.00017722014759695,0.0875047392667642,"DOWN (-)","DOWN (-)","PASSED","4 vs 4 (70 splits: min 1-sided P = 1/70 = 0.0143, min 2-sided P = 2/70 = 0.0286)"
