Gene,Probe_ID,Mean_Expression_All,Mean_SPD,Mean_LPD,log2FC_LPD_vs_SPD,SE,Raw_P_Welch,Raw_P_Limma,Adj_P_Limma,Selected_By_MaxMean,Selected_By_Lowest_P,Note
ISM1,ILMN_3239288,3.865574892238214,3.8544495728863994,3.8826907681640823,0.028241195277682873,0.2477476226645463,0.9102474694032916,0.904,0.97555,True,True,MaxMean Probe
FN1,ILMN_1778237,3.287246127191527,3.1269987967355064,3.533780481739252,0.4067816850037458,0.3813659389522755,0.2960519657468631,0.269,0.69747,False,True,Lowest-P Probe
FN1,ILMN_2366463,3.832425757677022,3.70752420783435,4.0245819882042095,0.31705778036985954,0.3183757285316292,0.3277858113070286,0.319,0.73582,True,False,MaxMean Probe
EDIL3,NO PROBE,,,,,,,,,False,False,Unmapped on GPL10558
VCAN,ILMN_1687301,12.062394332969765,12.26819474652901,11.745778312109383,-0.5224164344196272,0.2292463733110816,0.031526175216370744,0.0244,0.30568,True,True,MaxMean Probe
COL3A1,ILMN_1773079,9.766202567156022,9.692583678526667,9.87946239581657,0.18687871728990402,0.37391335578843116,0.6210192172851302,0.616,0.88772,True,True,MaxMean Probe
COMP,NO PROBE,,,,,,,,,False,False,Unmapped on GPL10558
COL8A1,ILMN_1685433,7.924281417255887,7.778952906031284,8.147863742216815,0.3689108361855311,0.4487785347642244,0.4185415281001907,0.392,0.78344,True,False,MaxMean Probe
COL8A1,ILMN_2402392,6.354088597178648,6.058921686820453,6.808191536191254,0.7492698493708012,0.3959953531894211,0.0707899518839146,0.0488,0.40217,False,True,Lowest-P Probe
THBS3,ILMN_1804663,7.349677512393146,7.428762842902614,7.228007773147813,-0.20075506975480106,0.23782565440996295,0.4052569800256295,0.418,0.79401,True,True,MaxMean Probe
COL11A1,NO PROBE,,,,,,,,,False,False,Unmapped on GPL10558
INHBA,NO PROBE,,,,,,,,,False,False,Unmapped on GPL10558
LOX,ILMN_1695880,5.101581731492671,5.095084261934142,5.111577838505794,0.01649357657165229,0.5960570042135958,0.9781493386868442,0.976,0.99388,True,True,MaxMean Probe
