"Gene","Status","Discovery_Tissue_EPS_vs_Pooled_log2FC","Discovery_Tissue_Raw_P","Validation_Effluent_log2FC","Validation_Effluent_SE_Limma","Validation_Effluent_95_CI","Validation_Effluent_Raw_P_Limma","Concordance_Category","Compartment_Note"
"ISM1","MAPPED",1.725877,1.1e-05,0.028241,0.250281,"[-0.479, +0.536]",0.910779,"Flat (|log2FC| < 0.1)","Effluent cells (PD duration proxy) vs Tissue (EPS)"
"FN1","MAPPED",4.066665,1.8e-05,0.317058,0.324847,"[-0.342, +0.976]",0.335495,"Same direction (not significant, P >= 0.05)","Effluent cells (PD duration proxy) vs Tissue (EPS)"
"EDIL3","NOT MAPPED ON GPL10558",2.17692,0.003524,NA,NA,NA,NA,"Not mapped (No probe on array)","Unmapped on Illumina HT-12 v4 beadchip"
"VCAN","MAPPED",2.470463,0.000426,-0.522416,0.240506,"[-1.010, -0.035]",0.036433,"Discordant","Effluent cells (PD duration proxy) vs Tissue (EPS)"
"COL3A1","MAPPED",2.277435,2.9e-05,0.186879,0.377197,"[-0.578, +0.952]",0.623267,"Same direction (not significant, P >= 0.05)","Effluent cells (PD duration proxy) vs Tissue (EPS)"
"COMP","NOT MAPPED ON GPL10558",3.840111,0.000114,NA,NA,NA,NA,"Not mapped (No probe on array)","Unmapped on Illumina HT-12 v4 beadchip"
"COL8A1","MAPPED",2.446207,0.000593,0.368911,0.431555,"[-0.506, +1.244]",0.39823,"Same direction (not significant, P >= 0.05)","Effluent cells (PD duration proxy) vs Tissue (EPS)"
"THBS3","MAPPED",1.057567,0.002315,-0.200755,0.261041,"[-0.730, +0.328]",0.446822,"Discordant","Effluent cells (PD duration proxy) vs Tissue (EPS)"
"COL11A1","NOT MAPPED ON GPL10558",3.844884,0.000282,NA,NA,NA,NA,"Not mapped (No probe on array)","Unmapped on Illumina HT-12 v4 beadchip"
"INHBA","NOT MAPPED ON GPL10558",2.739727,0.000393,NA,NA,NA,NA,"Not mapped (No probe on array)","Unmapped on Illumina HT-12 v4 beadchip"
"LOX","MAPPED",2.39167,0.002473,0.016494,0.554207,"[-1.107, +1.140]",0.97642,"Flat (|log2FC| < 0.1)","Effluent cells (PD duration proxy) vs Tissue (EPS)"
