Gene,Degree,Weighted_Degree,Betweenness_Centrality,Closeness_Centrality,NetworkX_Version,Isolated_Status
COL11A1,7,4.02,0.2537,0.7364,3.4.2,CONNECTED
FN1,7,4.553,0.1241,0.7364,3.4.2,CONNECTED
COL3A1,6,4.328,0.0463,0.675,3.4.2,CONNECTED
COMP,5,2.775,0.1778,0.6231,3.4.2,CONNECTED
COL8A1,5,2.656,0.0259,0.6231,3.4.2,CONNECTED
VCAN,4,2.262,0.0111,0.54,3.4.2,CONNECTED
LOX,4,2.664,0.0056,0.5062,3.4.2,CONNECTED
INHBA,2,0.869,0.0,0.4765,3.4.2,CONNECTED
EDIL3,1,0.522,0.0,0.4263,3.4.2,CONNECTED
THBS3,1,0.705,0.0,0.3857,3.4.2,CONNECTED
ISM1,0,0.0,0.0,0.0,3.4.2,DEGREE 0 (ISOLATED)
