Node_A,Node_B,STRING_Functional_Score,Is_Physical_Binding,Experimental_Score,Database_Score,Textmining_Score
FN1,LOX,0.953,True,0.837,0.0,0.665
COL3A1,FN1,0.911,True,0.0,0.0,0.83
COL11A1,COL3A1,0.877,True,0.0,0.72,0.138
COL3A1,LOX,0.802,True,0.374,0.0,0.605
COMP,THBS3,0.705,True,0.0,0.0,0.211
FN1,VCAN,0.687,True,0.0,0.0,0.655
COL3A1,COL8A1,0.644,True,0.0,0.4,0.225
COL3A1,VCAN,0.619,True,0.0,0.0,0.537
COL11A1,COL8A1,0.613,True,0.0,0.4,0.235
COMP,FN1,0.609,True,0.0,0.0,0.595
COL11A1,EDIL3,0.522,True,0.0,0.0,0.464
COL11A1,FN1,0.519,True,0.0,0.0,0.467
COL11A1,VCAN,0.518,True,0.0,0.0,0.441
COL11A1,COMP,0.517,True,0.065,0.0,0.353
COL3A1,COMP,0.475,True,0.065,0.0,0.361
COL8A1,LOX,0.471,True,0.0,0.0,0.311
COL8A1,COMP,0.469,True,0.065,0.0,0.321
COL8A1,FN1,0.459,True,0.0,0.0,0.42
COL11A1,INHBA,0.454,True,0.0,0.0,0.387
LOX,VCAN,0.438,True,0.0,0.0,0.418
FN1,INHBA,0.415,True,0.0,0.0,0.356
