GSM,Sample,Group,Barcodes,Scrublet_Calls,Scrublet_Rate_%,scDblFinder_Calls,scDblFinder_Rate_%,Both_Flagged,Either_Flagged,Jaccard_Index
GSM7919583,LV_UF-1,LV_UF,2559,2,0.08,104,4.06,1,105,0.01
GSM7919584,LV_UF-2,LV_UF,6769,2,0.03,496,7.33,1,497,0.002
GSM7919585,LV_UF-3,LV_UF,5679,6,0.11,396,6.97,6,396,0.015
GSM7919586,LV_UF-4,LV_UF,8559,11,0.13,770,9.0,8,773,0.01
GSM7919587,LV_NOT_UF-1,LV_NOT_UF,7922,6,0.08,612,7.73,6,612,0.01
GSM7919588,LV_NOT_UF-2,LV_NOT_UF,5049,13,0.26,295,5.84,6,302,0.02
GSM7919589,LV_NOT_UF-3,LV_NOT_UF,8278,25,0.3,735,8.88,25,735,0.034
GSM7919590,LV_NOT_UF-4,LV_NOT_UF,8224,28,0.34,767,9.33,25,770,0.032
GSM7919591,LV_NOT_UF-5,LV_NOT_UF,7799,39,0.5,662,8.49,35,666,0.053
GSM7919592,LV_NOT_UF-6,LV_NOT_UF,6711,9,0.13,504,7.51,9,504,0.018
GSM7919593,SV-1,SV,8699,64,0.74,814,9.36,61,817,0.075
GSM7919594,SV-2,SV,7061,48,0.68,541,7.66,45,544,0.083
GSM7919595,SV-3,SV,10153,8,0.08,937,9.23,4,941,0.004
GSM7919596,SV-4,SV,8415,19,0.23,774,9.2,19,774,0.025
GSM7919597,SV-5,SV,9006,11,0.12,898,9.97,10,899,0.011
GSM7919598,SV-6,SV,8012,29,0.36,752,9.39,28,753,0.037
—,TOTAL,—,118895,320,0.27,10057,8.46,289,10088,0.029
