GSM,Sample_Title,Group,N_Cells_Raw,N_Genes_Raw
GSM7919583,LV_UF-1,LV_UF (Long Vintage with UFF),2559,37487
GSM7919584,LV_UF-2,LV_UF (Long Vintage with UFF),6769,37487
GSM7919585,LV_UF-3,LV_UF (Long Vintage with UFF),5679,37487
GSM7919586,LV_UF-4,LV_UF (Long Vintage with UFF),8559,37487
GSM7919587,LV_NOT_UF-1,LV_NOT_UF (Long Vintage without UFF),7922,37487
GSM7919588,LV_NOT_UF-2,LV_NOT_UF (Long Vintage without UFF),5049,37487
GSM7919589,LV_NOT_UF-3,LV_NOT_UF (Long Vintage without UFF),8278,37487
GSM7919590,LV_NOT_UF-4,LV_NOT_UF (Long Vintage without UFF),8224,37487
GSM7919591,LV_NOT_UF-5,LV_NOT_UF (Long Vintage without UFF),7799,37487
GSM7919592,LV_NOT_UF-6,LV_NOT_UF (Long Vintage without UFF),6711,37487
GSM7919593,SV-1,"SV (Short Vintage, <1yr)",8699,37487
GSM7919594,SV-2,"SV (Short Vintage, <1yr)",7061,37487
GSM7919595,SV-3,"SV (Short Vintage, <1yr)",10153,37487
GSM7919596,SV-4,"SV (Short Vintage, <1yr)",8415,37487
GSM7919597,SV-5,"SV (Short Vintage, <1yr)",9006,37487
GSM7919598,SV-6,"SV (Short Vintage, <1yr)",8012,37487
