GSM,Title,Characteristics
GSM3755687,Short-term PD rep1,sample type: Peritoneal cells from effluent of short-term PD patients
GSM3755688,Short-term PD rep2,sample type: Peritoneal cells from effluent of short-term PD patients
GSM3755689,Short-term PD rep3,sample type: Peritoneal cells from effluent of short-term PD patients
GSM3755690,Short-term PD rep4,sample type: Peritoneal cells from effluent of short-term PD patients
GSM3755691,Short-term PD rep5,sample type: Peritoneal cells from effluent of short-term PD patients
GSM3755692,Short-term PD rep6,sample type: Peritoneal cells from effluent of short-term PD patients
GSM3755693,HC rep1,sample type: Cells dissociated from normal peritoneum
GSM3755694,HC rep2,sample type: Cells dissociated from normal peritoneum
GSM3755695,HC rep3,sample type: Cells dissociated from normal peritoneum
GSM3755696,Long-term PD rep1,sample type: Peritoneal cells from effluent of long-term PD patients
GSM3755697,Long-term PD rep2,sample type: Peritoneal cells from effluent of long-term PD patients
GSM3755698,Long-term PD rep3,sample type: Peritoneal cells from effluent of long-term PD patients
GSM3755699,Long-term PD rep4,sample type: Peritoneal cells from effluent of long-term PD patients
