miRNA,mean_raw_UF_failure,mean_raw_nonUF,mean_norm_UF_failure,mean_norm_nonUF,pseudocount,log2FC_UF_vs_nonUF,direction,dataset,sample_size,analysis_note
hsa-miR-892b,148.67,0.0,94.3913,0.0,1.0,6.5758,UP,GSE182736,n=3 UF vs n=3 non-UF,EXPLORATORY_DESCRIPTIVE_ONLY_n3vs3; pseudocount=1.0; filter: raw>=10 in >=3 samples
hsa-miR-890,505.33,8.33,291.2374,6.0041,1.0,5.3828,UP,GSE182736,n=3 UF vs n=3 non-UF,EXPLORATORY_DESCRIPTIVE_ONLY_n3vs3; pseudocount=1.0; filter: raw>=10 in >=3 samples
hsa-miR-205-5p,1120.0,15.0,809.9274,19.4045,1.0,5.3126,UP,GSE182736,n=3 UF vs n=3 non-UF,EXPLORATORY_DESCRIPTIVE_ONLY_n3vs3; pseudocount=1.0; filter: raw>=10 in >=3 samples
hsa-miR-892a_R+1,618.0,9.33,372.0991,10.203,1.0,5.0576,UP,GSE182736,n=3 UF vs n=3 non-UF,EXPLORATORY_DESCRIPTIVE_ONLY_n3vs3; pseudocount=1.0; filter: raw>=10 in >=3 samples
hsa-miR-888-5p,2805.67,59.0,1682.6696,51.6525,1.0,4.999,UP,GSE182736,n=3 UF vs n=3 non-UF,EXPLORATORY_DESCRIPTIVE_ONLY_n3vs3; pseudocount=1.0; filter: raw>=10 in >=3 samples
hsa-miR-891b,654.0,22.0,397.3619,19.5712,1.0,4.2754,UP,GSE182736,n=3 UF vs n=3 non-UF,EXPLORATORY_DESCRIPTIVE_ONLY_n3vs3; pseudocount=1.0; filter: raw>=10 in >=3 samples
hsa-miR-514a-5p_R-2,71.0,1.83,43.558,1.3209,1.0,4.2629,UP,GSE182736,n=3 UF vs n=3 non-UF,EXPLORATORY_DESCRIPTIVE_ONLY_n3vs3; pseudocount=1.0; filter: raw>=10 in >=3 samples
hsa-miR-514a-5p_R-2,71.0,1.83,43.558,1.3209,1.0,4.2629,UP,GSE182736,n=3 UF vs n=3 non-UF,EXPLORATORY_DESCRIPTIVE_ONLY_n3vs3; pseudocount=1.0; filter: raw>=10 in >=3 samples
hsa-miR-10401-3p_L+1R-1,74.33,5.33,52.775,3.8426,1.0,3.4731,UP,GSE182736,n=3 UF vs n=3 non-UF,EXPLORATORY_DESCRIPTIVE_ONLY_n3vs3; pseudocount=1.0; filter: raw>=10 in >=3 samples
hsa-miR-508-3p_R-1,131.67,7.33,80.3161,7.7682,1.0,3.2132,UP,GSE182736,n=3 UF vs n=3 non-UF,EXPLORATORY_DESCRIPTIVE_ONLY_n3vs3; pseudocount=1.0; filter: raw>=10 in >=3 samples
hsa-miR-203a-3p,3999.0,229.33,2414.4965,268.2134,1.0,3.1655,UP,GSE182736,n=3 UF vs n=3 non-UF,EXPLORATORY_DESCRIPTIVE_ONLY_n3vs3; pseudocount=1.0; filter: raw>=10 in >=3 samples
hsa-miR-147b-3p,101.33,8.0,55.5391,5.7639,1.0,3.0633,UP,GSE182736,n=3 UF vs n=3 non-UF,EXPLORATORY_DESCRIPTIVE_ONLY_n3vs3; pseudocount=1.0; filter: raw>=10 in >=3 samples
hsa-miR-514a-3p,542.83,40.83,344.5965,48.0914,1.0,2.8155,UP,GSE182736,n=3 UF vs n=3 non-UF,EXPLORATORY_DESCRIPTIVE_ONLY_n3vs3; pseudocount=1.0; filter: raw>=10 in >=3 samples
hsa-miR-514a-3p,542.83,40.83,344.5965,48.0914,1.0,2.8155,UP,GSE182736,n=3 UF vs n=3 non-UF,EXPLORATORY_DESCRIPTIVE_ONLY_n3vs3; pseudocount=1.0; filter: raw>=10 in >=3 samples
hsa-miR-509-3-5p,129.67,8.33,76.4436,10.0757,1.0,2.8058,UP,GSE182736,n=3 UF vs n=3 non-UF,EXPLORATORY_DESCRIPTIVE_ONLY_n3vs3; pseudocount=1.0; filter: raw>=10 in >=3 samples
hsa-miR-513c-5p,76.33,5.67,49.3998,6.8821,1.0,2.6768,UP,GSE182736,n=3 UF vs n=3 non-UF,EXPLORATORY_DESCRIPTIVE_ONLY_n3vs3; pseudocount=1.0; filter: raw>=10 in >=3 samples
hsa-mir-1273c-p3,25.0,3.0,18.6623,2.1615,1.0,2.6368,UP,GSE182736,n=3 UF vs n=3 non-UF,EXPLORATORY_DESCRIPTIVE_ONLY_n3vs3; pseudocount=1.0; filter: raw>=10 in >=3 samples
hsa-miR-509-3p_R+1,47.11,3.44,29.4614,4.3037,1.0,2.5219,UP,GSE182736,n=3 UF vs n=3 non-UF,EXPLORATORY_DESCRIPTIVE_ONLY_n3vs3; pseudocount=1.0; filter: raw>=10 in >=3 samples
hsa-miR-509-3p_R+1,47.11,3.44,29.4614,4.3037,1.0,2.5219,UP,GSE182736,n=3 UF vs n=3 non-UF,EXPLORATORY_DESCRIPTIVE_ONLY_n3vs3; pseudocount=1.0; filter: raw>=10 in >=3 samples
hsa-miR-509-3p_R+1,47.11,3.44,29.4614,4.3037,1.0,2.5219,UP,GSE182736,n=3 UF vs n=3 non-UF,EXPLORATORY_DESCRIPTIVE_ONLY_n3vs3; pseudocount=1.0; filter: raw>=10 in >=3 samples
hsa-miR-365b-5p_L+1,40.33,2.67,24.9457,3.909,1.0,2.402,UP,GSE182736,n=3 UF vs n=3 non-UF,EXPLORATORY_DESCRIPTIVE_ONLY_n3vs3; pseudocount=1.0; filter: raw>=10 in >=3 samples
hsa-miR-95-5p,181.33,26.67,106.3641,24.9211,1.0,2.0503,UP,GSE182736,n=3 UF vs n=3 non-UF,EXPLORATORY_DESCRIPTIVE_ONLY_n3vs3; pseudocount=1.0; filter: raw>=10 in >=3 samples
hsa-miR-7706_R-1,43.67,9.33,30.3228,6.7246,1.0,2.0197,UP,GSE182736,n=3 UF vs n=3 non-UF,EXPLORATORY_DESCRIPTIVE_ONLY_n3vs3; pseudocount=1.0; filter: raw>=10 in >=3 samples
hsa-miR-3065-3p_R-1,101.33,14.67,62.0783,15.911,1.0,1.8992,UP,GSE182736,n=3 UF vs n=3 non-UF,EXPLORATORY_DESCRIPTIVE_ONLY_n3vs3; pseudocount=1.0; filter: raw>=10 in >=3 samples
hsa-miR-9985_R-1_1ss16CT,544.56,106.56,411.6641,113.1938,1.0,1.8535,UP,GSE182736,n=3 UF vs n=3 non-UF,EXPLORATORY_DESCRIPTIVE_ONLY_n3vs3; pseudocount=1.0; filter: raw>=10 in >=3 samples
hsa-miR-10527-5p,28.67,3.33,18.1219,4.522,1.0,1.792,UP,GSE182736,n=3 UF vs n=3 non-UF,EXPLORATORY_DESCRIPTIVE_ONLY_n3vs3; pseudocount=1.0; filter: raw>=10 in >=3 samples
hsa-miR-509-5p_R+2,28.0,3.5,19.7342,5.003,1.0,1.7882,UP,GSE182736,n=3 UF vs n=3 non-UF,EXPLORATORY_DESCRIPTIVE_ONLY_n3vs3; pseudocount=1.0; filter: raw>=10 in >=3 samples
hsa-miR-509-5p_R+2,28.0,3.5,19.7342,5.003,1.0,1.7882,UP,GSE182736,n=3 UF vs n=3 non-UF,EXPLORATORY_DESCRIPTIVE_ONLY_n3vs3; pseudocount=1.0; filter: raw>=10 in >=3 samples
hsa-miR-454-5p,25.33,4.33,17.8805,4.8613,1.0,1.6876,UP,GSE182736,n=3 UF vs n=3 non-UF,EXPLORATORY_DESCRIPTIVE_ONLY_n3vs3; pseudocount=1.0; filter: raw>=10 in >=3 samples
hsa-miR-183-5p,350.67,62.33,224.338,69.0851,1.0,1.6849,UP,GSE182736,n=3 UF vs n=3 non-UF,EXPLORATORY_DESCRIPTIVE_ONLY_n3vs3; pseudocount=1.0; filter: raw>=10 in >=3 samples
hsa-miR-95-3p,6300.67,1240.33,3794.9661,1186.3552,1.0,1.6767,UP,GSE182736,n=3 UF vs n=3 non-UF,EXPLORATORY_DESCRIPTIVE_ONLY_n3vs3; pseudocount=1.0; filter: raw>=10 in >=3 samples
hsa-miR-2355-3p_L-2R+2,72.67,12.33,41.1725,12.4308,1.0,1.6508,UP,GSE182736,n=3 UF vs n=3 non-UF,EXPLORATORY_DESCRIPTIVE_ONLY_n3vs3; pseudocount=1.0; filter: raw>=10 in >=3 samples
hsa-miR-3934-5p,45.67,8.0,26.7497,8.5633,1.0,1.5369,UP,GSE182736,n=3 UF vs n=3 non-UF,EXPLORATORY_DESCRIPTIVE_ONLY_n3vs3; pseudocount=1.0; filter: raw>=10 in >=3 samples
hsa-miR-941,148.67,32.67,99.7207,34.7999,1.0,1.4923,UP,GSE182736,n=3 UF vs n=3 non-UF,EXPLORATORY_DESCRIPTIVE_ONLY_n3vs3; pseudocount=1.0; filter: raw>=10 in >=3 samples
hsa-miR-941,148.67,32.67,99.7207,34.7999,1.0,1.4923,UP,GSE182736,n=3 UF vs n=3 non-UF,EXPLORATORY_DESCRIPTIVE_ONLY_n3vs3; pseudocount=1.0; filter: raw>=10 in >=3 samples
hsa-miR-18a-3p,26.33,6.67,14.8334,4.8033,1.0,1.448,UP,GSE182736,n=3 UF vs n=3 non-UF,EXPLORATORY_DESCRIPTIVE_ONLY_n3vs3; pseudocount=1.0; filter: raw>=10 in >=3 samples
hsa-miR-30a-5p,93156.5,19678.33,56049.6648,20747.5128,1.0,1.4337,UP,GSE182736,n=3 UF vs n=3 non-UF,EXPLORATORY_DESCRIPTIVE_ONLY_n3vs3; pseudocount=1.0; filter: raw>=10 in >=3 samples
hsa-miR-34a-3p_L-1R+1,122.33,32.33,76.6994,30.76,1.0,1.2907,UP,GSE182736,n=3 UF vs n=3 non-UF,EXPLORATORY_DESCRIPTIVE_ONLY_n3vs3; pseudocount=1.0; filter: raw>=10 in >=3 samples
hsa-miR-1277-5p_L-3,378.33,107.0,258.6151,106.2427,1.0,1.2755,UP,GSE182736,n=3 UF vs n=3 non-UF,EXPLORATORY_DESCRIPTIVE_ONLY_n3vs3; pseudocount=1.0; filter: raw>=10 in >=3 samples
hsa-miR-24-2-5p_L+1R-1,1278.67,326.0,798.0063,332.5498,1.0,1.2603,UP,GSE182736,n=3 UF vs n=3 non-UF,EXPLORATORY_DESCRIPTIVE_ONLY_n3vs3; pseudocount=1.0; filter: raw>=10 in >=3 samples
hsa-miR-215-5p_L-1R+2_1ss20AC,40.5,11.0,27.5142,10.97,1.0,1.2523,UP,GSE182736,n=3 UF vs n=3 non-UF,EXPLORATORY_DESCRIPTIVE_ONLY_n3vs3; pseudocount=1.0; filter: raw>=10 in >=3 samples
hsa-miR-27a-3p_R-1,106913.56,29983.39,73230.5701,30790.6401,1.0,1.2499,UP,GSE182736,n=3 UF vs n=3 non-UF,EXPLORATORY_DESCRIPTIVE_ONLY_n3vs3; pseudocount=1.0; filter: raw>=10 in >=3 samples
hsa-miR-331-3p,608.33,190.0,431.9507,181.9395,1.0,1.2428,UP,GSE182736,n=3 UF vs n=3 non-UF,EXPLORATORY_DESCRIPTIVE_ONLY_n3vs3; pseudocount=1.0; filter: raw>=10 in >=3 samples
hsa-miR-3615_R+1,325.67,100.67,251.125,106.7515,1.0,1.2264,UP,GSE182736,n=3 UF vs n=3 non-UF,EXPLORATORY_DESCRIPTIVE_ONLY_n3vs3; pseudocount=1.0; filter: raw>=10 in >=3 samples
hsa-miR-139-5p,6755.0,1795.67,3996.6088,1722.612,1.0,1.2137,UP,GSE182736,n=3 UF vs n=3 non-UF,EXPLORATORY_DESCRIPTIVE_ONLY_n3vs3; pseudocount=1.0; filter: raw>=10 in >=3 samples
hsa-miR-3065-5p,338.0,84.33,220.4217,96.8852,1.0,1.1776,UP,GSE182736,n=3 UF vs n=3 non-UF,EXPLORATORY_DESCRIPTIVE_ONLY_n3vs3; pseudocount=1.0; filter: raw>=10 in >=3 samples
hsa-miR-30d-5p,65773.0,18709.5,41996.7233,18577.3531,1.0,1.1767,UP,GSE182736,n=3 UF vs n=3 non-UF,EXPLORATORY_DESCRIPTIVE_ONLY_n3vs3; pseudocount=1.0; filter: raw>=10 in >=3 samples
hsa-mir-3976-p3_1ss16AT,28.67,21.0,37.3561,16.3726,1.0,1.1426,UP,GSE182736,n=3 UF vs n=3 non-UF,EXPLORATORY_DESCRIPTIVE_ONLY_n3vs3; pseudocount=1.0; filter: raw>=10 in >=3 samples
hsa-miR-182-5p_R-2,753.0,191.0,464.7675,211.6344,1.0,1.1312,UP,GSE182736,n=3 UF vs n=3 non-UF,EXPLORATORY_DESCRIPTIVE_ONLY_n3vs3; pseudocount=1.0; filter: raw>=10 in >=3 samples
hsa-miR-627-3p,16.0,5.33,9.6023,3.8426,1.0,1.1305,UP,GSE182736,n=3 UF vs n=3 non-UF,EXPLORATORY_DESCRIPTIVE_ONLY_n3vs3; pseudocount=1.0; filter: raw>=10 in >=3 samples
hsa-miR-30a-3p,5148.17,1409.5,3324.0907,1519.9926,1.0,1.1284,UP,GSE182736,n=3 UF vs n=3 non-UF,EXPLORATORY_DESCRIPTIVE_ONLY_n3vs3; pseudocount=1.0; filter: raw>=10 in >=3 samples
hsa-miR-30c-2-3p,154.67,46.0,104.0849,47.6168,1.0,1.112,UP,GSE182736,n=3 UF vs n=3 non-UF,EXPLORATORY_DESCRIPTIVE_ONLY_n3vs3; pseudocount=1.0; filter: raw>=10 in >=3 samples
hsa-miR-96-5p_R-2,519.33,128.0,310.7284,145.2027,1.0,1.0923,UP,GSE182736,n=3 UF vs n=3 non-UF,EXPLORATORY_DESCRIPTIVE_ONLY_n3vs3; pseudocount=1.0; filter: raw>=10 in >=3 samples
hsa-miR-548b-3p,53.33,12.0,30.6108,13.9233,1.0,1.0829,UP,GSE182736,n=3 UF vs n=3 non-UF,EXPLORATORY_DESCRIPTIVE_ONLY_n3vs3; pseudocount=1.0; filter: raw>=10 in >=3 samples
hsa-miR-574-5p,2439.33,682.33,1643.2194,785.3196,1.0,1.0642,UP,GSE182736,n=3 UF vs n=3 non-UF,EXPLORATORY_DESCRIPTIVE_ONLY_n3vs3; pseudocount=1.0; filter: raw>=10 in >=3 samples
hsa-miR-98-3p_1ss22CT,100.67,33.33,69.7231,32.9413,1.0,1.0591,UP,GSE182736,n=3 UF vs n=3 non-UF,EXPLORATORY_DESCRIPTIVE_ONLY_n3vs3; pseudocount=1.0; filter: raw>=10 in >=3 samples
hsa-miR-556-5p_R-1,23.67,8.0,15.9682,7.2482,1.0,1.0407,UP,GSE182736,n=3 UF vs n=3 non-UF,EXPLORATORY_DESCRIPTIVE_ONLY_n3vs3; pseudocount=1.0; filter: raw>=10 in >=3 samples
hsa-miR-1277-3p_R-1,371.33,101.33,228.1148,110.6737,1.0,1.0368,UP,GSE182736,n=3 UF vs n=3 non-UF,EXPLORATORY_DESCRIPTIVE_ONLY_n3vs3; pseudocount=1.0; filter: raw>=10 in >=3 samples
hsa-miR-3909,41.67,9.67,20.3989,9.4493,1.0,1.0341,UP,GSE182736,n=3 UF vs n=3 non-UF,EXPLORATORY_DESCRIPTIVE_ONLY_n3vs3; pseudocount=1.0; filter: raw>=10 in >=3 samples
hsa-miR-24-1-5p_L+1R-2,527.0,166.0,349.4327,173.5557,1.0,1.0054,UP,GSE182736,n=3 UF vs n=3 non-UF,EXPLORATORY_DESCRIPTIVE_ONLY_n3vs3; pseudocount=1.0; filter: raw>=10 in >=3 samples
hsa-miR-219a-5p_R+2,79.17,17.83,45.3793,22.201,1.0,0.9993,UNCHANGED,GSE182736,n=3 UF vs n=3 non-UF,EXPLORATORY_DESCRIPTIVE_ONLY_n3vs3; pseudocount=1.0; filter: raw>=10 in >=3 samples
hsa-miR-378d_R-2,1322.36,378.83,787.8398,394.2542,1.0,0.997,UNCHANGED,GSE182736,n=3 UF vs n=3 non-UF,EXPLORATORY_DESCRIPTIVE_ONLY_n3vs3; pseudocount=1.0; filter: raw>=10 in >=3 samples
hsa-miR-99b-5p,50538.0,16401.67,34107.0509,17297.9117,1.0,0.9794,UNCHANGED,GSE182736,n=3 UF vs n=3 non-UF,EXPLORATORY_DESCRIPTIVE_ONLY_n3vs3; pseudocount=1.0; filter: raw>=10 in >=3 samples
hsa-miR-378g_R+2,27.17,9.0,17.0677,8.1807,1.0,0.9767,UNCHANGED,GSE182736,n=3 UF vs n=3 non-UF,EXPLORATORY_DESCRIPTIVE_ONLY_n3vs3; pseudocount=1.0; filter: raw>=10 in >=3 samples
hsa-miR-23a-3p_R+1,86674.94,30934.72,61176.1927,31380.5003,1.0,0.9631,UNCHANGED,GSE182736,n=3 UF vs n=3 non-UF,EXPLORATORY_DESCRIPTIVE_ONLY_n3vs3; pseudocount=1.0; filter: raw>=10 in >=3 samples
hsa-miR-148b-5p_L+1,306.0,91.67,188.0642,96.9343,1.0,0.949,UNCHANGED,GSE182736,n=3 UF vs n=3 non-UF,EXPLORATORY_DESCRIPTIVE_ONLY_n3vs3; pseudocount=1.0; filter: raw>=10 in >=3 samples
hsa-miR-132-3p,4825.33,1700.67,3542.3548,1835.4407,1.0,0.9482,UNCHANGED,GSE182736,n=3 UF vs n=3 non-UF,EXPLORATORY_DESCRIPTIVE_ONLY_n3vs3; pseudocount=1.0; filter: raw>=10 in >=3 samples
hsa-miR-29b-3p_R-1,3466.06,1227.14,2407.8731,1259.204,1.0,0.9347,UNCHANGED,GSE182736,n=3 UF vs n=3 non-UF,EXPLORATORY_DESCRIPTIVE_ONLY_n3vs3; pseudocount=1.0; filter: raw>=10 in >=3 samples
hsa-miR-29b-3p_R-1,3466.06,1227.14,2407.8731,1259.204,1.0,0.9347,UNCHANGED,GSE182736,n=3 UF vs n=3 non-UF,EXPLORATORY_DESCRIPTIVE_ONLY_n3vs3; pseudocount=1.0; filter: raw>=10 in >=3 samples
hsa-miR-483-5p,23.0,7.0,13.8415,6.7826,1.0,0.9313,UNCHANGED,GSE182736,n=3 UF vs n=3 non-UF,EXPLORATORY_DESCRIPTIVE_ONLY_n3vs3; pseudocount=1.0; filter: raw>=10 in >=3 samples
hsa-miR-320b_R-2,904.97,284.31,570.0198,301.6819,1.0,0.9157,UNCHANGED,GSE182736,n=3 UF vs n=3 non-UF,EXPLORATORY_DESCRIPTIVE_ONLY_n3vs3; pseudocount=1.0; filter: raw>=10 in >=3 samples
hsa-miR-320b_R-2,904.97,284.31,570.0198,301.6819,1.0,0.9157,UNCHANGED,GSE182736,n=3 UF vs n=3 non-UF,EXPLORATORY_DESCRIPTIVE_ONLY_n3vs3; pseudocount=1.0; filter: raw>=10 in >=3 samples
hsa-miR-212-3p_R+1,165.67,54.67,110.5269,59.2712,1.0,0.8879,UNCHANGED,GSE182736,n=3 UF vs n=3 non-UF,EXPLORATORY_DESCRIPTIVE_ONLY_n3vs3; pseudocount=1.0; filter: raw>=10 in >=3 samples
hsa-miR-99b-3p_R+1,1336.67,446.67,879.5975,475.7261,1.0,0.8853,UNCHANGED,GSE182736,n=3 UF vs n=3 non-UF,EXPLORATORY_DESCRIPTIVE_ONLY_n3vs3; pseudocount=1.0; filter: raw>=10 in >=3 samples
hsa-miR-574-3p,7928.33,2934.0,5361.1738,2932.5386,1.0,0.8702,UNCHANGED,GSE182736,n=3 UF vs n=3 non-UF,EXPLORATORY_DESCRIPTIVE_ONLY_n3vs3; pseudocount=1.0; filter: raw>=10 in >=3 samples
hsa-miR-361-3p_R-1,2831.0,942.0,1790.6147,985.8293,1.0,0.8604,UNCHANGED,GSE182736,n=3 UF vs n=3 non-UF,EXPLORATORY_DESCRIPTIVE_ONLY_n3vs3; pseudocount=1.0; filter: raw>=10 in >=3 samples
hsa-miR-30c-5p_R+1,31810.89,10972.0,19940.5887,11144.0878,1.0,0.8394,UNCHANGED,GSE182736,n=3 UF vs n=3 non-UF,EXPLORATORY_DESCRIPTIVE_ONLY_n3vs3; pseudocount=1.0; filter: raw>=10 in >=3 samples
hsa-miR-30c-5p_R+1,31810.89,10972.0,19940.5887,11144.0878,1.0,0.8394,UNCHANGED,GSE182736,n=3 UF vs n=3 non-UF,EXPLORATORY_DESCRIPTIVE_ONLY_n3vs3; pseudocount=1.0; filter: raw>=10 in >=3 samples
hsa-miR-194-5p,1737.67,578.67,1108.1824,624.0045,1.0,0.8276,UNCHANGED,GSE182736,n=3 UF vs n=3 non-UF,EXPLORATORY_DESCRIPTIVE_ONLY_n3vs3; pseudocount=1.0; filter: raw>=10 in >=3 samples
hsa-miR-194-5p,1737.67,578.67,1108.1824,624.0045,1.0,0.8276,UNCHANGED,GSE182736,n=3 UF vs n=3 non-UF,EXPLORATORY_DESCRIPTIVE_ONLY_n3vs3; pseudocount=1.0; filter: raw>=10 in >=3 samples
hsa-miR-222-3p_R+2,18660.0,7288.33,14425.1824,8150.5842,1.0,0.8235,UNCHANGED,GSE182736,n=3 UF vs n=3 non-UF,EXPLORATORY_DESCRIPTIVE_ONLY_n3vs3; pseudocount=1.0; filter: raw>=10 in >=3 samples
hsa-miR-3200-3p_R+1,77.33,23.67,46.6127,25.9336,1.0,0.8219,UNCHANGED,GSE182736,n=3 UF vs n=3 non-UF,EXPLORATORY_DESCRIPTIVE_ONLY_n3vs3; pseudocount=1.0; filter: raw>=10 in >=3 samples
hsa-miR-664a-3p,760.67,290.67,502.2147,286.9153,1.0,0.8055,UNCHANGED,GSE182736,n=3 UF vs n=3 non-UF,EXPLORATORY_DESCRIPTIVE_ONLY_n3vs3; pseudocount=1.0; filter: raw>=10 in >=3 samples
hsa-miR-29b-1-5p_R-3,52.67,20.0,38.0511,21.5227,1.0,0.794,UNCHANGED,GSE182736,n=3 UF vs n=3 non-UF,EXPLORATORY_DESCRIPTIVE_ONLY_n3vs3; pseudocount=1.0; filter: raw>=10 in >=3 samples
hsa-miR-23a-5p,123.0,51.67,98.3176,56.367,1.0,0.7918,UNCHANGED,GSE182736,n=3 UF vs n=3 non-UF,EXPLORATORY_DESCRIPTIVE_ONLY_n3vs3; pseudocount=1.0; filter: raw>=10 in >=3 samples
hsa-miR-4521_R+1,37.33,11.33,23.9225,13.443,1.0,0.7871,UNCHANGED,GSE182736,n=3 UF vs n=3 non-UF,EXPLORATORY_DESCRIPTIVE_ONLY_n3vs3; pseudocount=1.0; filter: raw>=10 in >=3 samples
hsa-miR-378c_R-5,3786.25,1252.83,2288.1727,1335.927,1.0,0.7759,UNCHANGED,GSE182736,n=3 UF vs n=3 non-UF,EXPLORATORY_DESCRIPTIVE_ONLY_n3vs3; pseudocount=1.0; filter: raw>=10 in >=3 samples
hsa-miR-30d-3p,285.0,100.0,186.031,108.5866,1.0,0.7712,UNCHANGED,GSE182736,n=3 UF vs n=3 non-UF,EXPLORATORY_DESCRIPTIVE_ONLY_n3vs3; pseudocount=1.0; filter: raw>=10 in >=3 samples
hsa-miR-2355-5p_R+1,50.0,17.0,31.5779,18.0955,1.0,0.7707,UNCHANGED,GSE182736,n=3 UF vs n=3 non-UF,EXPLORATORY_DESCRIPTIVE_ONLY_n3vs3; pseudocount=1.0; filter: raw>=10 in >=3 samples
hsa-miR-221-3p_R-1,57695.0,22405.0,42263.2628,24787.5189,1.0,0.7698,UNCHANGED,GSE182736,n=3 UF vs n=3 non-UF,EXPLORATORY_DESCRIPTIVE_ONLY_n3vs3; pseudocount=1.0; filter: raw>=10 in >=3 samples
hsa-miR-139-3p,133.0,42.33,76.5942,44.5276,1.0,0.7692,UNCHANGED,GSE182736,n=3 UF vs n=3 non-UF,EXPLORATORY_DESCRIPTIVE_ONLY_n3vs3; pseudocount=1.0; filter: raw>=10 in >=3 samples
hsa-miR-1296-5p_R-2,163.67,72.0,130.2509,76.5298,1.0,0.7595,UNCHANGED,GSE182736,n=3 UF vs n=3 non-UF,EXPLORATORY_DESCRIPTIVE_ONLY_n3vs3; pseudocount=1.0; filter: raw>=10 in >=3 samples
hsa-miR-125a-5p_R-2,76413.0,30387.67,52227.9688,30944.0396,1.0,0.7551,UNCHANGED,GSE182736,n=3 UF vs n=3 non-UF,EXPLORATORY_DESCRIPTIVE_ONLY_n3vs3; pseudocount=1.0; filter: raw>=10 in >=3 samples
hsa-miR-22-3p,143780.33,52859.67,96943.9714,57708.2335,1.0,0.7484,UNCHANGED,GSE182736,n=3 UF vs n=3 non-UF,EXPLORATORY_DESCRIPTIVE_ONLY_n3vs3; pseudocount=1.0; filter: raw>=10 in >=3 samples
hsa-let-7i-3p,447.67,161.0,293.0355,174.2563,1.0,0.7465,UNCHANGED,GSE182736,n=3 UF vs n=3 non-UF,EXPLORATORY_DESCRIPTIVE_ONLY_n3vs3; pseudocount=1.0; filter: raw>=10 in >=3 samples
hsa-let-7i-5p,57901.0,19947.17,36351.5377,21693.8101,1.0,0.7447,UNCHANGED,GSE182736,n=3 UF vs n=3 non-UF,EXPLORATORY_DESCRIPTIVE_ONLY_n3vs3; pseudocount=1.0; filter: raw>=10 in >=3 samples
hsa-miR-320c_R-2,167.42,64.58,114.143,67.7267,1.0,0.7445,UNCHANGED,GSE182736,n=3 UF vs n=3 non-UF,EXPLORATORY_DESCRIPTIVE_ONLY_n3vs3; pseudocount=1.0; filter: raw>=10 in >=3 samples
hsa-miR-320d_R-1,167.42,64.58,114.143,67.7267,1.0,0.7445,UNCHANGED,GSE182736,n=3 UF vs n=3 non-UF,EXPLORATORY_DESCRIPTIVE_ONLY_n3vs3; pseudocount=1.0; filter: raw>=10 in >=3 samples
hsa-miR-320d_R-1,167.42,64.58,114.143,67.7267,1.0,0.7445,UNCHANGED,GSE182736,n=3 UF vs n=3 non-UF,EXPLORATORY_DESCRIPTIVE_ONLY_n3vs3; pseudocount=1.0; filter: raw>=10 in >=3 samples
hsa-miR-320c_R+2_1ss20TA,222.92,83.75,146.2328,87.8274,1.0,0.729,UNCHANGED,GSE182736,n=3 UF vs n=3 non-UF,EXPLORATORY_DESCRIPTIVE_ONLY_n3vs3; pseudocount=1.0; filter: raw>=10 in >=3 samples
hsa-miR-30b-5p,35200.22,13764.33,23222.0246,14141.8088,1.0,0.7155,UNCHANGED,GSE182736,n=3 UF vs n=3 non-UF,EXPLORATORY_DESCRIPTIVE_ONLY_n3vs3; pseudocount=1.0; filter: raw>=10 in >=3 samples
hsa-miR-365b-3p,1312.17,574.0,896.3345,547.8914,1.0,0.7091,UNCHANGED,GSE182736,n=3 UF vs n=3 non-UF,EXPLORATORY_DESCRIPTIVE_ONLY_n3vs3; pseudocount=1.0; filter: raw>=10 in >=3 samples
hsa-miR-365b-3p,1312.17,574.0,896.3345,547.8914,1.0,0.7091,UNCHANGED,GSE182736,n=3 UF vs n=3 non-UF,EXPLORATORY_DESCRIPTIVE_ONLY_n3vs3; pseudocount=1.0; filter: raw>=10 in >=3 samples
hsa-miR-561-5p,34.67,9.67,18.804,11.1755,1.0,0.7018,UNCHANGED,GSE182736,n=3 UF vs n=3 non-UF,EXPLORATORY_DESCRIPTIVE_ONLY_n3vs3; pseudocount=1.0; filter: raw>=10 in >=3 samples
hsa-miR-942-5p_L-2R+3,20.33,7.33,10.9189,6.3438,1.0,0.6987,UNCHANGED,GSE182736,n=3 UF vs n=3 non-UF,EXPLORATORY_DESCRIPTIVE_ONLY_n3vs3; pseudocount=1.0; filter: raw>=10 in >=3 samples
hsa-miR-584-5p_R-1,208.33,76.67,127.1214,78.322,1.0,0.6917,UNCHANGED,GSE182736,n=3 UF vs n=3 non-UF,EXPLORATORY_DESCRIPTIVE_ONLY_n3vs3; pseudocount=1.0; filter: raw>=10 in >=3 samples
hsa-miR-1260a_R+3_1ss9TG,70.67,31.33,50.8919,31.3117,1.0,0.6835,UNCHANGED,GSE182736,n=3 UF vs n=3 non-UF,EXPLORATORY_DESCRIPTIVE_ONLY_n3vs3; pseudocount=1.0; filter: raw>=10 in >=3 samples
hsa-let-7c-3p,14.0,3.67,8.553,4.9742,1.0,0.6772,UNCHANGED,GSE182736,n=3 UF vs n=3 non-UF,EXPLORATORY_DESCRIPTIVE_ONLY_n3vs3; pseudocount=1.0; filter: raw>=10 in >=3 samples
hsa-miR-210-3p,1973.33,685.33,1144.599,720.2626,1.0,0.6675,UNCHANGED,GSE182736,n=3 UF vs n=3 non-UF,EXPLORATORY_DESCRIPTIVE_ONLY_n3vs3; pseudocount=1.0; filter: raw>=10 in >=3 samples
hsa-miR-1306-5p,23.0,14.67,21.6054,13.3302,1.0,0.6576,UNCHANGED,GSE182736,n=3 UF vs n=3 non-UF,EXPLORATORY_DESCRIPTIVE_ONLY_n3vs3; pseudocount=1.0; filter: raw>=10 in >=3 samples
hsa-miR-125a-3p_R-1,253.0,102.67,176.6658,111.6877,1.0,0.6568,UNCHANGED,GSE182736,n=3 UF vs n=3 non-UF,EXPLORATORY_DESCRIPTIVE_ONLY_n3vs3; pseudocount=1.0; filter: raw>=10 in >=3 samples
hsa-miR-132-5p,314.33,136.67,237.1142,150.5689,1.0,0.6517,UNCHANGED,GSE182736,n=3 UF vs n=3 non-UF,EXPLORATORY_DESCRIPTIVE_ONLY_n3vs3; pseudocount=1.0; filter: raw>=10 in >=3 samples
hsa-miR-27b-3p,246527.22,96433.06,163212.074,104419.799,1.0,0.6443,UNCHANGED,GSE182736,n=3 UF vs n=3 non-UF,EXPLORATORY_DESCRIPTIVE_ONLY_n3vs3; pseudocount=1.0; filter: raw>=10 in >=3 samples
hsa-miR-675-3p_R+2,36.0,14.67,20.3967,12.8697,1.0,0.6255,UNCHANGED,GSE182736,n=3 UF vs n=3 non-UF,EXPLORATORY_DESCRIPTIVE_ONLY_n3vs3; pseudocount=1.0; filter: raw>=10 in >=3 samples
hsa-miR-192-5p,2910.83,1120.0,1875.6111,1224.0461,1.0,0.6153,UNCHANGED,GSE182736,n=3 UF vs n=3 non-UF,EXPLORATORY_DESCRIPTIVE_ONLY_n3vs3; pseudocount=1.0; filter: raw>=10 in >=3 samples
hsa-miR-331-5p_R-2,189.0,68.67,116.5598,77.0134,1.0,0.5916,UNCHANGED,GSE182736,n=3 UF vs n=3 non-UF,EXPLORATORY_DESCRIPTIVE_ONLY_n3vs3; pseudocount=1.0; filter: raw>=10 in >=3 samples
hsa-miR-23b-5p,125.67,55.0,87.414,57.7188,1.0,0.5905,UNCHANGED,GSE182736,n=3 UF vs n=3 non-UF,EXPLORATORY_DESCRIPTIVE_ONLY_n3vs3; pseudocount=1.0; filter: raw>=10 in >=3 samples
hsa-miR-98-5p,3553.22,1459.83,2362.3836,1577.0957,1.0,0.5827,UNCHANGED,GSE182736,n=3 UF vs n=3 non-UF,EXPLORATORY_DESCRIPTIVE_ONLY_n3vs3; pseudocount=1.0; filter: raw>=10 in >=3 samples
hsa-miR-320a-3p,97438.55,38392.56,60929.8156,40738.4503,1.0,0.5807,UNCHANGED,GSE182736,n=3 UF vs n=3 non-UF,EXPLORATORY_DESCRIPTIVE_ONLY_n3vs3; pseudocount=1.0; filter: raw>=10 in >=3 samples
hsa-miR-22-5p_R-1,3842.67,1742.33,2815.6818,1885.2583,1.0,0.5785,UNCHANGED,GSE182736,n=3 UF vs n=3 non-UF,EXPLORATORY_DESCRIPTIVE_ONLY_n3vs3; pseudocount=1.0; filter: raw>=10 in >=3 samples
hsa-miR-374a-5p_R-1,10577.5,4379.0,6640.8016,4455.4755,1.0,0.5757,UNCHANGED,GSE182736,n=3 UF vs n=3 non-UF,EXPLORATORY_DESCRIPTIVE_ONLY_n3vs3; pseudocount=1.0; filter: raw>=10 in >=3 samples
hsa-miR-374a-3p,1580.67,638.33,1000.6297,671.7979,1.0,0.5741,UNCHANGED,GSE182736,n=3 UF vs n=3 non-UF,EXPLORATORY_DESCRIPTIVE_ONLY_n3vs3; pseudocount=1.0; filter: raw>=10 in >=3 samples
hsa-miR-34a-5p,4034.67,1590.0,2468.8218,1673.8991,1.0,0.5603,UNCHANGED,GSE182736,n=3 UF vs n=3 non-UF,EXPLORATORY_DESCRIPTIVE_ONLY_n3vs3; pseudocount=1.0; filter: raw>=10 in >=3 samples
hsa-let-7e-3p_R-1,292.67,134.0,201.9437,136.7048,1.0,0.5595,UNCHANGED,GSE182736,n=3 UF vs n=3 non-UF,EXPLORATORY_DESCRIPTIVE_ONLY_n3vs3; pseudocount=1.0; filter: raw>=10 in >=3 samples
hsa-miR-151a-3p,8322.0,3580.0,5690.191,3879.9389,1.0,0.5523,UNCHANGED,GSE182736,n=3 UF vs n=3 non-UF,EXPLORATORY_DESCRIPTIVE_ONLY_n3vs3; pseudocount=1.0; filter: raw>=10 in >=3 samples
hsa-miR-130b-5p_R+1,107.0,55.67,82.7506,56.1387,1.0,0.5516,UNCHANGED,GSE182736,n=3 UF vs n=3 non-UF,EXPLORATORY_DESCRIPTIVE_ONLY_n3vs3; pseudocount=1.0; filter: raw>=10 in >=3 samples
hsa-miR-1307-3p_R+1,1546.33,649.0,1067.5314,728.4693,1.0,0.5507,UNCHANGED,GSE182736,n=3 UF vs n=3 non-UF,EXPLORATORY_DESCRIPTIVE_ONLY_n3vs3; pseudocount=1.0; filter: raw>=10 in >=3 samples
hsa-miR-10a-5p_R-1,104305.17,41474.5,63888.757,43650.5827,1.0,0.5496,UNCHANGED,GSE182736,n=3 UF vs n=3 non-UF,EXPLORATORY_DESCRIPTIVE_ONLY_n3vs3; pseudocount=1.0; filter: raw>=10 in >=3 samples
hsa-miR-378a-5p,1038.0,431.33,681.1904,465.1598,1.0,0.5493,UNCHANGED,GSE182736,n=3 UF vs n=3 non-UF,EXPLORATORY_DESCRIPTIVE_ONLY_n3vs3; pseudocount=1.0; filter: raw>=10 in >=3 samples
hsa-miR-24-3p_R-2,36374.0,15735.0,24756.1445,16961.0945,1.0,0.5455,UNCHANGED,GSE182736,n=3 UF vs n=3 non-UF,EXPLORATORY_DESCRIPTIVE_ONLY_n3vs3; pseudocount=1.0; filter: raw>=10 in >=3 samples
hsa-miR-24-3p_R-2,36374.0,15735.0,24756.1445,16961.0945,1.0,0.5455,UNCHANGED,GSE182736,n=3 UF vs n=3 non-UF,EXPLORATORY_DESCRIPTIVE_ONLY_n3vs3; pseudocount=1.0; filter: raw>=10 in >=3 samples
hsa-miR-224-5p_L-1R-2,7246.0,3111.33,4792.6288,3333.1774,1.0,0.5238,UNCHANGED,GSE182736,n=3 UF vs n=3 non-UF,EXPLORATORY_DESCRIPTIVE_ONLY_n3vs3; pseudocount=1.0; filter: raw>=10 in >=3 samples
hsa-miR-23b-3p_R-1,64552.28,27860.56,43717.96,30443.9821,1.0,0.5221,UNCHANGED,GSE182736,n=3 UF vs n=3 non-UF,EXPLORATORY_DESCRIPTIVE_ONLY_n3vs3; pseudocount=1.0; filter: raw>=10 in >=3 samples
hsa-let-7f-1-3p_1ss22CT,84.33,46.0,61.981,42.8793,1.0,0.5214,UNCHANGED,GSE182736,n=3 UF vs n=3 non-UF,EXPLORATORY_DESCRIPTIVE_ONLY_n3vs3; pseudocount=1.0; filter: raw>=10 in >=3 samples
hsa-miR-652-3p_R+1,2609.0,1057.0,1648.8254,1158.8065,1.0,0.5084,UNCHANGED,GSE182736,n=3 UF vs n=3 non-UF,EXPLORATORY_DESCRIPTIVE_ONLY_n3vs3; pseudocount=1.0; filter: raw>=10 in >=3 samples
hsa-miR-27b-5p,513.67,218.0,341.5675,242.397,1.0,0.4931,UNCHANGED,GSE182736,n=3 UF vs n=3 non-UF,EXPLORATORY_DESCRIPTIVE_ONLY_n3vs3; pseudocount=1.0; filter: raw>=10 in >=3 samples
hsa-miR-193b-5p,91.67,43.33,61.2578,43.4061,1.0,0.4875,UNCHANGED,GSE182736,n=3 UF vs n=3 non-UF,EXPLORATORY_DESCRIPTIVE_ONLY_n3vs3; pseudocount=1.0; filter: raw>=10 in >=3 samples
hsa-miR-221-5p,503.33,217.0,347.5058,247.8476,1.0,0.4859,UNCHANGED,GSE182736,n=3 UF vs n=3 non-UF,EXPLORATORY_DESCRIPTIVE_ONLY_n3vs3; pseudocount=1.0; filter: raw>=10 in >=3 samples
hsa-miR-193a-3p_R-2,194.33,108.33,140.8589,100.4651,1.0,0.4835,UNCHANGED,GSE182736,n=3 UF vs n=3 non-UF,EXPLORATORY_DESCRIPTIVE_ONLY_n3vs3; pseudocount=1.0; filter: raw>=10 in >=3 samples
hsa-miR-193b-3p,1662.33,700.0,1089.0189,780.8189,1.0,0.4794,UNCHANGED,GSE182736,n=3 UF vs n=3 non-UF,EXPLORATORY_DESCRIPTIVE_ONLY_n3vs3; pseudocount=1.0; filter: raw>=10 in >=3 samples
hsa-mir-4485-p3_1ss1CT,103.67,41.0,50.1479,35.9012,1.0,0.471,UNCHANGED,GSE182736,n=3 UF vs n=3 non-UF,EXPLORATORY_DESCRIPTIVE_ONLY_n3vs3; pseudocount=1.0; filter: raw>=10 in >=3 samples
hsa-miR-29c-5p_R-1,729.0,318.33,460.1059,331.8312,1.0,0.4703,UNCHANGED,GSE182736,n=3 UF vs n=3 non-UF,EXPLORATORY_DESCRIPTIVE_ONLY_n3vs3; pseudocount=1.0; filter: raw>=10 in >=3 samples
hsa-miR-374b-3p,97.33,46.33,63.5305,45.5975,1.0,0.4697,UNCHANGED,GSE182736,n=3 UF vs n=3 non-UF,EXPLORATORY_DESCRIPTIVE_ONLY_n3vs3; pseudocount=1.0; filter: raw>=10 in >=3 samples
hsa-miR-501-5p_R+2,36.33,17.33,24.9457,17.8323,1.0,0.4623,UNCHANGED,GSE182736,n=3 UF vs n=3 non-UF,EXPLORATORY_DESCRIPTIVE_ONLY_n3vs3; pseudocount=1.0; filter: raw>=10 in >=3 samples
hsa-miR-585-3p_R+3,98.67,37.33,54.085,39.0337,1.0,0.4604,UNCHANGED,GSE182736,n=3 UF vs n=3 non-UF,EXPLORATORY_DESCRIPTIVE_ONLY_n3vs3; pseudocount=1.0; filter: raw>=10 in >=3 samples
hsa-miR-181c-5p,1004.0,442.33,631.9808,461.7174,1.0,0.452,UNCHANGED,GSE182736,n=3 UF vs n=3 non-UF,EXPLORATORY_DESCRIPTIVE_ONLY_n3vs3; pseudocount=1.0; filter: raw>=10 in >=3 samples
hsa-miR-186-5p,16663.0,6881.0,10296.1371,7535.9325,1.0,0.4502,UNCHANGED,GSE182736,n=3 UF vs n=3 non-UF,EXPLORATORY_DESCRIPTIVE_ONLY_n3vs3; pseudocount=1.0; filter: raw>=10 in >=3 samples
hsa-miR-378a-3p,66499.03,27499.5,40892.5044,30078.368,1.0,0.4431,UNCHANGED,GSE182736,n=3 UF vs n=3 non-UF,EXPLORATORY_DESCRIPTIVE_ONLY_n3vs3; pseudocount=1.0; filter: raw>=10 in >=3 samples
hsa-miR-151b_R+2,1072.06,548.11,771.9812,569.1449,1.0,0.4391,UNCHANGED,GSE182736,n=3 UF vs n=3 non-UF,EXPLORATORY_DESCRIPTIVE_ONLY_n3vs3; pseudocount=1.0; filter: raw>=10 in >=3 samples
hsa-miR-29b-2-5p_R+1,256.0,100.67,144.886,106.6656,1.0,0.4383,UNCHANGED,GSE182736,n=3 UF vs n=3 non-UF,EXPLORATORY_DESCRIPTIVE_ONLY_n3vs3; pseudocount=1.0; filter: raw>=10 in >=3 samples
hsa-miR-214-5p,79.33,48.33,76.4536,56.3146,1.0,0.4344,UNCHANGED,GSE182736,n=3 UF vs n=3 non-UF,EXPLORATORY_DESCRIPTIVE_ONLY_n3vs3; pseudocount=1.0; filter: raw>=10 in >=3 samples
hsa-miR-196a-5p,103.33,50.5,77.2719,57.1036,1.0,0.4299,UNCHANGED,GSE182736,n=3 UF vs n=3 non-UF,EXPLORATORY_DESCRIPTIVE_ONLY_n3vs3; pseudocount=1.0; filter: raw>=10 in >=3 samples
hsa-miR-196a-5p,103.33,50.5,77.2719,57.1036,1.0,0.4299,UNCHANGED,GSE182736,n=3 UF vs n=3 non-UF,EXPLORATORY_DESCRIPTIVE_ONLY_n3vs3; pseudocount=1.0; filter: raw>=10 in >=3 samples
hsa-miR-28-3p,4439.0,2059.0,2937.9096,2192.2945,1.0,0.4222,UNCHANGED,GSE182736,n=3 UF vs n=3 non-UF,EXPLORATORY_DESCRIPTIVE_ONLY_n3vs3; pseudocount=1.0; filter: raw>=10 in >=3 samples
hsa-miR-122-5p_R-1,25.67,19.67,29.6446,21.8952,1.0,0.4206,UNCHANGED,GSE182736,n=3 UF vs n=3 non-UF,EXPLORATORY_DESCRIPTIVE_ONLY_n3vs3; pseudocount=1.0; filter: raw>=10 in >=3 samples
hsa-miR-330-5p_R+1,92.67,33.33,52.6686,39.2555,1.0,0.4149,UNCHANGED,GSE182736,n=3 UF vs n=3 non-UF,EXPLORATORY_DESCRIPTIVE_ONLY_n3vs3; pseudocount=1.0; filter: raw>=10 in >=3 samples
hsa-miR-425-5p,2289.0,1017.33,1455.9467,1094.0928,1.0,0.4119,UNCHANGED,GSE182736,n=3 UF vs n=3 non-UF,EXPLORATORY_DESCRIPTIVE_ONLY_n3vs3; pseudocount=1.0; filter: raw>=10 in >=3 samples
hsa-let-7a-3p,506.39,254.11,347.2519,261.0012,1.0,0.4106,UNCHANGED,GSE182736,n=3 UF vs n=3 non-UF,EXPLORATORY_DESCRIPTIVE_ONLY_n3vs3; pseudocount=1.0; filter: raw>=10 in >=3 samples
hsa-miR-149-5p_R-3,798.67,437.67,594.5784,449.2663,1.0,0.4035,UNCHANGED,GSE182736,n=3 UF vs n=3 non-UF,EXPLORATORY_DESCRIPTIVE_ONLY_n3vs3; pseudocount=1.0; filter: raw>=10 in >=3 samples
hsa-miR-378i_R+1_1ss9AT,823.17,365.17,531.7298,402.3776,1.0,0.4013,UNCHANGED,GSE182736,n=3 UF vs n=3 non-UF,EXPLORATORY_DESCRIPTIVE_ONLY_n3vs3; pseudocount=1.0; filter: raw>=10 in >=3 samples
hsa-miR-20a-3p_R+1,109.0,51.0,71.5465,54.2736,1.0,0.3923,UNCHANGED,GSE182736,n=3 UF vs n=3 non-UF,EXPLORATORY_DESCRIPTIVE_ONLY_n3vs3; pseudocount=1.0; filter: raw>=10 in >=3 samples
hsa-miR-598-3p,835.67,380.33,538.9605,410.5974,1.0,0.3916,UNCHANGED,GSE182736,n=3 UF vs n=3 non-UF,EXPLORATORY_DESCRIPTIVE_ONLY_n3vs3; pseudocount=1.0; filter: raw>=10 in >=3 samples
hsa-miR-216a-5p,40.33,18.67,25.7382,19.429,1.0,0.3883,UNCHANGED,GSE182736,n=3 UF vs n=3 non-UF,EXPLORATORY_DESCRIPTIVE_ONLY_n3vs3; pseudocount=1.0; filter: raw>=10 in >=3 samples
hsa-miR-1260b_1ss9AG,133.67,88.67,108.2591,82.7013,1.0,0.3844,UNCHANGED,GSE182736,n=3 UF vs n=3 non-UF,EXPLORATORY_DESCRIPTIVE_ONLY_n3vs3; pseudocount=1.0; filter: raw>=10 in >=3 samples
hsa-miR-128-3p,1316.17,706.17,972.8891,745.9578,1.0,0.3827,UNCHANGED,GSE182736,n=3 UF vs n=3 non-UF,EXPLORATORY_DESCRIPTIVE_ONLY_n3vs3; pseudocount=1.0; filter: raw>=10 in >=3 samples
hsa-miR-128-3p,1316.17,706.17,972.8891,745.9578,1.0,0.3827,UNCHANGED,GSE182736,n=3 UF vs n=3 non-UF,EXPLORATORY_DESCRIPTIVE_ONLY_n3vs3; pseudocount=1.0; filter: raw>=10 in >=3 samples
hsa-miR-145-3p_L-2R+1,90.67,65.67,93.2008,71.5726,1.0,0.3763,UNCHANGED,GSE182736,n=3 UF vs n=3 non-UF,EXPLORATORY_DESCRIPTIVE_ONLY_n3vs3; pseudocount=1.0; filter: raw>=10 in >=3 samples
hsa-miR-31-5p_R+1,11741.33,5336.33,7777.7236,6014.4588,1.0,0.3709,UNCHANGED,GSE182736,n=3 UF vs n=3 non-UF,EXPLORATORY_DESCRIPTIVE_ONLY_n3vs3; pseudocount=1.0; filter: raw>=10 in >=3 samples
hsa-miR-10a-3p_R-1,1546.33,756.33,1007.3537,778.9623,1.0,0.3705,UNCHANGED,GSE182736,n=3 UF vs n=3 non-UF,EXPLORATORY_DESCRIPTIVE_ONLY_n3vs3; pseudocount=1.0; filter: raw>=10 in >=3 samples
hsa-miR-484,6332.67,3026.67,4125.564,3210.6419,1.0,0.3616,UNCHANGED,GSE182736,n=3 UF vs n=3 non-UF,EXPLORATORY_DESCRIPTIVE_ONLY_n3vs3; pseudocount=1.0; filter: raw>=10 in >=3 samples
hsa-miR-100-3p,13.67,7.33,10.6408,8.083,1.0,0.3579,UNCHANGED,GSE182736,n=3 UF vs n=3 non-UF,EXPLORATORY_DESCRIPTIVE_ONLY_n3vs3; pseudocount=1.0; filter: raw>=10 in >=3 samples
hsa-let-7e-5p,21150.67,9951.87,13923.5545,10885.637,1.0,0.3551,UNCHANGED,GSE182736,n=3 UF vs n=3 non-UF,EXPLORATORY_DESCRIPTIVE_ONLY_n3vs3; pseudocount=1.0; filter: raw>=10 in >=3 samples
hsa-miR-628-3p,97.0,49.67,62.4021,48.5988,1.0,0.3542,UNCHANGED,GSE182736,n=3 UF vs n=3 non-UF,EXPLORATORY_DESCRIPTIVE_ONLY_n3vs3; pseudocount=1.0; filter: raw>=10 in >=3 samples
hsa-miR-4326_R+3,39.0,18.0,23.2392,18.0642,1.0,0.3465,UNCHANGED,GSE182736,n=3 UF vs n=3 non-UF,EXPLORATORY_DESCRIPTIVE_ONLY_n3vs3; pseudocount=1.0; filter: raw>=10 in >=3 samples
hsa-miR-454-3p,499.0,228.67,320.9252,252.7229,1.0,0.3435,UNCHANGED,GSE182736,n=3 UF vs n=3 non-UF,EXPLORATORY_DESCRIPTIVE_ONLY_n3vs3; pseudocount=1.0; filter: raw>=10 in >=3 samples
hsa-miR-7977_1ss6AG,76.33,57.67,71.9829,56.7549,1.0,0.3376,UNCHANGED,GSE182736,n=3 UF vs n=3 non-UF,EXPLORATORY_DESCRIPTIVE_ONLY_n3vs3; pseudocount=1.0; filter: raw>=10 in >=3 samples
hsa-miR-582-5p,734.33,343.0,461.6079,366.0222,1.0,0.3339,UNCHANGED,GSE182736,n=3 UF vs n=3 non-UF,EXPLORATORY_DESCRIPTIVE_ONLY_n3vs3; pseudocount=1.0; filter: raw>=10 in >=3 samples
hsa-miR-30e-5p_R+2,52529.17,23625.5,31792.447,25410.2416,1.0,0.3233,UNCHANGED,GSE182736,n=3 UF vs n=3 non-UF,EXPLORATORY_DESCRIPTIVE_ONLY_n3vs3; pseudocount=1.0; filter: raw>=10 in >=3 samples
hsa-miR-181d-5p,518.44,242.28,324.3934,261.2416,1.0,0.3113,UNCHANGED,GSE182736,n=3 UF vs n=3 non-UF,EXPLORATORY_DESCRIPTIVE_ONLY_n3vs3; pseudocount=1.0; filter: raw>=10 in >=3 samples
hsa-miR-548av-5p_R+4,61.0,29.67,38.2081,30.7964,1.0,0.3023,UNCHANGED,GSE182736,n=3 UF vs n=3 non-UF,EXPLORATORY_DESCRIPTIVE_ONLY_n3vs3; pseudocount=1.0; filter: raw>=10 in >=3 samples
hsa-miR-181b-5p,2470.78,1104.61,1543.1411,1255.2498,1.0,0.2977,UNCHANGED,GSE182736,n=3 UF vs n=3 non-UF,EXPLORATORY_DESCRIPTIVE_ONLY_n3vs3; pseudocount=1.0; filter: raw>=10 in >=3 samples
hsa-miR-181b-5p,2470.78,1104.61,1543.1411,1255.2498,1.0,0.2977,UNCHANGED,GSE182736,n=3 UF vs n=3 non-UF,EXPLORATORY_DESCRIPTIVE_ONLY_n3vs3; pseudocount=1.0; filter: raw>=10 in >=3 samples
hsa-miR-877-5p_R+3,78.33,36.33,43.4681,35.1821,1.0,0.2975,UNCHANGED,GSE182736,n=3 UF vs n=3 non-UF,EXPLORATORY_DESCRIPTIVE_ONLY_n3vs3; pseudocount=1.0; filter: raw>=10 in >=3 samples
hsa-miR-576-5p,89.67,53.67,63.85,51.8021,1.0,0.2965,UNCHANGED,GSE182736,n=3 UF vs n=3 non-UF,EXPLORATORY_DESCRIPTIVE_ONLY_n3vs3; pseudocount=1.0; filter: raw>=10 in >=3 samples
hsa-miR-185-3p_R-1,22.33,10.0,12.9558,10.4349,1.0,0.2874,UNCHANGED,GSE182736,n=3 UF vs n=3 non-UF,EXPLORATORY_DESCRIPTIVE_ONLY_n3vs3; pseudocount=1.0; filter: raw>=10 in >=3 samples
hsa-miR-125b-2-3p_L-2R+2,691.67,340.33,419.5678,344.5184,1.0,0.2836,UNCHANGED,GSE182736,n=3 UF vs n=3 non-UF,EXPLORATORY_DESCRIPTIVE_ONLY_n3vs3; pseudocount=1.0; filter: raw>=10 in >=3 samples
hsa-miR-148b-3p,10475.83,5335.17,6777.2745,5569.393,1.0,0.2831,UNCHANGED,GSE182736,n=3 UF vs n=3 non-UF,EXPLORATORY_DESCRIPTIVE_ONLY_n3vs3; pseudocount=1.0; filter: raw>=10 in >=3 samples
hsa-miR-551a,97.33,55.33,69.2379,56.8559,1.0,0.2798,UNCHANGED,GSE182736,n=3 UF vs n=3 non-UF,EXPLORATORY_DESCRIPTIVE_ONLY_n3vs3; pseudocount=1.0; filter: raw>=10 in >=3 samples
hsa-miR-185-5p,5182.0,2487.67,3275.5773,2709.9478,1.0,0.2734,UNCHANGED,GSE182736,n=3 UF vs n=3 non-UF,EXPLORATORY_DESCRIPTIVE_ONLY_n3vs3; pseudocount=1.0; filter: raw>=10 in >=3 samples
hsa-miR-197-3p,621.33,419.67,510.8624,422.6466,1.0,0.2729,UNCHANGED,GSE182736,n=3 UF vs n=3 non-UF,EXPLORATORY_DESCRIPTIVE_ONLY_n3vs3; pseudocount=1.0; filter: raw>=10 in >=3 samples
hsa-miR-3912-3p,25.33,12.67,15.7333,12.883,1.0,0.2694,UNCHANGED,GSE182736,n=3 UF vs n=3 non-UF,EXPLORATORY_DESCRIPTIVE_ONLY_n3vs3; pseudocount=1.0; filter: raw>=10 in >=3 samples
hsa-miR-628-5p,15.33,8.67,13.2548,10.8791,1.0,0.263,UNCHANGED,GSE182736,n=3 UF vs n=3 non-UF,EXPLORATORY_DESCRIPTIVE_ONLY_n3vs3; pseudocount=1.0; filter: raw>=10 in >=3 samples
hsa-miR-615-3p_R-1,193.33,130.0,174.8095,146.4746,1.0,0.2535,UNCHANGED,GSE182736,n=3 UF vs n=3 non-UF,EXPLORATORY_DESCRIPTIVE_ONLY_n3vs3; pseudocount=1.0; filter: raw>=10 in >=3 samples
hsa-miR-16-2-3p_L+1R-1,479.0,280.67,344.0161,289.3131,1.0,0.2491,UNCHANGED,GSE182736,n=3 UF vs n=3 non-UF,EXPLORATORY_DESCRIPTIVE_ONLY_n3vs3; pseudocount=1.0; filter: raw>=10 in >=3 samples
hsa-miR-106b-3p_R-2,1252.67,678.67,863.3298,727.8119,1.0,0.246,UNCHANGED,GSE182736,n=3 UF vs n=3 non-UF,EXPLORATORY_DESCRIPTIVE_ONLY_n3vs3; pseudocount=1.0; filter: raw>=10 in >=3 samples
hsa-miR-421_R-1,455.33,222.0,287.4866,243.013,1.0,0.2415,UNCHANGED,GSE182736,n=3 UF vs n=3 non-UF,EXPLORATORY_DESCRIPTIVE_ONLY_n3vs3; pseudocount=1.0; filter: raw>=10 in >=3 samples
hsa-miR-1180-3p,861.33,521.0,633.5162,535.8556,1.0,0.2411,UNCHANGED,GSE182736,n=3 UF vs n=3 non-UF,EXPLORATORY_DESCRIPTIVE_ONLY_n3vs3; pseudocount=1.0; filter: raw>=10 in >=3 samples
hsa-miR-651-5p_R-1,170.67,82.0,104.8517,89.4987,1.0,0.2261,UNCHANGED,GSE182736,n=3 UF vs n=3 non-UF,EXPLORATORY_DESCRIPTIVE_ONLY_n3vs3; pseudocount=1.0; filter: raw>=10 in >=3 samples
hsa-let-7a-3p_R+1,1260.22,712.44,854.9967,731.7073,1.0,0.2244,UNCHANGED,GSE182736,n=3 UF vs n=3 non-UF,EXPLORATORY_DESCRIPTIVE_ONLY_n3vs3; pseudocount=1.0; filter: raw>=10 in >=3 samples
hsa-let-7d-5p,17493.92,9090.5,11188.7712,9622.8715,1.0,0.2175,UNCHANGED,GSE182736,n=3 UF vs n=3 non-UF,EXPLORATORY_DESCRIPTIVE_ONLY_n3vs3; pseudocount=1.0; filter: raw>=10 in >=3 samples
hsa-let-7b-3p_1ss22CT,370.33,239.33,280.6197,242.5688,1.0,0.2094,UNCHANGED,GSE182736,n=3 UF vs n=3 non-UF,EXPLORATORY_DESCRIPTIVE_ONLY_n3vs3; pseudocount=1.0; filter: raw>=10 in >=3 samples
hsa-miR-548e-3p,56.33,30.0,34.0738,29.3702,1.0,0.2077,UNCHANGED,GSE182736,n=3 UF vs n=3 non-UF,EXPLORATORY_DESCRIPTIVE_ONLY_n3vs3; pseudocount=1.0; filter: raw>=10 in >=3 samples
hsa-miR-330-3p,697.67,336.0,423.3169,367.0861,1.0,0.2051,UNCHANGED,GSE182736,n=3 UF vs n=3 non-UF,EXPLORATORY_DESCRIPTIVE_ONLY_n3vs3; pseudocount=1.0; filter: raw>=10 in >=3 samples
hsa-miR-29a-3p_R-1,80202.06,44023.31,53766.1214,46668.5503,1.0,0.2042,UNCHANGED,GSE182736,n=3 UF vs n=3 non-UF,EXPLORATORY_DESCRIPTIVE_ONLY_n3vs3; pseudocount=1.0; filter: raw>=10 in >=3 samples
hsa-miR-499a-5p,300.33,154.0,195.5171,170.1001,1.0,0.1998,UNCHANGED,GSE182736,n=3 UF vs n=3 non-UF,EXPLORATORY_DESCRIPTIVE_ONLY_n3vs3; pseudocount=1.0; filter: raw>=10 in >=3 samples
hsa-miR-125b-5p,56061.5,32038.67,39270.1414,34212.3083,1.0,0.1989,UNCHANGED,GSE182736,n=3 UF vs n=3 non-UF,EXPLORATORY_DESCRIPTIVE_ONLY_n3vs3; pseudocount=1.0; filter: raw>=10 in >=3 samples
hsa-miR-125b-5p,56061.5,32038.67,39270.1414,34212.3083,1.0,0.1989,UNCHANGED,GSE182736,n=3 UF vs n=3 non-UF,EXPLORATORY_DESCRIPTIVE_ONLY_n3vs3; pseudocount=1.0; filter: raw>=10 in >=3 samples
hsa-miR-191-5p_R-1,28609.0,15753.67,19036.7783,16638.4341,1.0,0.1943,UNCHANGED,GSE182736,n=3 UF vs n=3 non-UF,EXPLORATORY_DESCRIPTIVE_ONLY_n3vs3; pseudocount=1.0; filter: raw>=10 in >=3 samples
hsa-miR-324-3p_L-3R+1,376.33,216.67,256.2627,224.0874,1.0,0.1928,UNCHANGED,GSE182736,n=3 UF vs n=3 non-UF,EXPLORATORY_DESCRIPTIVE_ONLY_n3vs3; pseudocount=1.0; filter: raw>=10 in >=3 samples
hsa-miR-33a-5p_R-1,149.67,84.0,102.6167,89.8275,1.0,0.1901,UNCHANGED,GSE182736,n=3 UF vs n=3 non-UF,EXPLORATORY_DESCRIPTIVE_ONLY_n3vs3; pseudocount=1.0; filter: raw>=10 in >=3 samples
hsa-miR-641_R-1,17.67,7.33,8.8281,7.616,1.0,0.1899,UNCHANGED,GSE182736,n=3 UF vs n=3 non-UF,EXPLORATORY_DESCRIPTIVE_ONLY_n3vs3; pseudocount=1.0; filter: raw>=10 in >=3 samples
hsa-miR-582-3p_R-1,120.67,58.33,69.3655,60.7163,1.0,0.1892,UNCHANGED,GSE182736,n=3 UF vs n=3 non-UF,EXPLORATORY_DESCRIPTIVE_ONLY_n3vs3; pseudocount=1.0; filter: raw>=10 in >=3 samples
hsa-miR-151b_R+3,18036.22,10395.78,12598.0236,11082.2641,1.0,0.1849,UNCHANGED,GSE182736,n=3 UF vs n=3 non-UF,EXPLORATORY_DESCRIPTIVE_ONLY_n3vs3; pseudocount=1.0; filter: raw>=10 in >=3 samples
hsa-miR-29c-3p_R-1,5657.17,3210.75,3803.2544,3353.1175,1.0,0.1817,UNCHANGED,GSE182736,n=3 UF vs n=3 non-UF,EXPLORATORY_DESCRIPTIVE_ONLY_n3vs3; pseudocount=1.0; filter: raw>=10 in >=3 samples
hsa-miR-505-3p_L-2R+2,593.33,340.0,398.6772,352.0636,1.0,0.1789,UNCHANGED,GSE182736,n=3 UF vs n=3 non-UF,EXPLORATORY_DESCRIPTIVE_ONLY_n3vs3; pseudocount=1.0; filter: raw>=10 in >=3 samples
hsa-miR-101-3p_L+1R-1,34774.5,17302.5,19876.7118,17692.5784,1.0,0.1679,UNCHANGED,GSE182736,n=3 UF vs n=3 non-UF,EXPLORATORY_DESCRIPTIVE_ONLY_n3vs3; pseudocount=1.0; filter: raw>=10 in >=3 samples
hsa-miR-101-3p_L+1R-1,34774.5,17302.5,19876.7118,17692.5784,1.0,0.1679,UNCHANGED,GSE182736,n=3 UF vs n=3 non-UF,EXPLORATORY_DESCRIPTIVE_ONLY_n3vs3; pseudocount=1.0; filter: raw>=10 in >=3 samples
hsa-let-7f-5p,48196.32,26669.67,31912.9649,28536.0753,1.0,0.1614,UNCHANGED,GSE182736,n=3 UF vs n=3 non-UF,EXPLORATORY_DESCRIPTIVE_ONLY_n3vs3; pseudocount=1.0; filter: raw>=10 in >=3 samples
hsa-let-7f-5p,48196.32,26669.67,31912.9649,28536.0753,1.0,0.1614,UNCHANGED,GSE182736,n=3 UF vs n=3 non-UF,EXPLORATORY_DESCRIPTIVE_ONLY_n3vs3; pseudocount=1.0; filter: raw>=10 in >=3 samples
hsa-miR-93-3p_R+1,183.33,105.33,121.4955,108.6035,1.0,0.1604,UNCHANGED,GSE182736,n=3 UF vs n=3 non-UF,EXPLORATORY_DESCRIPTIVE_ONLY_n3vs3; pseudocount=1.0; filter: raw>=10 in >=3 samples
hsa-miR-31-3p_R+1,353.0,208.0,250.964,224.502,1.0,0.1601,UNCHANGED,GSE182736,n=3 UF vs n=3 non-UF,EXPLORATORY_DESCRIPTIVE_ONLY_n3vs3; pseudocount=1.0; filter: raw>=10 in >=3 samples
hsa-miR-32-5p_R-1,1815.0,1061.33,1249.6938,1119.4608,1.0,0.1586,UNCHANGED,GSE182736,n=3 UF vs n=3 non-UF,EXPLORATORY_DESCRIPTIVE_ONLY_n3vs3; pseudocount=1.0; filter: raw>=10 in >=3 samples
hsa-miR-99a-5p_R-1,67606.17,36434.67,42589.9619,38830.1871,1.0,0.1333,UNCHANGED,GSE182736,n=3 UF vs n=3 non-UF,EXPLORATORY_DESCRIPTIVE_ONLY_n3vs3; pseudocount=1.0; filter: raw>=10 in >=3 samples
hsa-let-7d-3p,3178.33,2047.33,2314.9593,2113.8761,1.0,0.131,UNCHANGED,GSE182736,n=3 UF vs n=3 non-UF,EXPLORATORY_DESCRIPTIVE_ONLY_n3vs3; pseudocount=1.0; filter: raw>=10 in >=3 samples
hsa-let-7b-5p,59053.81,34609.37,40490.322,37024.2192,1.0,0.1291,UNCHANGED,GSE182736,n=3 UF vs n=3 non-UF,EXPLORATORY_DESCRIPTIVE_ONLY_n3vs3; pseudocount=1.0; filter: raw>=10 in >=3 samples
hsa-miR-92b-5p_R+1,51.67,37.67,40.8286,37.5542,1.0,0.1176,UNCHANGED,GSE182736,n=3 UF vs n=3 non-UF,EXPLORATORY_DESCRIPTIVE_ONLY_n3vs3; pseudocount=1.0; filter: raw>=10 in >=3 samples
hsa-miR-28-5p_R-1,3003.72,1861.11,2083.8412,1932.6166,1.0,0.1086,UNCHANGED,GSE182736,n=3 UF vs n=3 non-UF,EXPLORATORY_DESCRIPTIVE_ONLY_n3vs3; pseudocount=1.0; filter: raw>=10 in >=3 samples
hsa-miR-664a-5p_R-2,115.0,65.0,73.9992,68.5712,1.0,0.1084,UNCHANGED,GSE182736,n=3 UF vs n=3 non-UF,EXPLORATORY_DESCRIPTIVE_ONLY_n3vs3; pseudocount=1.0; filter: raw>=10 in >=3 samples
hsa-miR-103a-3p,22741.0,12092.94,14337.8857,13347.3639,1.0,0.1033,UNCHANGED,GSE182736,n=3 UF vs n=3 non-UF,EXPLORATORY_DESCRIPTIVE_ONLY_n3vs3; pseudocount=1.0; filter: raw>=10 in >=3 samples
hsa-miR-103a-3p,22741.0,12092.94,14337.8857,13347.3639,1.0,0.1033,UNCHANGED,GSE182736,n=3 UF vs n=3 non-UF,EXPLORATORY_DESCRIPTIVE_ONLY_n3vs3; pseudocount=1.0; filter: raw>=10 in >=3 samples
hsa-miR-218-5p,1975.83,1122.5,1296.8831,1210.2673,1.0,0.0996,UNCHANGED,GSE182736,n=3 UF vs n=3 non-UF,EXPLORATORY_DESCRIPTIVE_ONLY_n3vs3; pseudocount=1.0; filter: raw>=10 in >=3 samples
hsa-miR-218-5p,1975.83,1122.5,1296.8831,1210.2673,1.0,0.0996,UNCHANGED,GSE182736,n=3 UF vs n=3 non-UF,EXPLORATORY_DESCRIPTIVE_ONLY_n3vs3; pseudocount=1.0; filter: raw>=10 in >=3 samples
hsa-miR-339-5p,902.33,625.0,660.0454,619.5258,1.0,0.0913,UNCHANGED,GSE182736,n=3 UF vs n=3 non-UF,EXPLORATORY_DESCRIPTIVE_ONLY_n3vs3; pseudocount=1.0; filter: raw>=10 in >=3 samples
hsa-miR-412-5p,12.33,11.0,11.6111,10.8939,1.0,0.0845,UNCHANGED,GSE182736,n=3 UF vs n=3 non-UF,EXPLORATORY_DESCRIPTIVE_ONLY_n3vs3; pseudocount=1.0; filter: raw>=10 in >=3 samples
hsa-miR-26b-5p_R+1,60143.33,35135.11,39655.4623,37406.5056,1.0,0.0842,UNCHANGED,GSE182736,n=3 UF vs n=3 non-UF,EXPLORATORY_DESCRIPTIVE_ONLY_n3vs3; pseudocount=1.0; filter: raw>=10 in >=3 samples
hsa-miR-433-3p,46.33,40.0,42.6403,40.2161,1.0,0.0825,UNCHANGED,GSE182736,n=3 UF vs n=3 non-UF,EXPLORATORY_DESCRIPTIVE_ONLY_n3vs3; pseudocount=1.0; filter: raw>=10 in >=3 samples
hsa-miR-374b-5p_R-1,2691.17,1739.5,1835.5769,1748.5615,1.0,0.07,UNCHANGED,GSE182736,n=3 UF vs n=3 non-UF,EXPLORATORY_DESCRIPTIVE_ONLY_n3vs3; pseudocount=1.0; filter: raw>=10 in >=3 samples
hsa-miR-93-5p,9853.33,5151.0,5894.7367,5628.5536,1.0,0.0667,UNCHANGED,GSE182736,n=3 UF vs n=3 non-UF,EXPLORATORY_DESCRIPTIVE_ONLY_n3vs3; pseudocount=1.0; filter: raw>=10 in >=3 samples
hsa-miR-148a-5p,312.0,190.67,209.9518,200.5598,1.0,0.0657,UNCHANGED,GSE182736,n=3 UF vs n=3 non-UF,EXPLORATORY_DESCRIPTIVE_ONLY_n3vs3; pseudocount=1.0; filter: raw>=10 in >=3 samples
hsa-miR-32-3p_R-1,74.0,43.0,49.792,47.5588,1.0,0.0649,UNCHANGED,GSE182736,n=3 UF vs n=3 non-UF,EXPLORATORY_DESCRIPTIVE_ONLY_n3vs3; pseudocount=1.0; filter: raw>=10 in >=3 samples
hsa-miR-1303,17.33,16.33,15.1941,14.5011,1.0,0.0631,UNCHANGED,GSE182736,n=3 UF vs n=3 non-UF,EXPLORATORY_DESCRIPTIVE_ONLY_n3vs3; pseudocount=1.0; filter: raw>=10 in >=3 samples
hsa-miR-15b-3p_R-1,158.33,104.0,112.3839,107.5297,1.0,0.0631,UNCHANGED,GSE182736,n=3 UF vs n=3 non-UF,EXPLORATORY_DESCRIPTIVE_ONLY_n3vs3; pseudocount=1.0; filter: raw>=10 in >=3 samples
hsa-miR-21-3p,1319.33,858.67,998.3176,956.1,1.0,0.0623,UNCHANGED,GSE182736,n=3 UF vs n=3 non-UF,EXPLORATORY_DESCRIPTIVE_ONLY_n3vs3; pseudocount=1.0; filter: raw>=10 in >=3 samples
hsa-miR-107_R-2,2245.33,1326.11,1498.6298,1441.8596,1.0,0.0557,UNCHANGED,GSE182736,n=3 UF vs n=3 non-UF,EXPLORATORY_DESCRIPTIVE_ONLY_n3vs3; pseudocount=1.0; filter: raw>=10 in >=3 samples
hsa-miR-30b-3p,36.33,24.0,26.7488,25.8954,1.0,0.0451,UNCHANGED,GSE182736,n=3 UF vs n=3 non-UF,EXPLORATORY_DESCRIPTIVE_ONLY_n3vs3; pseudocount=1.0; filter: raw>=10 in >=3 samples
hsa-miR-485-3p,29.67,28.0,32.8377,31.915,1.0,0.0399,UNCHANGED,GSE182736,n=3 UF vs n=3 non-UF,EXPLORATORY_DESCRIPTIVE_ONLY_n3vs3; pseudocount=1.0; filter: raw>=10 in >=3 samples
hsa-miR-4448_R-2_1ss6CG,38.0,28.0,25.8121,25.2327,1.0,0.0315,UNCHANGED,GSE182736,n=3 UF vs n=3 non-UF,EXPLORATORY_DESCRIPTIVE_ONLY_n3vs3; pseudocount=1.0; filter: raw>=10 in >=3 samples
hsa-miR-642a-5p,12.67,9.33,11.5569,11.2931,1.0,0.0306,UNCHANGED,GSE182736,n=3 UF vs n=3 non-UF,EXPLORATORY_DESCRIPTIVE_ONLY_n3vs3; pseudocount=1.0; filter: raw>=10 in >=3 samples
hsa-miR-106b-5p,4805.0,2978.33,3238.7324,3184.363,1.0,0.0244,UNCHANGED,GSE182736,n=3 UF vs n=3 non-UF,EXPLORATORY_DESCRIPTIVE_ONLY_n3vs3; pseudocount=1.0; filter: raw>=10 in >=3 samples
hsa-miR-140-3p_L-1R+2,22214.0,12991.0,13915.9423,13787.6394,1.0,0.0134,UNCHANGED,GSE182736,n=3 UF vs n=3 non-UF,EXPLORATORY_DESCRIPTIVE_ONLY_n3vs3; pseudocount=1.0; filter: raw>=10 in >=3 samples
hsa-let-7f-2-3p_1ss22CT,116.06,65.44,72.4195,71.9814,1.0,0.0086,UNCHANGED,GSE182736,n=3 UF vs n=3 non-UF,EXPLORATORY_DESCRIPTIVE_ONLY_n3vs3; pseudocount=1.0; filter: raw>=10 in >=3 samples
hsa-let-7a-5p,61195.65,38072.11,41507.2672,41365.1529,1.0,0.0049,UNCHANGED,GSE182736,n=3 UF vs n=3 non-UF,EXPLORATORY_DESCRIPTIVE_ONLY_n3vs3; pseudocount=1.0; filter: raw>=10 in >=3 samples
hsa-let-7a-5p,61195.65,38072.11,41507.2672,41365.1529,1.0,0.0049,UNCHANGED,GSE182736,n=3 UF vs n=3 non-UF,EXPLORATORY_DESCRIPTIVE_ONLY_n3vs3; pseudocount=1.0; filter: raw>=10 in >=3 samples
hsa-let-7a-5p,61195.65,38072.11,41507.2672,41365.1529,1.0,0.0049,UNCHANGED,GSE182736,n=3 UF vs n=3 non-UF,EXPLORATORY_DESCRIPTIVE_ONLY_n3vs3; pseudocount=1.0; filter: raw>=10 in >=3 samples
hsa-miR-17-3p,354.67,197.0,211.1038,210.7658,1.0,0.0023,UNCHANGED,GSE182736,n=3 UF vs n=3 non-UF,EXPLORATORY_DESCRIPTIVE_ONLY_n3vs3; pseudocount=1.0; filter: raw>=10 in >=3 samples
hsa-miR-199a-5p,3358.33,2827.5,3092.7168,3091.4902,1.0,0.0006,UNCHANGED,GSE182736,n=3 UF vs n=3 non-UF,EXPLORATORY_DESCRIPTIVE_ONLY_n3vs3; pseudocount=1.0; filter: raw>=10 in >=3 samples
hsa-miR-199a-5p,3358.33,2827.5,3092.7168,3091.4902,1.0,0.0006,UNCHANGED,GSE182736,n=3 UF vs n=3 non-UF,EXPLORATORY_DESCRIPTIVE_ONLY_n3vs3; pseudocount=1.0; filter: raw>=10 in >=3 samples
hsa-miR-181c-3p_L-1R+1,118.0,63.0,69.2499,69.3859,1.0,-0.0028,UNCHANGED,GSE182736,n=3 UF vs n=3 non-UF,EXPLORATORY_DESCRIPTIVE_ONLY_n3vs3; pseudocount=1.0; filter: raw>=10 in >=3 samples
hsa-miR-7-1-3p,131.33,82.67,83.1218,83.9107,1.0,-0.0135,UNCHANGED,GSE182736,n=3 UF vs n=3 non-UF,EXPLORATORY_DESCRIPTIVE_ONLY_n3vs3; pseudocount=1.0; filter: raw>=10 in >=3 samples
hsa-miR-324-5p_R+1,344.67,198.33,214.3883,216.6891,1.0,-0.0153,UNCHANGED,GSE182736,n=3 UF vs n=3 non-UF,EXPLORATORY_DESCRIPTIVE_ONLY_n3vs3; pseudocount=1.0; filter: raw>=10 in >=3 samples
hsa-miR-199b-5p,3296.67,2831.33,3097.6764,3149.9134,1.0,-0.0241,UNCHANGED,GSE182736,n=3 UF vs n=3 non-UF,EXPLORATORY_DESCRIPTIVE_ONLY_n3vs3; pseudocount=1.0; filter: raw>=10 in >=3 samples
hsa-miR-103a-2-5p_R+1,58.67,40.67,41.2313,42.0051,1.0,-0.0262,UNCHANGED,GSE182736,n=3 UF vs n=3 non-UF,EXPLORATORY_DESCRIPTIVE_ONLY_n3vs3; pseudocount=1.0; filter: raw>=10 in >=3 samples
hsa-miR-590-3p,372.67,257.33,253.7888,258.8365,1.0,-0.0283,UNCHANGED,GSE182736,n=3 UF vs n=3 non-UF,EXPLORATORY_DESCRIPTIVE_ONLY_n3vs3; pseudocount=1.0; filter: raw>=10 in >=3 samples
hsa-miR-769-5p,905.67,540.0,574.07,586.0889,1.0,-0.0298,UNCHANGED,GSE182736,n=3 UF vs n=3 non-UF,EXPLORATORY_DESCRIPTIVE_ONLY_n3vs3; pseudocount=1.0; filter: raw>=10 in >=3 samples
hsa-miR-101-5p_L+1R-1,106.33,62.67,63.4394,65.2602,1.0,-0.0402,UNCHANGED,GSE182736,n=3 UF vs n=3 non-UF,EXPLORATORY_DESCRIPTIVE_ONLY_n3vs3; pseudocount=1.0; filter: raw>=10 in >=3 samples
hsa-miR-380-3p_R-1,8.33,9.33,10.9907,11.3295,1.0,-0.0402,UNCHANGED,GSE182736,n=3 UF vs n=3 non-UF,EXPLORATORY_DESCRIPTIVE_ONLY_n3vs3; pseudocount=1.0; filter: raw>=10 in >=3 samples
hsa-miR-425-3p_L+1R-1,607.0,372.0,401.9957,414.6239,1.0,-0.0445,UNCHANGED,GSE182736,n=3 UF vs n=3 non-UF,EXPLORATORY_DESCRIPTIVE_ONLY_n3vs3; pseudocount=1.0; filter: raw>=10 in >=3 samples
hsa-miR-25-3p,9695.33,6365.33,6541.1423,6764.4217,1.0,-0.0484,UNCHANGED,GSE182736,n=3 UF vs n=3 non-UF,EXPLORATORY_DESCRIPTIVE_ONLY_n3vs3; pseudocount=1.0; filter: raw>=10 in >=3 samples
hsa-miR-29a-5p_R-1,171.67,108.33,112.5407,116.7878,1.0,-0.053,UNCHANGED,GSE182736,n=3 UF vs n=3 non-UF,EXPLORATORY_DESCRIPTIVE_ONLY_n3vs3; pseudocount=1.0; filter: raw>=10 in >=3 samples
hsa-miR-589-5p_R-1,120.0,85.67,86.1385,89.7027,1.0,-0.0578,UNCHANGED,GSE182736,n=3 UF vs n=3 non-UF,EXPLORATORY_DESCRIPTIVE_ONLY_n3vs3; pseudocount=1.0; filter: raw>=10 in >=3 samples
hsa-miR-1271-5p,439.0,267.67,268.4137,281.4348,1.0,-0.0681,UNCHANGED,GSE182736,n=3 UF vs n=3 non-UF,EXPLORATORY_DESCRIPTIVE_ONLY_n3vs3; pseudocount=1.0; filter: raw>=10 in >=3 samples
hsa-miR-30e-3p_1ss22CT,3839.5,2530.83,2559.435,2690.1004,1.0,-0.0718,UNCHANGED,GSE182736,n=3 UF vs n=3 non-UF,EXPLORATORY_DESCRIPTIVE_ONLY_n3vs3; pseudocount=1.0; filter: raw>=10 in >=3 samples
hsa-miR-361-5p,5993.0,3943.33,4083.1759,4295.2688,1.0,-0.073,UNCHANGED,GSE182736,n=3 UF vs n=3 non-UF,EXPLORATORY_DESCRIPTIVE_ONLY_n3vs3; pseudocount=1.0; filter: raw>=10 in >=3 samples
hsa-miR-7-5p,87.56,55.44,57.9062,61.0734,1.0,-0.0756,UNCHANGED,GSE182736,n=3 UF vs n=3 non-UF,EXPLORATORY_DESCRIPTIVE_ONLY_n3vs3; pseudocount=1.0; filter: raw>=10 in >=3 samples
hsa-miR-7-5p,87.56,55.44,57.9062,61.0734,1.0,-0.0756,UNCHANGED,GSE182736,n=3 UF vs n=3 non-UF,EXPLORATORY_DESCRIPTIVE_ONLY_n3vs3; pseudocount=1.0; filter: raw>=10 in >=3 samples
hsa-miR-7-5p,87.56,55.44,57.9062,61.0734,1.0,-0.0756,UNCHANGED,GSE182736,n=3 UF vs n=3 non-UF,EXPLORATORY_DESCRIPTIVE_ONLY_n3vs3; pseudocount=1.0; filter: raw>=10 in >=3 samples
hsa-miR-145-5p,538.67,532.33,577.6683,609.542,1.0,-0.0774,UNCHANGED,GSE182736,n=3 UF vs n=3 non-UF,EXPLORATORY_DESCRIPTIVE_ONLY_n3vs3; pseudocount=1.0; filter: raw>=10 in >=3 samples
hsa-miR-135b-5p,2551.67,1593.67,1631.7067,1728.7726,1.0,-0.0833,UNCHANGED,GSE182736,n=3 UF vs n=3 non-UF,EXPLORATORY_DESCRIPTIVE_ONLY_n3vs3; pseudocount=1.0; filter: raw>=10 in >=3 samples
hsa-miR-181a-5p,10671.17,6544.33,6900.5396,7364.4512,1.0,-0.0939,UNCHANGED,GSE182736,n=3 UF vs n=3 non-UF,EXPLORATORY_DESCRIPTIVE_ONLY_n3vs3; pseudocount=1.0; filter: raw>=10 in >=3 samples
hsa-miR-181a-5p,10671.17,6544.33,6900.5396,7364.4512,1.0,-0.0939,UNCHANGED,GSE182736,n=3 UF vs n=3 non-UF,EXPLORATORY_DESCRIPTIVE_ONLY_n3vs3; pseudocount=1.0; filter: raw>=10 in >=3 samples
hsa-miR-21-5p,587818.67,404289.33,414066.988,444443.4783,1.0,-0.1021,UNCHANGED,GSE182736,n=3 UF vs n=3 non-UF,EXPLORATORY_DESCRIPTIVE_ONLY_n3vs3; pseudocount=1.0; filter: raw>=10 in >=3 samples
hsa-miR-181a-2-3p,236.33,161.0,157.1663,169.5448,1.0,-0.1087,UNCHANGED,GSE182736,n=3 UF vs n=3 non-UF,EXPLORATORY_DESCRIPTIVE_ONLY_n3vs3; pseudocount=1.0; filter: raw>=10 in >=3 samples
hsa-miR-376b-3p_R-1,19.22,18.0,17.3853,18.9552,1.0,-0.1182,UNCHANGED,GSE182736,n=3 UF vs n=3 non-UF,EXPLORATORY_DESCRIPTIVE_ONLY_n3vs3; pseudocount=1.0; filter: raw>=10 in >=3 samples
hsa-miR-1307-5p,840.33,546.67,555.6262,606.8832,1.0,-0.1271,UNCHANGED,GSE182736,n=3 UF vs n=3 non-UF,EXPLORATORY_DESCRIPTIVE_ONLY_n3vs3; pseudocount=1.0; filter: raw>=10 in >=3 samples
hsa-miR-199a-3p_R-1,5474.0,5273.78,5290.9802,5800.641,1.0,-0.1327,UNCHANGED,GSE182736,n=3 UF vs n=3 non-UF,EXPLORATORY_DESCRIPTIVE_ONLY_n3vs3; pseudocount=1.0; filter: raw>=10 in >=3 samples
hsa-miR-199a-3p_R-1,5474.0,5273.78,5290.9802,5800.641,1.0,-0.1327,UNCHANGED,GSE182736,n=3 UF vs n=3 non-UF,EXPLORATORY_DESCRIPTIVE_ONLY_n3vs3; pseudocount=1.0; filter: raw>=10 in >=3 samples
hsa-miR-199a-3p_R-1,5474.0,5273.78,5290.9802,5800.641,1.0,-0.1327,UNCHANGED,GSE182736,n=3 UF vs n=3 non-UF,EXPLORATORY_DESCRIPTIVE_ONLY_n3vs3; pseudocount=1.0; filter: raw>=10 in >=3 samples
hsa-miR-340-3p,58.67,49.33,42.8393,47.1229,1.0,-0.1345,UNCHANGED,GSE182736,n=3 UF vs n=3 non-UF,EXPLORATORY_DESCRIPTIVE_ONLY_n3vs3; pseudocount=1.0; filter: raw>=10 in >=3 samples
hsa-miR-27a-5p,78.67,64.67,60.2217,66.5086,1.0,-0.141,UNCHANGED,GSE182736,n=3 UF vs n=3 non-UF,EXPLORATORY_DESCRIPTIVE_ONLY_n3vs3; pseudocount=1.0; filter: raw>=10 in >=3 samples
hsa-miR-744-5p,1489.0,1014.0,1003.6894,1109.3706,1.0,-0.1443,UNCHANGED,GSE182736,n=3 UF vs n=3 non-UF,EXPLORATORY_DESCRIPTIVE_ONLY_n3vs3; pseudocount=1.0; filter: raw>=10 in >=3 samples
hsa-miR-125b-1-3p,428.0,313.67,322.6355,356.7968,1.0,-0.1448,UNCHANGED,GSE182736,n=3 UF vs n=3 non-UF,EXPLORATORY_DESCRIPTIVE_ONLY_n3vs3; pseudocount=1.0; filter: raw>=10 in >=3 samples
hsa-miR-152-3p,13788.83,9468.17,9151.1416,10168.0157,1.0,-0.152,UNCHANGED,GSE182736,n=3 UF vs n=3 non-UF,EXPLORATORY_DESCRIPTIVE_ONLY_n3vs3; pseudocount=1.0; filter: raw>=10 in >=3 samples
hsa-miR-585-5p,13.0,10.67,8.9137,10.0176,1.0,-0.1523,UNCHANGED,GSE182736,n=3 UF vs n=3 non-UF,EXPLORATORY_DESCRIPTIVE_ONLY_n3vs3; pseudocount=1.0; filter: raw>=10 in >=3 samples
hsa-miR-100-5p,109010.83,75785.33,74229.8621,82638.519,1.0,-0.1548,UNCHANGED,GSE182736,n=3 UF vs n=3 non-UF,EXPLORATORY_DESCRIPTIVE_ONLY_n3vs3; pseudocount=1.0; filter: raw>=10 in >=3 samples
hsa-miR-143-3p_R+1,6366.67,6541.33,6576.9058,7324.8848,1.0,-0.1554,UNCHANGED,GSE182736,n=3 UF vs n=3 non-UF,EXPLORATORY_DESCRIPTIVE_ONLY_n3vs3; pseudocount=1.0; filter: raw>=10 in >=3 samples
hsa-miR-92a-3p,7440.5,5859.33,5489.9184,6138.6907,1.0,-0.1611,UNCHANGED,GSE182736,n=3 UF vs n=3 non-UF,EXPLORATORY_DESCRIPTIVE_ONLY_n3vs3; pseudocount=1.0; filter: raw>=10 in >=3 samples
hsa-miR-92a-3p,7440.5,5859.33,5489.9184,6138.6907,1.0,-0.1611,UNCHANGED,GSE182736,n=3 UF vs n=3 non-UF,EXPLORATORY_DESCRIPTIVE_ONLY_n3vs3; pseudocount=1.0; filter: raw>=10 in >=3 samples
hsa-miR-26a-5p,94568.0,64733.94,62193.7582,69737.2675,1.0,-0.1652,UNCHANGED,GSE182736,n=3 UF vs n=3 non-UF,EXPLORATORY_DESCRIPTIVE_ONLY_n3vs3; pseudocount=1.0; filter: raw>=10 in >=3 samples
hsa-miR-26a-5p,94568.0,64733.94,62193.7582,69737.2675,1.0,-0.1652,UNCHANGED,GSE182736,n=3 UF vs n=3 non-UF,EXPLORATORY_DESCRIPTIVE_ONLY_n3vs3; pseudocount=1.0; filter: raw>=10 in >=3 samples
hsa-miR-887-3p_R+2,101.0,48.67,53.1765,59.9174,1.0,-0.1692,UNCHANGED,GSE182736,n=3 UF vs n=3 non-UF,EXPLORATORY_DESCRIPTIVE_ONLY_n3vs3; pseudocount=1.0; filter: raw>=10 in >=3 samples
hsa-miR-423-3p,7921.33,5718.33,5335.2238,6057.5314,1.0,-0.1831,UNCHANGED,GSE182736,n=3 UF vs n=3 non-UF,EXPLORATORY_DESCRIPTIVE_ONLY_n3vs3; pseudocount=1.0; filter: raw>=10 in >=3 samples
hsa-miR-193a-5p,2677.33,2124.0,2014.3642,2287.8994,1.0,-0.1836,UNCHANGED,GSE182736,n=3 UF vs n=3 non-UF,EXPLORATORY_DESCRIPTIVE_ONLY_n3vs3; pseudocount=1.0; filter: raw>=10 in >=3 samples
hsa-miR-335-3p,832.33,697.67,652.6268,744.5374,1.0,-0.1898,UNCHANGED,GSE182736,n=3 UF vs n=3 non-UF,EXPLORATORY_DESCRIPTIVE_ONLY_n3vs3; pseudocount=1.0; filter: raw>=10 in >=3 samples
hsa-miR-23c_L+1R-1_1ss15TG,20.78,16.72,15.4656,17.8085,1.0,-0.1919,UNCHANGED,GSE182736,n=3 UF vs n=3 non-UF,EXPLORATORY_DESCRIPTIVE_ONLY_n3vs3; pseudocount=1.0; filter: raw>=10 in >=3 samples
hsa-miR-1287-5p_R-1,127.33,86.33,80.2565,93.1281,1.0,-0.2121,UNCHANGED,GSE182736,n=3 UF vs n=3 non-UF,EXPLORATORY_DESCRIPTIVE_ONLY_n3vs3; pseudocount=1.0; filter: raw>=10 in >=3 samples
hsa-miR-654-5p,12.67,13.67,13.7854,16.1544,1.0,-0.2144,UNCHANGED,GSE182736,n=3 UF vs n=3 non-UF,EXPLORATORY_DESCRIPTIVE_ONLY_n3vs3; pseudocount=1.0; filter: raw>=10 in >=3 samples
hsa-miR-873-5p,26.67,16.33,16.4197,19.3115,1.0,-0.2216,UNCHANGED,GSE182736,n=3 UF vs n=3 non-UF,EXPLORATORY_DESCRIPTIVE_ONLY_n3vs3; pseudocount=1.0; filter: raw>=10 in >=3 samples
hsa-miR-326_R+1,86.67,63.33,52.3536,62.0761,1.0,-0.2415,UNCHANGED,GSE182736,n=3 UF vs n=3 non-UF,EXPLORATORY_DESCRIPTIVE_ONLY_n3vs3; pseudocount=1.0; filter: raw>=10 in >=3 samples
hsa-miR-328-3p,329.67,292.33,263.6412,312.3504,1.0,-0.2437,UNCHANGED,GSE182736,n=3 UF vs n=3 non-UF,EXPLORATORY_DESCRIPTIVE_ONLY_n3vs3; pseudocount=1.0; filter: raw>=10 in >=3 samples
hsa-miR-1301-3p_R-3,220.0,159.33,146.3937,174.2315,1.0,-0.2496,UNCHANGED,GSE182736,n=3 UF vs n=3 non-UF,EXPLORATORY_DESCRIPTIVE_ONLY_n3vs3; pseudocount=1.0; filter: raw>=10 in >=3 samples
hsa-miR-543,125.67,139.67,132.2277,157.4081,1.0,-0.2498,UNCHANGED,GSE182736,n=3 UF vs n=3 non-UF,EXPLORATORY_DESCRIPTIVE_ONLY_n3vs3; pseudocount=1.0; filter: raw>=10 in >=3 samples
hsa-let-7g-5p,47253.79,34947.76,31378.8086,37379.3653,1.0,-0.2524,UNCHANGED,GSE182736,n=3 UF vs n=3 non-UF,EXPLORATORY_DESCRIPTIVE_ONLY_n3vs3; pseudocount=1.0; filter: raw>=10 in >=3 samples
hsa-let-7c-5p,4081.59,2977.77,2708.0577,3238.1922,1.0,-0.2578,UNCHANGED,GSE182736,n=3 UF vs n=3 non-UF,EXPLORATORY_DESCRIPTIVE_ONLY_n3vs3; pseudocount=1.0; filter: raw>=10 in >=3 samples
hsa-miR-4286_R+1,157.0,166.67,123.6056,148.1758,1.0,-0.2596,UNCHANGED,GSE182736,n=3 UF vs n=3 non-UF,EXPLORATORY_DESCRIPTIVE_ONLY_n3vs3; pseudocount=1.0; filter: raw>=10 in >=3 samples
hsa-miR-130b-3p,129.0,102.0,94.3314,113.169,1.0,-0.2601,UNCHANGED,GSE182736,n=3 UF vs n=3 non-UF,EXPLORATORY_DESCRIPTIVE_ONLY_n3vs3; pseudocount=1.0; filter: raw>=10 in >=3 samples
hsa-miR-212-5p,31.33,21.67,21.5999,26.0992,1.0,-0.2619,UNCHANGED,GSE182736,n=3 UF vs n=3 non-UF,EXPLORATORY_DESCRIPTIVE_ONLY_n3vs3; pseudocount=1.0; filter: raw>=10 in >=3 samples
hsa-miR-12136_R+8,526.33,424.67,346.3532,418.4675,1.0,-0.2722,UNCHANGED,GSE182736,n=3 UF vs n=3 non-UF,EXPLORATORY_DESCRIPTIVE_ONLY_n3vs3; pseudocount=1.0; filter: raw>=10 in >=3 samples
hsa-miR-222-5p_R-1,12.0,12.0,9.4952,11.6937,1.0,-0.2744,UNCHANGED,GSE182736,n=3 UF vs n=3 non-UF,EXPLORATORY_DESCRIPTIVE_ONLY_n3vs3; pseudocount=1.0; filter: raw>=10 in >=3 samples
hsa-miR-130a-5p,33.33,23.0,21.4407,26.2286,1.0,-0.279,UNCHANGED,GSE182736,n=3 UF vs n=3 non-UF,EXPLORATORY_DESCRIPTIVE_ONLY_n3vs3; pseudocount=1.0; filter: raw>=10 in >=3 samples
hsa-miR-20a-5p,3775.0,2721.0,2311.5174,2809.5665,1.0,-0.2814,UNCHANGED,GSE182736,n=3 UF vs n=3 non-UF,EXPLORATORY_DESCRIPTIVE_ONLY_n3vs3; pseudocount=1.0; filter: raw>=10 in >=3 samples
hsa-miR-625-3p,119.0,94.0,78.9886,96.3924,1.0,-0.284,UNCHANGED,GSE182736,n=3 UF vs n=3 non-UF,EXPLORATORY_DESCRIPTIVE_ONLY_n3vs3; pseudocount=1.0; filter: raw>=10 in >=3 samples
hsa-miR-200b-5p,132.67,102.33,92.8942,113.9594,1.0,-0.292,UNCHANGED,GSE182736,n=3 UF vs n=3 non-UF,EXPLORATORY_DESCRIPTIVE_ONLY_n3vs3; pseudocount=1.0; filter: raw>=10 in >=3 samples
hsa-miR-452-5p,3311.67,2256.33,2004.7023,2463.0523,1.0,-0.2969,UNCHANGED,GSE182736,n=3 UF vs n=3 non-UF,EXPLORATORY_DESCRIPTIVE_ONLY_n3vs3; pseudocount=1.0; filter: raw>=10 in >=3 samples
hsa-miR-15b-5p,2054.0,1852.0,1605.3169,1987.713,1.0,-0.3081,UNCHANGED,GSE182736,n=3 UF vs n=3 non-UF,EXPLORATORY_DESCRIPTIVE_ONLY_n3vs3; pseudocount=1.0; filter: raw>=10 in >=3 samples
hsa-miR-195-3p_R+1,39.33,34.33,26.2127,32.7408,1.0,-0.3102,UNCHANGED,GSE182736,n=3 UF vs n=3 non-UF,EXPLORATORY_DESCRIPTIVE_ONLY_n3vs3; pseudocount=1.0; filter: raw>=10 in >=3 samples
hsa-miR-26b-3p,84.33,70.33,56.2411,70.0087,1.0,-0.3109,UNCHANGED,GSE182736,n=3 UF vs n=3 non-UF,EXPLORATORY_DESCRIPTIVE_ONLY_n3vs3; pseudocount=1.0; filter: raw>=10 in >=3 samples
hsa-miR-491-5p,21.67,15.33,13.0088,16.4277,1.0,-0.315,UNCHANGED,GSE182736,n=3 UF vs n=3 non-UF,EXPLORATORY_DESCRIPTIVE_ONLY_n3vs3; pseudocount=1.0; filter: raw>=10 in >=3 samples
hsa-miR-148a-3p,52684.67,39058.0,33930.7772,42211.1596,1.0,-0.315,UNCHANGED,GSE182736,n=3 UF vs n=3 non-UF,EXPLORATORY_DESCRIPTIVE_ONLY_n3vs3; pseudocount=1.0; filter: raw>=10 in >=3 samples
hsa-miR-92b-3p,2095.0,1864.0,1609.4732,2025.7288,1.0,-0.3317,UNCHANGED,GSE182736,n=3 UF vs n=3 non-UF,EXPLORATORY_DESCRIPTIVE_ONLY_n3vs3; pseudocount=1.0; filter: raw>=10 in >=3 samples
hsa-miR-190a-5p_R+1,476.67,372.0,305.4036,386.7083,1.0,-0.3395,UNCHANGED,GSE182736,n=3 UF vs n=3 non-UF,EXPLORATORY_DESCRIPTIVE_ONLY_n3vs3; pseudocount=1.0; filter: raw>=10 in >=3 samples
hsa-miR-4454_L-2,25.0,29.33,19.9032,25.6001,1.0,-0.3477,UNCHANGED,GSE182736,n=3 UF vs n=3 non-UF,EXPLORATORY_DESCRIPTIVE_ONLY_n3vs3; pseudocount=1.0; filter: raw>=10 in >=3 samples
hsa-miR-539-3p,70.0,68.33,58.5827,75.0275,1.0,-0.3516,UNCHANGED,GSE182736,n=3 UF vs n=3 non-UF,EXPLORATORY_DESCRIPTIVE_ONLY_n3vs3; pseudocount=1.0; filter: raw>=10 in >=3 samples
hsa-miR-532-3p,154.67,170.33,126.0218,161.6013,1.0,-0.3563,UNCHANGED,GSE182736,n=3 UF vs n=3 non-UF,EXPLORATORY_DESCRIPTIVE_ONLY_n3vs3; pseudocount=1.0; filter: raw>=10 in >=3 samples
hsa-miR-431-5p_R-1,17.67,20.0,17.3425,22.51,1.0,-0.3581,UNCHANGED,GSE182736,n=3 UF vs n=3 non-UF,EXPLORATORY_DESCRIPTIVE_ONLY_n3vs3; pseudocount=1.0; filter: raw>=10 in >=3 samples
hsa-miR-17-5p,1978.67,1468.0,1225.9376,1574.2644,1.0,-0.3605,UNCHANGED,GSE182736,n=3 UF vs n=3 non-UF,EXPLORATORY_DESCRIPTIVE_ONLY_n3vs3; pseudocount=1.0; filter: raw>=10 in >=3 samples
hsa-miR-106a-5p_1ss1AC,1978.67,1468.0,1225.9376,1574.2644,1.0,-0.3605,UNCHANGED,GSE182736,n=3 UF vs n=3 non-UF,EXPLORATORY_DESCRIPTIVE_ONLY_n3vs3; pseudocount=1.0; filter: raw>=10 in >=3 samples
hsa-miR-214-3p,643.67,746.0,648.6974,835.9868,1.0,-0.3654,UNCHANGED,GSE182736,n=3 UF vs n=3 non-UF,EXPLORATORY_DESCRIPTIVE_ONLY_n3vs3; pseudocount=1.0; filter: raw>=10 in >=3 samples
hsa-miR-301a-5p,24.0,18.67,14.868,19.4785,1.0,-0.368,UNCHANGED,GSE182736,n=3 UF vs n=3 non-UF,EXPLORATORY_DESCRIPTIVE_ONLY_n3vs3; pseudocount=1.0; filter: raw>=10 in >=3 samples
hsa-miR-889-3p,83.0,82.0,71.5795,92.7885,1.0,-0.3698,UNCHANGED,GSE182736,n=3 UF vs n=3 non-UF,EXPLORATORY_DESCRIPTIVE_ONLY_n3vs3; pseudocount=1.0; filter: raw>=10 in >=3 samples
hsa-miR-99a-3p_R+1,235.67,148.67,123.9259,161.3221,1.0,-0.3778,UNCHANGED,GSE182736,n=3 UF vs n=3 non-UF,EXPLORATORY_DESCRIPTIVE_ONLY_n3vs3; pseudocount=1.0; filter: raw>=10 in >=3 samples
hsa-miR-18a-5p_R-2,100.5,82.33,63.1609,82.6767,1.0,-0.3831,UNCHANGED,GSE182736,n=3 UF vs n=3 non-UF,EXPLORATORY_DESCRIPTIVE_ONLY_n3vs3; pseudocount=1.0; filter: raw>=10 in >=3 samples
hsa-miR-340-5p,1993.33,1750.67,1374.3267,1799.611,1.0,-0.3887,UNCHANGED,GSE182736,n=3 UF vs n=3 non-UF,EXPLORATORY_DESCRIPTIVE_ONLY_n3vs3; pseudocount=1.0; filter: raw>=10 in >=3 samples
hsa-miR-16-5p,5645.33,4720.83,3876.8859,5096.0411,1.0,-0.3944,UNCHANGED,GSE182736,n=3 UF vs n=3 non-UF,EXPLORATORY_DESCRIPTIVE_ONLY_n3vs3; pseudocount=1.0; filter: raw>=10 in >=3 samples
hsa-miR-16-5p,5645.33,4720.83,3876.8859,5096.0411,1.0,-0.3944,UNCHANGED,GSE182736,n=3 UF vs n=3 non-UF,EXPLORATORY_DESCRIPTIVE_ONLY_n3vs3; pseudocount=1.0; filter: raw>=10 in >=3 samples
hsa-miR-2110_R-1,199.67,167.0,136.7252,180.6034,1.0,-0.399,UNCHANGED,GSE182736,n=3 UF vs n=3 non-UF,EXPLORATORY_DESCRIPTIVE_ONLY_n3vs3; pseudocount=1.0; filter: raw>=10 in >=3 samples
hsa-miR-200a-5p,50.67,39.0,33.2466,44.2098,1.0,-0.4007,UNCHANGED,GSE182736,n=3 UF vs n=3 non-UF,EXPLORATORY_DESCRIPTIVE_ONLY_n3vs3; pseudocount=1.0; filter: raw>=10 in >=3 samples
hsa-miR-423-5p,16027.0,12767.67,10511.9828,14012.063,1.0,-0.4146,UNCHANGED,GSE182736,n=3 UF vs n=3 non-UF,EXPLORATORY_DESCRIPTIVE_ONLY_n3vs3; pseudocount=1.0; filter: raw>=10 in >=3 samples
hsa-miR-708-3p_L-1R+1,47.0,43.33,33.5174,45.2545,1.0,-0.4223,UNCHANGED,GSE182736,n=3 UF vs n=3 non-UF,EXPLORATORY_DESCRIPTIVE_ONLY_n3vs3; pseudocount=1.0; filter: raw>=10 in >=3 samples
hsa-miR-339-3p_R-2,315.33,267.67,212.9025,286.2751,1.0,-0.4255,UNCHANGED,GSE182736,n=3 UF vs n=3 non-UF,EXPLORATORY_DESCRIPTIVE_ONLY_n3vs3; pseudocount=1.0; filter: raw>=10 in >=3 samples
hsa-miR-299-3p,29.33,37.0,27.2524,37.0374,1.0,-0.429,UNCHANGED,GSE182736,n=3 UF vs n=3 non-UF,EXPLORATORY_DESCRIPTIVE_ONLY_n3vs3; pseudocount=1.0; filter: raw>=10 in >=3 samples
hsa-miR-671-5p_R+1,53.0,40.0,30.3142,41.2698,1.0,-0.4328,UNCHANGED,GSE182736,n=3 UF vs n=3 non-UF,EXPLORATORY_DESCRIPTIVE_ONLY_n3vs3; pseudocount=1.0; filter: raw>=10 in >=3 samples
hsa-miR-140-5p,2256.33,1689.67,1332.9657,1805.0658,1.0,-0.4371,UNCHANGED,GSE182736,n=3 UF vs n=3 non-UF,EXPLORATORY_DESCRIPTIVE_ONLY_n3vs3; pseudocount=1.0; filter: raw>=10 in >=3 samples
hsa-miR-495-3p,219.0,246.67,195.9925,266.2953,1.0,-0.4403,UNCHANGED,GSE182736,n=3 UF vs n=3 non-UF,EXPLORATORY_DESCRIPTIVE_ONLY_n3vs3; pseudocount=1.0; filter: raw>=10 in >=3 samples
hsa-miR-19a-3p,878.33,644.67,507.2715,692.3636,1.0,-0.448,UNCHANGED,GSE182736,n=3 UF vs n=3 non-UF,EXPLORATORY_DESCRIPTIVE_ONLY_n3vs3; pseudocount=1.0; filter: raw>=10 in >=3 samples
hsa-miR-493-5p,302.33,350.33,276.7636,380.595,1.0,-0.4582,UNCHANGED,GSE182736,n=3 UF vs n=3 non-UF,EXPLORATORY_DESCRIPTIVE_ONLY_n3vs3; pseudocount=1.0; filter: raw>=10 in >=3 samples
hsa-miR-329-3p,48.33,60.83,46.4151,64.4577,1.0,-0.4652,UNCHANGED,GSE182736,n=3 UF vs n=3 non-UF,EXPLORATORY_DESCRIPTIVE_ONLY_n3vs3; pseudocount=1.0; filter: raw>=10 in >=3 samples
hsa-miR-329-3p,48.33,60.83,46.4151,64.4577,1.0,-0.4652,UNCHANGED,GSE182736,n=3 UF vs n=3 non-UF,EXPLORATORY_DESCRIPTIVE_ONLY_n3vs3; pseudocount=1.0; filter: raw>=10 in >=3 samples
hsa-miR-369-3p,438.33,498.33,397.5149,552.9412,1.0,-0.4751,UNCHANGED,GSE182736,n=3 UF vs n=3 non-UF,EXPLORATORY_DESCRIPTIVE_ONLY_n3vs3; pseudocount=1.0; filter: raw>=10 in >=3 samples
hsa-miR-15a-5p_R-1,3135.67,3027.33,2304.3285,3217.1747,1.0,-0.4813,UNCHANGED,GSE182736,n=3 UF vs n=3 non-UF,EXPLORATORY_DESCRIPTIVE_ONLY_n3vs3; pseudocount=1.0; filter: raw>=10 in >=3 samples
hsa-miR-30c-1-3p_R-2,24.67,23.33,15.2566,21.7676,1.0,-0.486,UNCHANGED,GSE182736,n=3 UF vs n=3 non-UF,EXPLORATORY_DESCRIPTIVE_ONLY_n3vs3; pseudocount=1.0; filter: raw>=10 in >=3 samples
hsa-miR-143-5p_R-1,89.0,100.67,82.1212,115.4487,1.0,-0.4864,UNCHANGED,GSE182736,n=3 UF vs n=3 non-UF,EXPLORATORY_DESCRIPTIVE_ONLY_n3vs3; pseudocount=1.0; filter: raw>=10 in >=3 samples
hsa-miR-369-5p_R-1,30.33,34.33,25.8783,36.9151,1.0,-0.4963,UNCHANGED,GSE182736,n=3 UF vs n=3 non-UF,EXPLORATORY_DESCRIPTIVE_ONLY_n3vs3; pseudocount=1.0; filter: raw>=10 in >=3 samples
hsa-miR-19b-3p_R-1,1942.33,1472.0,1132.3102,1605.5829,1.0,-0.5035,UNCHANGED,GSE182736,n=3 UF vs n=3 non-UF,EXPLORATORY_DESCRIPTIVE_ONLY_n3vs3; pseudocount=1.0; filter: raw>=10 in >=3 samples
hsa-miR-19b-3p_R-1,1942.33,1472.0,1132.3102,1605.5829,1.0,-0.5035,UNCHANGED,GSE182736,n=3 UF vs n=3 non-UF,EXPLORATORY_DESCRIPTIVE_ONLY_n3vs3; pseudocount=1.0; filter: raw>=10 in >=3 samples
hsa-miR-296-5p,66.67,68.0,48.3517,69.0365,1.0,-0.505,UNCHANGED,GSE182736,n=3 UF vs n=3 non-UF,EXPLORATORY_DESCRIPTIVE_ONLY_n3vs3; pseudocount=1.0; filter: raw>=10 in >=3 samples
hsa-miR-130a-3p,4066.0,3851.33,2901.2609,4117.8518,1.0,-0.5051,UNCHANGED,GSE182736,n=3 UF vs n=3 non-UF,EXPLORATORY_DESCRIPTIVE_ONLY_n3vs3; pseudocount=1.0; filter: raw>=10 in >=3 samples
hsa-miR-345-5p,1137.0,990.33,768.2326,1092.6351,1.0,-0.5076,UNCHANGED,GSE182736,n=3 UF vs n=3 non-UF,EXPLORATORY_DESCRIPTIVE_ONLY_n3vs3; pseudocount=1.0; filter: raw>=10 in >=3 samples
hsa-miR-409-5p,106.33,132.67,102.1068,145.6329,1.0,-0.5081,UNCHANGED,GSE182736,n=3 UF vs n=3 non-UF,EXPLORATORY_DESCRIPTIVE_ONLY_n3vs3; pseudocount=1.0; filter: raw>=10 in >=3 samples
hsa-miR-3605-3p_R-2,19.33,18.0,12.6601,18.7497,1.0,-0.5319,UNCHANGED,GSE182736,n=3 UF vs n=3 non-UF,EXPLORATORY_DESCRIPTIVE_ONLY_n3vs3; pseudocount=1.0; filter: raw>=10 in >=3 samples
hsa-miR-10b-5p_R-1,14034.5,11506.17,9321.2778,13517.2193,1.0,-0.5362,UNCHANGED,GSE182736,n=3 UF vs n=3 non-UF,EXPLORATORY_DESCRIPTIVE_ONLY_n3vs3; pseudocount=1.0; filter: raw>=10 in >=3 samples
hsa-miR-655-3p,57.33,67.0,49.9981,73.2057,1.0,-0.5411,UNCHANGED,GSE182736,n=3 UF vs n=3 non-UF,EXPLORATORY_DESCRIPTIVE_ONLY_n3vs3; pseudocount=1.0; filter: raw>=10 in >=3 samples
hsa-miR-206,73.0,78.0,65.2483,95.4727,1.0,-0.5422,UNCHANGED,GSE182736,n=3 UF vs n=3 non-UF,EXPLORATORY_DESCRIPTIVE_ONLY_n3vs3; pseudocount=1.0; filter: raw>=10 in >=3 samples
hsa-miR-200b-3p,6761.83,5835.17,4567.9282,6742.0612,1.0,-0.5615,UNCHANGED,GSE182736,n=3 UF vs n=3 non-UF,EXPLORATORY_DESCRIPTIVE_ONLY_n3vs3; pseudocount=1.0; filter: raw>=10 in >=3 samples
hsa-miR-10399-3p_L+1_1ss22CT,11.67,9.33,6.5868,10.203,1.0,-0.5623,UNCHANGED,GSE182736,n=3 UF vs n=3 non-UF,EXPLORATORY_DESCRIPTIVE_ONLY_n3vs3; pseudocount=1.0; filter: raw>=10 in >=3 samples
hsa-miR-671-3p,15.0,15.33,10.0605,15.4703,1.0,-0.5745,UNCHANGED,GSE182736,n=3 UF vs n=3 non-UF,EXPLORATORY_DESCRIPTIVE_ONLY_n3vs3; pseudocount=1.0; filter: raw>=10 in >=3 samples
hsa-miR-224-3p_L-1,350.33,315.67,235.0309,351.5828,1.0,-0.579,UNCHANGED,GSE182736,n=3 UF vs n=3 non-UF,EXPLORATORY_DESCRIPTIVE_ONLY_n3vs3; pseudocount=1.0; filter: raw>=10 in >=3 samples
hsa-miR-190a-3p_L+1,31.0,31.0,20.4878,31.1145,1.0,-0.5797,UNCHANGED,GSE182736,n=3 UF vs n=3 non-UF,EXPLORATORY_DESCRIPTIVE_ONLY_n3vs3; pseudocount=1.0; filter: raw>=10 in >=3 samples
hsa-miR-200a-3p_R+1,10094.67,8282.83,6475.8623,9726.6629,1.0,-0.5868,UNCHANGED,GSE182736,n=3 UF vs n=3 non-UF,EXPLORATORY_DESCRIPTIVE_ONLY_n3vs3; pseudocount=1.0; filter: raw>=10 in >=3 samples
hsa-miR-1299,8.0,7.33,6.4904,10.2761,1.0,-0.5902,UNCHANGED,GSE182736,n=3 UF vs n=3 non-UF,EXPLORATORY_DESCRIPTIVE_ONLY_n3vs3; pseudocount=1.0; filter: raw>=10 in >=3 samples
hsa-miR-301a-3p,121.33,107.0,78.977,119.6073,1.0,-0.5927,UNCHANGED,GSE182736,n=3 UF vs n=3 non-UF,EXPLORATORY_DESCRIPTIVE_ONLY_n3vs3; pseudocount=1.0; filter: raw>=10 in >=3 samples
hsa-miR-429,1175.0,971.0,747.4235,1131.4043,1.0,-0.5975,UNCHANGED,GSE182736,n=3 UF vs n=3 non-UF,EXPLORATORY_DESCRIPTIVE_ONLY_n3vs3; pseudocount=1.0; filter: raw>=10 in >=3 samples
hsa-miR-874-3p,106.33,97.67,65.275,100.4195,1.0,-0.6138,UNCHANGED,GSE182736,n=3 UF vs n=3 non-UF,EXPLORATORY_DESCRIPTIVE_ONLY_n3vs3; pseudocount=1.0; filter: raw>=10 in >=3 samples
hsa-miR-664b-3p,12.67,13.67,8.9613,14.2695,1.0,-0.6163,UNCHANGED,GSE182736,n=3 UF vs n=3 non-UF,EXPLORATORY_DESCRIPTIVE_ONLY_n3vs3; pseudocount=1.0; filter: raw>=10 in >=3 samples
hsa-miR-411-5p,186.67,251.0,179.3499,275.6159,1.0,-0.6171,UNCHANGED,GSE182736,n=3 UF vs n=3 non-UF,EXPLORATORY_DESCRIPTIVE_ONLY_n3vs3; pseudocount=1.0; filter: raw>=10 in >=3 samples
hsa-miR-26a-2-3p,39.67,43.67,27.6431,43.1858,1.0,-0.6254,UNCHANGED,GSE182736,n=3 UF vs n=3 non-UF,EXPLORATORY_DESCRIPTIVE_ONLY_n3vs3; pseudocount=1.0; filter: raw>=10 in >=3 samples
hsa-miR-296-3p,37.0,41.67,28.1087,44.0472,1.0,-0.63,UNCHANGED,GSE182736,n=3 UF vs n=3 non-UF,EXPLORATORY_DESCRIPTIVE_ONLY_n3vs3; pseudocount=1.0; filter: raw>=10 in >=3 samples
hsa-miR-382-3p_R+1,89.33,113.67,81.1443,126.3514,1.0,-0.6326,UNCHANGED,GSE182736,n=3 UF vs n=3 non-UF,EXPLORATORY_DESCRIPTIVE_ONLY_n3vs3; pseudocount=1.0; filter: raw>=10 in >=3 samples
hsa-miR-10399-5p,23.33,24.33,17.1333,27.6992,1.0,-0.6624,UNCHANGED,GSE182736,n=3 UF vs n=3 non-UF,EXPLORATORY_DESCRIPTIVE_ONLY_n3vs3; pseudocount=1.0; filter: raw>=10 in >=3 samples
hsa-miR-133a-3p_L-1R+1,405.83,491.44,370.8317,592.5351,1.0,-0.6747,UNCHANGED,GSE182736,n=3 UF vs n=3 non-UF,EXPLORATORY_DESCRIPTIVE_ONLY_n3vs3; pseudocount=1.0; filter: raw>=10 in >=3 samples
hsa-miR-133a-3p_L-1R+1,405.83,491.44,370.8317,592.5351,1.0,-0.6747,UNCHANGED,GSE182736,n=3 UF vs n=3 non-UF,EXPLORATORY_DESCRIPTIVE_ONLY_n3vs3; pseudocount=1.0; filter: raw>=10 in >=3 samples
hsa-miR-362-5p,317.67,292.67,196.5449,315.0374,1.0,-0.6779,UNCHANGED,GSE182736,n=3 UF vs n=3 non-UF,EXPLORATORY_DESCRIPTIVE_ONLY_n3vs3; pseudocount=1.0; filter: raw>=10 in >=3 samples
hsa-miR-377-5p,9.33,12.33,8.0994,13.5638,1.0,-0.6785,UNCHANGED,GSE182736,n=3 UF vs n=3 non-UF,EXPLORATORY_DESCRIPTIVE_ONLY_n3vs3; pseudocount=1.0; filter: raw>=10 in >=3 samples
hsa-miR-450a-5p,333.67,418.67,296.5814,475.3839,1.0,-0.6788,UNCHANGED,GSE182736,n=3 UF vs n=3 non-UF,EXPLORATORY_DESCRIPTIVE_ONLY_n3vs3; pseudocount=1.0; filter: raw>=10 in >=3 samples
hsa-miR-450a-5p,333.67,418.67,296.5814,475.3839,1.0,-0.6788,UNCHANGED,GSE182736,n=3 UF vs n=3 non-UF,EXPLORATORY_DESCRIPTIVE_ONLY_n3vs3; pseudocount=1.0; filter: raw>=10 in >=3 samples
hsa-miR-424-3p,217.33,283.67,199.5506,323.9716,1.0,-0.6963,UNCHANGED,GSE182736,n=3 UF vs n=3 non-UF,EXPLORATORY_DESCRIPTIVE_ONLY_n3vs3; pseudocount=1.0; filter: raw>=10 in >=3 samples
hsa-miR-410-3p,127.0,178.0,122.5222,199.7457,1.0,-0.7006,UNCHANGED,GSE182736,n=3 UF vs n=3 non-UF,EXPLORATORY_DESCRIPTIVE_ONLY_n3vs3; pseudocount=1.0; filter: raw>=10 in >=3 samples
hsa-miR-532-5p,1594.0,1696.67,1083.7569,1769.4029,1.0,-0.7067,UNCHANGED,GSE182736,n=3 UF vs n=3 non-UF,EXPLORATORY_DESCRIPTIVE_ONLY_n3vs3; pseudocount=1.0; filter: raw>=10 in >=3 samples
hsa-miR-432-5p_1ss23GT,82.33,111.0,77.7856,128.6044,1.0,-0.7181,UNCHANGED,GSE182736,n=3 UF vs n=3 non-UF,EXPLORATORY_DESCRIPTIVE_ONLY_n3vs3; pseudocount=1.0; filter: raw>=10 in >=3 samples
hsa-miR-377-3p,215.0,294.0,198.7994,332.2023,1.0,-0.7378,UNCHANGED,GSE182736,n=3 UF vs n=3 non-UF,EXPLORATORY_DESCRIPTIVE_ONLY_n3vs3; pseudocount=1.0; filter: raw>=10 in >=3 samples
hsa-miR-542-3p,133.0,168.67,108.927,185.0146,1.0,-0.7589,UNCHANGED,GSE182736,n=3 UF vs n=3 non-UF,EXPLORATORY_DESCRIPTIVE_ONLY_n3vs3; pseudocount=1.0; filter: raw>=10 in >=3 samples
hsa-miR-323a-3p_L+1,131.33,190.67,126.0348,214.1,1.0,-0.7598,UNCHANGED,GSE182736,n=3 UF vs n=3 non-UF,EXPLORATORY_DESCRIPTIVE_ONLY_n3vs3; pseudocount=1.0; filter: raw>=10 in >=3 samples
hsa-miR-493-3p,63.0,78.0,52.8167,90.3839,1.0,-0.7639,UNCHANGED,GSE182736,n=3 UF vs n=3 non-UF,EXPLORATORY_DESCRIPTIVE_ONLY_n3vs3; pseudocount=1.0; filter: raw>=10 in >=3 samples
hsa-miR-181a-3p,191.33,223.67,136.0261,233.5627,1.0,-0.7755,UNCHANGED,GSE182736,n=3 UF vs n=3 non-UF,EXPLORATORY_DESCRIPTIVE_ONLY_n3vs3; pseudocount=1.0; filter: raw>=10 in >=3 samples
hsa-miR-127-3p,1749.0,2370.67,1600.1212,2756.4004,1.0,-0.7842,UNCHANGED,GSE182736,n=3 UF vs n=3 non-UF,EXPLORATORY_DESCRIPTIVE_ONLY_n3vs3; pseudocount=1.0; filter: raw>=10 in >=3 samples
hsa-miR-381-3p,501.33,662.33,429.3621,740.2131,1.0,-0.7843,UNCHANGED,GSE182736,n=3 UF vs n=3 non-UF,EXPLORATORY_DESCRIPTIVE_ONLY_n3vs3; pseudocount=1.0; filter: raw>=10 in >=3 samples
hsa-miR-136-5p_R-1,189.0,272.33,177.7817,307.7526,1.0,-0.7883,UNCHANGED,GSE182736,n=3 UF vs n=3 non-UF,EXPLORATORY_DESCRIPTIVE_ONLY_n3vs3; pseudocount=1.0; filter: raw>=10 in >=3 samples
hsa-miR-92a-1-5p,8.33,11.0,6.2966,11.742,1.0,-0.8043,UNCHANGED,GSE182736,n=3 UF vs n=3 non-UF,EXPLORATORY_DESCRIPTIVE_ONLY_n3vs3; pseudocount=1.0; filter: raw>=10 in >=3 samples
hsa-miR-409-3p,411.67,574.67,386.7091,676.8587,1.0,-0.806,UNCHANGED,GSE182736,n=3 UF vs n=3 non-UF,EXPLORATORY_DESCRIPTIVE_ONLY_n3vs3; pseudocount=1.0; filter: raw>=10 in >=3 samples
hsa-miR-411-3p_R-1,30.67,52.33,33.1625,58.7725,1.0,-0.8071,UNCHANGED,GSE182736,n=3 UF vs n=3 non-UF,EXPLORATORY_DESCRIPTIVE_ONLY_n3vs3; pseudocount=1.0; filter: raw>=10 in >=3 samples
hsa-miR-576-3p_R-1,27.67,29.67,17.0628,30.6937,1.0,-0.8112,UNCHANGED,GSE182736,n=3 UF vs n=3 non-UF,EXPLORATORY_DESCRIPTIVE_ONLY_n3vs3; pseudocount=1.0; filter: raw>=10 in >=3 samples
hsa-miR-1185-1-3p,37.5,56.17,34.1851,60.9477,1.0,-0.8161,UNCHANGED,GSE182736,n=3 UF vs n=3 non-UF,EXPLORATORY_DESCRIPTIVE_ONLY_n3vs3; pseudocount=1.0; filter: raw>=10 in >=3 samples
hsa-miR-342-3p,1983.33,2674.0,1471.3296,2593.603,1.0,-0.8174,UNCHANGED,GSE182736,n=3 UF vs n=3 non-UF,EXPLORATORY_DESCRIPTIVE_ONLY_n3vs3; pseudocount=1.0; filter: raw>=10 in >=3 samples
hsa-miR-758-3p_R-1,54.0,83.0,50.4747,90.2725,1.0,-0.8263,UNCHANGED,GSE182736,n=3 UF vs n=3 non-UF,EXPLORATORY_DESCRIPTIVE_ONLY_n3vs3; pseudocount=1.0; filter: raw>=10 in >=3 samples
hsa-miR-500b-5p_L+1R+4,30.67,35.83,20.5143,37.1627,1.0,-0.8269,UNCHANGED,GSE182736,n=3 UF vs n=3 non-UF,EXPLORATORY_DESCRIPTIVE_ONLY_n3vs3; pseudocount=1.0; filter: raw>=10 in >=3 samples
hsa-miR-500b-5p_L+1R+4,30.67,35.83,20.5143,37.1627,1.0,-0.8269,UNCHANGED,GSE182736,n=3 UF vs n=3 non-UF,EXPLORATORY_DESCRIPTIVE_ONLY_n3vs3; pseudocount=1.0; filter: raw>=10 in >=3 samples
hsa-miR-487a-3p,48.67,77.33,49.2911,88.6118,1.0,-0.8334,UNCHANGED,GSE182736,n=3 UF vs n=3 non-UF,EXPLORATORY_DESCRIPTIVE_ONLY_n3vs3; pseudocount=1.0; filter: raw>=10 in >=3 samples
hsa-miR-1268b_R-2,17.67,20.0,11.4123,21.1416,1.0,-0.835,UNCHANGED,GSE182736,n=3 UF vs n=3 non-UF,EXPLORATORY_DESCRIPTIVE_ONLY_n3vs3; pseudocount=1.0; filter: raw>=10 in >=3 samples
hsa-miR-1268a,17.67,20.0,11.4123,21.1416,1.0,-0.835,UNCHANGED,GSE182736,n=3 UF vs n=3 non-UF,EXPLORATORY_DESCRIPTIVE_ONLY_n3vs3; pseudocount=1.0; filter: raw>=10 in >=3 samples
hsa-miR-1290_1ss13TG,19.5,39.83,19.5006,35.9367,1.0,-0.8494,UNCHANGED,GSE182736,n=3 UF vs n=3 non-UF,EXPLORATORY_DESCRIPTIVE_ONLY_n3vs3; pseudocount=1.0; filter: raw>=10 in >=3 samples
hsa-miR-494-3p_R+1,397.33,556.67,357.7475,646.1532,1.0,-0.8511,UNCHANGED,GSE182736,n=3 UF vs n=3 non-UF,EXPLORATORY_DESCRIPTIVE_ONLY_n3vs3; pseudocount=1.0; filter: raw>=10 in >=3 samples
hsa-miR-376a-3p_1ss6AG,62.06,98.33,59.4882,108.8375,1.0,-0.8606,UNCHANGED,GSE182736,n=3 UF vs n=3 non-UF,EXPLORATORY_DESCRIPTIVE_ONLY_n3vs3; pseudocount=1.0; filter: raw>=10 in >=3 samples
hsa-miR-376a-3p_1ss6AG,62.06,98.33,59.4882,108.8375,1.0,-0.8606,UNCHANGED,GSE182736,n=3 UF vs n=3 non-UF,EXPLORATORY_DESCRIPTIVE_ONLY_n3vs3; pseudocount=1.0; filter: raw>=10 in >=3 samples
hsa-miR-504-5p_R-1,84.0,104.33,58.9817,109.029,1.0,-0.8753,UNCHANGED,GSE182736,n=3 UF vs n=3 non-UF,EXPLORATORY_DESCRIPTIVE_ONLY_n3vs3; pseudocount=1.0; filter: raw>=10 in >=3 samples
hsa-miR-487b-3p,191.67,281.0,167.6192,312.1991,1.0,-0.8933,UNCHANGED,GSE182736,n=3 UF vs n=3 non-UF,EXPLORATORY_DESCRIPTIVE_ONLY_n3vs3; pseudocount=1.0; filter: raw>=10 in >=3 samples
hsa-miR-33a-3p_R-1,26.0,31.0,17.2652,33.1385,1.0,-0.9023,UNCHANGED,GSE182736,n=3 UF vs n=3 non-UF,EXPLORATORY_DESCRIPTIVE_ONLY_n3vs3; pseudocount=1.0; filter: raw>=10 in >=3 samples
hsa-miR-501-3p,274.0,347.67,190.3291,358.3402,1.0,-0.9093,UNCHANGED,GSE182736,n=3 UF vs n=3 non-UF,EXPLORATORY_DESCRIPTIVE_ONLY_n3vs3; pseudocount=1.0; filter: raw>=10 in >=3 samples
hsa-miR-376c-3p,337.33,556.67,324.6395,610.715,1.0,-0.9096,UNCHANGED,GSE182736,n=3 UF vs n=3 non-UF,EXPLORATORY_DESCRIPTIVE_ONLY_n3vs3; pseudocount=1.0; filter: raw>=10 in >=3 samples
hsa-miR-450b-5p_R-1,112.33,168.67,100.8558,191.6826,1.0,-0.9197,UNCHANGED,GSE182736,n=3 UF vs n=3 non-UF,EXPLORATORY_DESCRIPTIVE_ONLY_n3vs3; pseudocount=1.0; filter: raw>=10 in >=3 samples
hsa-miR-424-5p_R-1,1410.33,1961.33,1189.4635,2263.6412,1.0,-0.9278,UNCHANGED,GSE182736,n=3 UF vs n=3 non-UF,EXPLORATORY_DESCRIPTIVE_ONLY_n3vs3; pseudocount=1.0; filter: raw>=10 in >=3 samples
hsa-miR-337-3p_L-1,81.0,138.67,76.3095,146.5113,1.0,-0.9321,UNCHANGED,GSE182736,n=3 UF vs n=3 non-UF,EXPLORATORY_DESCRIPTIVE_ONLY_n3vs3; pseudocount=1.0; filter: raw>=10 in >=3 samples
hsa-miR-656-3p,61.67,97.33,56.5805,109.3918,1.0,-0.939,UNCHANGED,GSE182736,n=3 UF vs n=3 non-UF,EXPLORATORY_DESCRIPTIVE_ONLY_n3vs3; pseudocount=1.0; filter: raw>=10 in >=3 samples
hsa-miR-708-5p,217.33,260.0,149.2082,287.2177,1.0,-0.9402,UNCHANGED,GSE182736,n=3 UF vs n=3 non-UF,EXPLORATORY_DESCRIPTIVE_ONLY_n3vs3; pseudocount=1.0; filter: raw>=10 in >=3 samples
hsa-miR-127-5p_R+1,74.0,104.0,61.9966,120.158,1.0,-0.9435,UNCHANGED,GSE182736,n=3 UF vs n=3 non-UF,EXPLORATORY_DESCRIPTIVE_ONLY_n3vs3; pseudocount=1.0; filter: raw>=10 in >=3 samples
hsa-miR-382-5p,223.67,333.0,200.341,390.6535,1.0,-0.9599,UNCHANGED,GSE182736,n=3 UF vs n=3 non-UF,EXPLORATORY_DESCRIPTIVE_ONLY_n3vs3; pseudocount=1.0; filter: raw>=10 in >=3 samples
hsa-miR-379-3p_R-1,16.33,27.0,16.1264,32.4068,1.0,-0.9639,UNCHANGED,GSE182736,n=3 UF vs n=3 non-UF,EXPLORATORY_DESCRIPTIVE_ONLY_n3vs3; pseudocount=1.0; filter: raw>=10 in >=3 samples
hsa-miR-503-5p_R-1,83.67,115.67,63.6556,126.4577,1.0,-0.9792,UNCHANGED,GSE182736,n=3 UF vs n=3 non-UF,EXPLORATORY_DESCRIPTIVE_ONLY_n3vs3; pseudocount=1.0; filter: raw>=10 in >=3 samples
hsa-miR-10b-3p_L-1,84.33,100.67,57.9791,115.4279,1.0,-0.9812,UNCHANGED,GSE182736,n=3 UF vs n=3 non-UF,EXPLORATORY_DESCRIPTIVE_ONLY_n3vs3; pseudocount=1.0; filter: raw>=10 in >=3 samples
hsa-miR-188-5p_R+1,23.33,36.0,17.4517,35.5052,1.0,-0.9843,UNCHANGED,GSE182736,n=3 UF vs n=3 non-UF,EXPLORATORY_DESCRIPTIVE_ONLY_n3vs3; pseudocount=1.0; filter: raw>=10 in >=3 samples
hsa-miR-1197,13.33,17.67,10.0746,21.3752,1.0,-1.0147,DOWN,GSE182736,n=3 UF vs n=3 non-UF,EXPLORATORY_DESCRIPTIVE_ONLY_n3vs3; pseudocount=1.0; filter: raw>=10 in >=3 samples
hsa-miR-154-3p,47.33,72.0,39.837,81.6915,1.0,-1.0179,DOWN,GSE182736,n=3 UF vs n=3 non-UF,EXPLORATORY_DESCRIPTIVE_ONLY_n3vs3; pseudocount=1.0; filter: raw>=10 in >=3 samples
hsa-miR-187-3p_R+1,12.67,18.0,9.8255,21.0756,1.0,-1.028,DOWN,GSE182736,n=3 UF vs n=3 non-UF,EXPLORATORY_DESCRIPTIVE_ONLY_n3vs3; pseudocount=1.0; filter: raw>=10 in >=3 samples
hsa-miR-660-5p_R+1,2363.0,3016.67,1566.8385,3202.5631,1.0,-1.0309,DOWN,GSE182736,n=3 UF vs n=3 non-UF,EXPLORATORY_DESCRIPTIVE_ONLY_n3vs3; pseudocount=1.0; filter: raw>=10 in >=3 samples
hsa-miR-323b-3p_R-1,22.33,50.33,25.0696,52.3754,1.0,-1.0338,DOWN,GSE182736,n=3 UF vs n=3 non-UF,EXPLORATORY_DESCRIPTIVE_ONLY_n3vs3; pseudocount=1.0; filter: raw>=10 in >=3 samples
hsa-miR-154-5p,47.0,80.67,42.571,88.7045,1.0,-1.0418,DOWN,GSE182736,n=3 UF vs n=3 non-UF,EXPLORATORY_DESCRIPTIVE_ONLY_n3vs3; pseudocount=1.0; filter: raw>=10 in >=3 samples
hsa-miR-500a-3p_L+1R-1_1ss22TA,566.67,742.0,374.8072,779.712,1.0,-1.0548,DOWN,GSE182736,n=3 UF vs n=3 non-UF,EXPLORATORY_DESCRIPTIVE_ONLY_n3vs3; pseudocount=1.0; filter: raw>=10 in >=3 samples
hsa-miR-502-3p,566.67,742.0,374.8072,779.712,1.0,-1.0548,DOWN,GSE182736,n=3 UF vs n=3 non-UF,EXPLORATORY_DESCRIPTIVE_ONLY_n3vs3; pseudocount=1.0; filter: raw>=10 in >=3 samples
hsa-miR-337-5p,20.0,42.0,22.3365,47.5212,1.0,-1.056,DOWN,GSE182736,n=3 UF vs n=3 non-UF,EXPLORATORY_DESCRIPTIVE_ONLY_n3vs3; pseudocount=1.0; filter: raw>=10 in >=3 samples
hsa-miR-485-5p_R+1,11.0,22.33,10.158,22.253,1.0,-1.0593,DOWN,GSE182736,n=3 UF vs n=3 non-UF,EXPLORATORY_DESCRIPTIVE_ONLY_n3vs3; pseudocount=1.0; filter: raw>=10 in >=3 samples
hsa-miR-379-5p,164.0,292.67,159.0219,332.8443,1.0,-1.0609,DOWN,GSE182736,n=3 UF vs n=3 non-UF,EXPLORATORY_DESCRIPTIVE_ONLY_n3vs3; pseudocount=1.0; filter: raw>=10 in >=3 samples
hsa-miR-195-5p_R+1,822.33,1253.67,601.9033,1265.986,1.0,-1.0714,DOWN,GSE182736,n=3 UF vs n=3 non-UF,EXPLORATORY_DESCRIPTIVE_ONLY_n3vs3; pseudocount=1.0; filter: raw>=10 in >=3 samples
hsa-miR-25-5p_R+2,15.67,24.33,11.4366,25.8572,1.0,-1.1107,DOWN,GSE182736,n=3 UF vs n=3 non-UF,EXPLORATORY_DESCRIPTIVE_ONLY_n3vs3; pseudocount=1.0; filter: raw>=10 in >=3 samples
hsa-miR-196b-5p,177.67,207.0,111.3682,243.2248,1.0,-1.12,DOWN,GSE182736,n=3 UF vs n=3 non-UF,EXPLORATORY_DESCRIPTIVE_ONLY_n3vs3; pseudocount=1.0; filter: raw>=10 in >=3 samples
hsa-miR-136-3p,349.33,605.67,314.2991,685.5627,1.0,-1.1227,DOWN,GSE182736,n=3 UF vs n=3 non-UF,EXPLORATORY_DESCRIPTIVE_ONLY_n3vs3; pseudocount=1.0; filter: raw>=10 in >=3 samples
hsa-miR-134-5p,102.0,187.67,95.141,212.9258,1.0,-1.1539,DOWN,GSE182736,n=3 UF vs n=3 non-UF,EXPLORATORY_DESCRIPTIVE_ONLY_n3vs3; pseudocount=1.0; filter: raw>=10 in >=3 samples
hsa-miR-342-5p_R+1,22.67,31.33,15.39,35.8997,1.0,-1.1708,DOWN,GSE182736,n=3 UF vs n=3 non-UF,EXPLORATORY_DESCRIPTIVE_ONLY_n3vs3; pseudocount=1.0; filter: raw>=10 in >=3 samples
hsa-miR-488-3p_R+1,84.33,121.67,57.612,131.9995,1.0,-1.1822,DOWN,GSE182736,n=3 UF vs n=3 non-UF,EXPLORATORY_DESCRIPTIVE_ONLY_n3vs3; pseudocount=1.0; filter: raw>=10 in >=3 samples
hsa-miR-204-5p,4074.67,5808.0,2810.5485,6382.8457,1.0,-1.1831,DOWN,GSE182736,n=3 UF vs n=3 non-UF,EXPLORATORY_DESCRIPTIVE_ONLY_n3vs3; pseudocount=1.0; filter: raw>=10 in >=3 samples
hsa-miR-370-3p,68.0,113.33,59.4856,137.4609,1.0,-1.1948,DOWN,GSE182736,n=3 UF vs n=3 non-UF,EXPLORATORY_DESCRIPTIVE_ONLY_n3vs3; pseudocount=1.0; filter: raw>=10 in >=3 samples
hsa-miR-625-5p_R-1,27.67,40.0,18.0504,42.6877,1.0,-1.1974,DOWN,GSE182736,n=3 UF vs n=3 non-UF,EXPLORATORY_DESCRIPTIVE_ONLY_n3vs3; pseudocount=1.0; filter: raw>=10 in >=3 samples
hsa-miR-335-5p_R-1,9786.0,14791.33,7136.6914,16665.0548,1.0,-1.2234,DOWN,GSE182736,n=3 UF vs n=3 non-UF,EXPLORATORY_DESCRIPTIVE_ONLY_n3vs3; pseudocount=1.0; filter: raw>=10 in >=3 samples
hsa-miR-497-5p,1525.67,2439.67,1093.3114,2562.3019,1.0,-1.228,DOWN,GSE182736,n=3 UF vs n=3 non-UF,EXPLORATORY_DESCRIPTIVE_ONLY_n3vs3; pseudocount=1.0; filter: raw>=10 in >=3 samples
hsa-miR-629-5p_R+1,149.0,204.67,89.1822,218.2161,1.0,-1.2814,DOWN,GSE182736,n=3 UF vs n=3 non-UF,EXPLORATORY_DESCRIPTIVE_ONLY_n3vs3; pseudocount=1.0; filter: raw>=10 in >=3 samples
hsa-miR-362-3p_R-1,61.67,108.33,42.3778,105.5071,1.0,-1.2959,DOWN,GSE182736,n=3 UF vs n=3 non-UF,EXPLORATORY_DESCRIPTIVE_ONLY_n3vs3; pseudocount=1.0; filter: raw>=10 in >=3 samples
hsa-miR-299-5p,12.33,30.0,11.6111,30.1754,1.0,-1.3057,DOWN,GSE182736,n=3 UF vs n=3 non-UF,EXPLORATORY_DESCRIPTIVE_ONLY_n3vs3; pseudocount=1.0; filter: raw>=10 in >=3 samples
hsa-miR-1-3p,66.83,121.33,56.6052,142.0358,1.0,-1.3121,DOWN,GSE182736,n=3 UF vs n=3 non-UF,EXPLORATORY_DESCRIPTIVE_ONLY_n3vs3; pseudocount=1.0; filter: raw>=10 in >=3 samples
hsa-miR-1-3p,66.83,121.33,56.6052,142.0358,1.0,-1.3121,DOWN,GSE182736,n=3 UF vs n=3 non-UF,EXPLORATORY_DESCRIPTIVE_ONLY_n3vs3; pseudocount=1.0; filter: raw>=10 in >=3 samples
hsa-miR-376c-5p_L-1R+1,6.17,12.83,4.6913,14.8567,1.0,-1.4783,DOWN,GSE182736,n=3 UF vs n=3 non-UF,EXPLORATORY_DESCRIPTIVE_ONLY_n3vs3; pseudocount=1.0; filter: raw>=10 in >=3 samples
hsa-miR-376b-5p_L-1,6.17,12.83,4.6913,14.8567,1.0,-1.4783,DOWN,GSE182736,n=3 UF vs n=3 non-UF,EXPLORATORY_DESCRIPTIVE_ONLY_n3vs3; pseudocount=1.0; filter: raw>=10 in >=3 samples
hsa-miR-204-3p,244.33,415.67,166.3174,471.6607,1.0,-1.4982,DOWN,GSE182736,n=3 UF vs n=3 non-UF,EXPLORATORY_DESCRIPTIVE_ONLY_n3vs3; pseudocount=1.0; filter: raw>=10 in >=3 samples
hsa-miR-654-3p_R-2,195.67,442.67,170.8935,484.7934,1.0,-1.4988,DOWN,GSE182736,n=3 UF vs n=3 non-UF,EXPLORATORY_DESCRIPTIVE_ONLY_n3vs3; pseudocount=1.0; filter: raw>=10 in >=3 samples
hsa-miR-146b-5p_R+1,11087.5,23400.67,8326.9378,25501.1696,1.0,-1.6146,DOWN,GSE182736,n=3 UF vs n=3 non-UF,EXPLORATORY_DESCRIPTIVE_ONLY_n3vs3; pseudocount=1.0; filter: raw>=10 in >=3 samples
hsa-miR-144-3p,14.67,37.0,12.2877,42.6036,1.0,-1.7144,DOWN,GSE182736,n=3 UF vs n=3 non-UF,EXPLORATORY_DESCRIPTIVE_ONLY_n3vs3; pseudocount=1.0; filter: raw>=10 in >=3 samples
hsa-miR-486-5p_R-1,30.33,74.33,24.2669,94.4335,1.0,-1.9172,DOWN,GSE182736,n=3 UF vs n=3 non-UF,EXPLORATORY_DESCRIPTIVE_ONLY_n3vs3; pseudocount=1.0; filter: raw>=10 in >=3 samples
hsa-miR-486-5p_R-1,30.33,74.33,24.2669,94.4335,1.0,-1.9172,DOWN,GSE182736,n=3 UF vs n=3 non-UF,EXPLORATORY_DESCRIPTIVE_ONLY_n3vs3; pseudocount=1.0; filter: raw>=10 in >=3 samples
hsa-miR-590-5p,9.67,17.0,3.6111,17.0952,1.0,-1.9724,DOWN,GSE182736,n=3 UF vs n=3 non-UF,EXPLORATORY_DESCRIPTIVE_ONLY_n3vs3; pseudocount=1.0; filter: raw>=10 in >=3 samples
hsa-miR-155-5p_R-1,146.33,428.0,109.0092,451.2746,1.0,-2.0396,DOWN,GSE182736,n=3 UF vs n=3 non-UF,EXPLORATORY_DESCRIPTIVE_ONLY_n3vs3; pseudocount=1.0; filter: raw>=10 in >=3 samples
hsa-miR-146b-3p,119.0,334.33,83.8357,359.445,1.0,-2.087,DOWN,GSE182736,n=3 UF vs n=3 non-UF,EXPLORATORY_DESCRIPTIVE_ONLY_n3vs3; pseudocount=1.0; filter: raw>=10 in >=3 samples
hsa-miR-190b-5p,32.67,86.33,22.881,106.9896,1.0,-2.177,DOWN,GSE182736,n=3 UF vs n=3 non-UF,EXPLORATORY_DESCRIPTIVE_ONLY_n3vs3; pseudocount=1.0; filter: raw>=10 in >=3 samples
hsa-miR-200c-3p,1426.83,3875.17,1045.3744,4735.5254,1.0,-2.1784,DOWN,GSE182736,n=3 UF vs n=3 non-UF,EXPLORATORY_DESCRIPTIVE_ONLY_n3vs3; pseudocount=1.0; filter: raw>=10 in >=3 samples
hsa-miR-653-3p_R-1,10.33,62.67,10.146,51.7733,1.0,-2.2433,DOWN,GSE182736,n=3 UF vs n=3 non-UF,EXPLORATORY_DESCRIPTIVE_ONLY_n3vs3; pseudocount=1.0; filter: raw>=10 in >=3 samples
hsa-miR-141-3p_R-1,853.67,2480.5,607.7463,3055.2218,1.0,-2.3278,DOWN,GSE182736,n=3 UF vs n=3 non-UF,EXPLORATORY_DESCRIPTIVE_ONLY_n3vs3; pseudocount=1.0; filter: raw>=10 in >=3 samples
hsa-miR-455-5p,401.33,1481.0,315.5821,1677.8336,1.0,-2.4068,DOWN,GSE182736,n=3 UF vs n=3 non-UF,EXPLORATORY_DESCRIPTIVE_ONLY_n3vs3; pseudocount=1.0; filter: raw>=10 in >=3 samples
hsa-miR-146a-5p,808.5,4243.67,773.6345,4204.8805,1.0,-2.4408,DOWN,GSE182736,n=3 UF vs n=3 non-UF,EXPLORATORY_DESCRIPTIVE_ONLY_n3vs3; pseudocount=1.0; filter: raw>=10 in >=3 samples
hsa-miR-455-3p_R+1,357.33,1709.33,320.8613,1903.6989,1.0,-2.5651,DOWN,GSE182736,n=3 UF vs n=3 non-UF,EXPLORATORY_DESCRIPTIVE_ONLY_n3vs3; pseudocount=1.0; filter: raw>=10 in >=3 samples
hsa-miR-223-3p,1129.33,5924.33,998.2262,5979.9284,1.0,-2.5815,DOWN,GSE182736,n=3 UF vs n=3 non-UF,EXPLORATORY_DESCRIPTIVE_ONLY_n3vs3; pseudocount=1.0; filter: raw>=10 in >=3 samples
hsa-miR-375-3p,65.67,241.0,47.7086,298.7811,1.0,-2.6217,DOWN,GSE182736,n=3 UF vs n=3 non-UF,EXPLORATORY_DESCRIPTIVE_ONLY_n3vs3; pseudocount=1.0; filter: raw>=10 in >=3 samples
hsa-miR-142-3p_R-1,368.33,2186.0,339.6284,2142.2655,1.0,-2.6535,DOWN,GSE182736,n=3 UF vs n=3 non-UF,EXPLORATORY_DESCRIPTIVE_ONLY_n3vs3; pseudocount=1.0; filter: raw>=10 in >=3 samples
hsa-miR-1246_L-1R+1,8.17,45.83,6.0345,43.3738,1.0,-2.6572,DOWN,GSE182736,n=3 UF vs n=3 non-UF,EXPLORATORY_DESCRIPTIVE_ONLY_n3vs3; pseudocount=1.0; filter: raw>=10 in >=3 samples
hsa-miR-451a_R-1,70.67,393.33,71.7733,478.6084,1.0,-2.7204,DOWN,GSE182736,n=3 UF vs n=3 non-UF,EXPLORATORY_DESCRIPTIVE_ONLY_n3vs3; pseudocount=1.0; filter: raw>=10 in >=3 samples
hsa-miR-511-5p,7.0,58.67,7.7087,56.6897,1.0,-2.7278,DOWN,GSE182736,n=3 UF vs n=3 non-UF,EXPLORATORY_DESCRIPTIVE_ONLY_n3vs3; pseudocount=1.0; filter: raw>=10 in >=3 samples
hsa-miR-363-3p_R-1,43.33,233.33,36.098,250.0677,1.0,-2.7587,DOWN,GSE182736,n=3 UF vs n=3 non-UF,EXPLORATORY_DESCRIPTIVE_ONLY_n3vs3; pseudocount=1.0; filter: raw>=10 in >=3 samples
hsa-miR-660-3p_R-1,7.0,26.0,2.615,23.9009,1.0,-2.7842,DOWN,GSE182736,n=3 UF vs n=3 non-UF,EXPLORATORY_DESCRIPTIVE_ONLY_n3vs3; pseudocount=1.0; filter: raw>=10 in >=3 samples
hsa-miR-126-3p,99.67,589.0,80.2292,602.6002,1.0,-2.8935,DOWN,GSE182736,n=3 UF vs n=3 non-UF,EXPLORATORY_DESCRIPTIVE_ONLY_n3vs3; pseudocount=1.0; filter: raw>=10 in >=3 samples
hsa-miR-126-5p,49.0,319.67,41.1871,323.0773,1.0,-2.9415,DOWN,GSE182736,n=3 UF vs n=3 non-UF,EXPLORATORY_DESCRIPTIVE_ONLY_n3vs3; pseudocount=1.0; filter: raw>=10 in >=3 samples
hsa-miR-383-5p,13.67,97.0,14.2565,117.9074,1.0,-2.9623,DOWN,GSE182736,n=3 UF vs n=3 non-UF,EXPLORATORY_DESCRIPTIVE_ONLY_n3vs3; pseudocount=1.0; filter: raw>=10 in >=3 samples
hsa-miR-142-5p_L+2R-2,532.67,4455.0,511.0175,4501.2564,1.0,-3.1364,DOWN,GSE182736,n=3 UF vs n=3 non-UF,EXPLORATORY_DESCRIPTIVE_ONLY_n3vs3; pseudocount=1.0; filter: raw>=10 in >=3 samples
hsa-miR-135a-5p,43.33,310.67,35.3834,387.8028,1.0,-3.4177,DOWN,GSE182736,n=3 UF vs n=3 non-UF,EXPLORATORY_DESCRIPTIVE_ONLY_n3vs3; pseudocount=1.0; filter: raw>=10 in >=3 samples
hsa-miR-135a-5p,43.33,310.67,35.3834,387.8028,1.0,-3.4177,DOWN,GSE182736,n=3 UF vs n=3 non-UF,EXPLORATORY_DESCRIPTIVE_ONLY_n3vs3; pseudocount=1.0; filter: raw>=10 in >=3 samples
hsa-miR-885-5p,2.0,35.67,2.6573,42.0072,1.0,-3.5557,DOWN,GSE182736,n=3 UF vs n=3 non-UF,EXPLORATORY_DESCRIPTIVE_ONLY_n3vs3; pseudocount=1.0; filter: raw>=10 in >=3 samples
hsa-miR-34c-5p,455.67,4161.0,438.0161,5335.0753,1.0,-3.6034,DOWN,GSE182736,n=3 UF vs n=3 non-UF,EXPLORATORY_DESCRIPTIVE_ONLY_n3vs3; pseudocount=1.0; filter: raw>=10 in >=3 samples
hsa-miR-449b-5p_R+1_1ss12TC,1.67,55.0,2.2144,74.0415,1.0,-4.5451,DOWN,GSE182736,n=3 UF vs n=3 non-UF,EXPLORATORY_DESCRIPTIVE_ONLY_n3vs3; pseudocount=1.0; filter: raw>=10 in >=3 samples
hsa-miR-34b-3p_L-1R+1,20.0,345.0,17.3404,429.8712,1.0,-4.5542,DOWN,GSE182736,n=3 UF vs n=3 non-UF,EXPLORATORY_DESCRIPTIVE_ONLY_n3vs3; pseudocount=1.0; filter: raw>=10 in >=3 samples
hsa-miR-34c-3p,15.33,273.33,11.7768,338.9603,1.0,-4.7338,DOWN,GSE182736,n=3 UF vs n=3 non-UF,EXPLORATORY_DESCRIPTIVE_ONLY_n3vs3; pseudocount=1.0; filter: raw>=10 in >=3 samples
hsa-miR-150-5p,34.0,771.0,32.0234,898.681,1.0,-4.7679,DOWN,GSE182736,n=3 UF vs n=3 non-UF,EXPLORATORY_DESCRIPTIVE_ONLY_n3vs3; pseudocount=1.0; filter: raw>=10 in >=3 samples
hsa-miR-449c-5p_L-1,11.67,291.33,13.191,386.8172,1.0,-4.7723,DOWN,GSE182736,n=3 UF vs n=3 non-UF,EXPLORATORY_DESCRIPTIVE_ONLY_n3vs3; pseudocount=1.0; filter: raw>=10 in >=3 samples
hsa-miR-449a,17.0,456.0,18.4482,594.9973,1.0,-4.9376,DOWN,GSE182736,n=3 UF vs n=3 non-UF,EXPLORATORY_DESCRIPTIVE_ONLY_n3vs3; pseudocount=1.0; filter: raw>=10 in >=3 samples
hsa-miR-34b-5p_L-1R+1,3.67,120.33,1.3697,152.345,1.0,-6.0159,DOWN,GSE182736,n=3 UF vs n=3 non-UF,EXPLORATORY_DESCRIPTIVE_ONLY_n3vs3; pseudocount=1.0; filter: raw>=10 in >=3 samples
