"Hub_Gene","miRNA","Source","N_interactions"
"ISM1","hsa-miR-6083","miRTarBase",6
"ISM1","hsa-miR-4725-5p","miRTarBase",6
"ISM1","hsa-miR-6832-3p","miRTarBase",6
"FN1","hsa-miR-200c-3p","miRTarBase",26
"FN1","hsa-miR-200b-3p","miRTarBase",26
"FN1","hsa-miR-1-3p","miRTarBase",26
"FN1","hsa-let-7g-5p","miRTarBase",26
"FN1","hsa-miR-26b-5p","miRTarBase",26
"FN1","hsa-miR-615-3p","miRTarBase",26
"FN1","hsa-miR-218-5p","miRTarBase",26
"FN1","hsa-miR-140-3p","miRTarBase",26
"FN1","hsa-miR-101-3p","miRTarBase",26
"FN1","hsa-miR-432-5p","miRTarBase",26
"EDIL3","hsa-miR-21-5p","miRTarBase",40
"EDIL3","hsa-miR-377-3p","miRTarBase",40
"EDIL3","hsa-miR-676-5p","miRTarBase",40
"EDIL3","hsa-miR-3691-3p","miRTarBase",40
"EDIL3","hsa-miR-1228-3p","miRTarBase",40
"EDIL3","hsa-miR-4698","miRTarBase",40
"EDIL3","hsa-miR-8063","miRTarBase",40
"EDIL3","hsa-miR-1264","miRTarBase",40
"EDIL3","hsa-miR-4668-5p","miRTarBase",40
"EDIL3","hsa-miR-4328","miRTarBase",40
"EDIL3","hsa-miR-548t-3p","miRTarBase",40
"EDIL3","hsa-miR-548ap-3p","miRTarBase",40
"EDIL3","hsa-miR-548aa","miRTarBase",40
"EDIL3","hsa-miR-548z","miRTarBase",40
"EDIL3","hsa-miR-548h-3p","miRTarBase",40
"EDIL3","hsa-miR-548d-3p","miRTarBase",40
"EDIL3","hsa-miR-548bb-3p","miRTarBase",40
"EDIL3","hsa-miR-548ac","miRTarBase",40
"EDIL3","hsa-miR-7154-5p","miRTarBase",40
"EDIL3","hsa-miR-8060","miRTarBase",40
"VCAN","hsa-miR-545-3p","miRTarBase",37
"VCAN","hsa-miR-5197-3p","miRTarBase",37
"VCAN","hsa-miR-103a-3p","miRTarBase",37
"VCAN","hsa-miR-107","miRTarBase",37
"VCAN","hsa-miR-218-5p","miRTarBase",37
"VCAN","hsa-miR-578","miRTarBase",37
"VCAN","hsa-miR-3185","miRTarBase",37
"VCAN","hsa-miR-643","miRTarBase",37
"VCAN","hsa-miR-335-3p","miRTarBase",37
"VCAN","hsa-miR-4436b-5p","miRTarBase",37
"VCAN","hsa-miR-627-3p","miRTarBase",37
"VCAN","hsa-miR-6777-3p","miRTarBase",37
"VCAN","hsa-miR-5003-3p","miRTarBase",37
"VCAN","hsa-miR-23b-3p","miRTarBase",37
"VCAN","hsa-miR-129-5p","miRTarBase",37
"VCAN","hsa-miR-302c-5p","miRTarBase",37
"VCAN","hsa-miR-361-3p","miRTarBase",37
"VCAN","hsa-miR-3680-3p","miRTarBase",37
"VCAN","hsa-miR-450b-5p","miRTarBase",37
"VCAN","hsa-miR-4666b","miRTarBase",37
"VCAN","hsa-miR-5011-3p","miRTarBase",37
"VCAN","hsa-miR-507","miRTarBase",37
"VCAN","hsa-miR-552-5p","miRTarBase",37
"VCAN","hsa-miR-557","miRTarBase",37
"COL3A1","hsa-miR-29c-3p","miRTarBase",35
"COL3A1","hsa-miR-29b-3p","miRTarBase",35
"COL3A1","hsa-miR-335-5p","miRTarBase",35
"COL3A1","hsa-miR-29a-3p","miRTarBase",35
"COL3A1","hsa-miR-455-3p","miRTarBase",35
"COL3A1","hsa-let-7b-5p","miRTarBase",35
"COL3A1","hsa-miR-767-5p","miRTarBase",35
"COL3A1","hsa-miR-143-3p","miRTarBase",35
"COL3A1","hsa-miR-29b-1-5p","miRTarBase",35
"COL3A1","hsa-let-7d-5p","miRTarBase",35
"COL3A1","hsa-miR-29a-5p","miRTarBase",35
"COL3A1","hsa-let-7e-3p","miRTarBase",35
"COMP",NA,"miRTarBase",0
"COL8A1","hsa-miR-6516-5p","miRTarBase",130
"COL8A1","hsa-miR-4266","miRTarBase",130
"COL8A1","hsa-miR-455-3p","miRTarBase",130
"COL8A1","hsa-miR-6086","miRTarBase",130
"COL8A1","hsa-miR-4451","miRTarBase",130
"COL8A1","hsa-miR-377-5p","miRTarBase",130
"COL8A1","hsa-miR-98-5p","miRTarBase",130
"COL8A1","hsa-miR-4458","miRTarBase",130
"COL8A1","hsa-miR-4500","miRTarBase",130
"COL8A1","hsa-let-7i-5p","miRTarBase",130
"COL8A1","hsa-let-7g-5p","miRTarBase",130
"COL8A1","hsa-let-7f-5p","miRTarBase",130
"COL8A1","hsa-let-7e-5p","miRTarBase",130
"COL8A1","hsa-let-7d-5p","miRTarBase",130
"COL8A1","hsa-let-7c-5p","miRTarBase",130
"COL8A1","hsa-let-7b-5p","miRTarBase",130
"COL8A1","hsa-let-7a-5p","miRTarBase",130
"COL8A1","hsa-miR-6831-5p","miRTarBase",130
"COL8A1","hsa-miR-3927-3p","miRTarBase",130
"COL8A1","hsa-miR-4779","miRTarBase",130
"COL8A1","hsa-miR-4695-5p","miRTarBase",130
"COL8A1","hsa-miR-1277-5p","miRTarBase",130
"COL8A1","hsa-miR-190a-3p","miRTarBase",130
"COL8A1","hsa-miR-1295b-3p","miRTarBase",130
"COL8A1","hsa-miR-5011-5p","miRTarBase",130
"COL8A1","hsa-miR-4789-3p","miRTarBase",130
"COL8A1","hsa-miR-8485","miRTarBase",130
"COL8A1","hsa-miR-3186-3p","miRTarBase",130
"COL8A1","hsa-miR-3939","miRTarBase",130
"COL8A1","hsa-miR-6514-3p","miRTarBase",130
"COL8A1","hsa-miR-7977","miRTarBase",130
"COL8A1","hsa-miR-24-3p","miRTarBase",130
"COL8A1","hsa-miR-4284","miRTarBase",130
"COL8A1","hsa-miR-4743-5p","miRTarBase",130
"COL8A1","hsa-miR-564","miRTarBase",130
"COL8A1","hsa-miR-6847-3p","miRTarBase",130
"COL8A1","hsa-miR-6811-3p","miRTarBase",130
"COL8A1","hsa-miR-214-5p","miRTarBase",130
"COL8A1","hsa-miR-383-3p","miRTarBase",130
"THBS3","hsa-miR-335-5p","miRTarBase",2
"COL11A1","hsa-miR-335-5p","miRTarBase",2
"INHBA","hsa-miR-148b-3p","miRTarBase",571
"INHBA","hsa-miR-31-3p","miRTarBase",571
"INHBA","hsa-miR-10b-5p","miRTarBase",571
"INHBA","hsa-miR-218-5p","miRTarBase",571
"INHBA","hsa-miR-3065-5p","miRTarBase",571
"INHBA","hsa-miR-5688","miRTarBase",571
"INHBA","hsa-miR-495-3p","miRTarBase",571
"INHBA","hsa-miR-3121-3p","miRTarBase",571
"INHBA","hsa-miR-548t-3p","miRTarBase",571
"INHBA","hsa-miR-548ap-3p","miRTarBase",571
"INHBA","hsa-miR-548aa","miRTarBase",571
"INHBA","hsa-miR-548z","miRTarBase",571
"INHBA","hsa-miR-548h-3p","miRTarBase",571
"INHBA","hsa-miR-548d-3p","miRTarBase",571
"INHBA","hsa-miR-548bb-3p","miRTarBase",571
"INHBA","hsa-miR-548ac","miRTarBase",571
"INHBA","hsa-miR-3973","miRTarBase",571
"INHBA","hsa-miR-559","miRTarBase",571
"INHBA","hsa-miR-548y","miRTarBase",571
"INHBA","hsa-miR-548w","miRTarBase",571
"INHBA","hsa-miR-548o-5p","miRTarBase",571
"INHBA","hsa-miR-548j-5p","miRTarBase",571
"INHBA","hsa-miR-548i","miRTarBase",571
"INHBA","hsa-miR-548h-5p","miRTarBase",571
"INHBA","hsa-miR-548d-5p","miRTarBase",571
"INHBA","hsa-miR-548c-5p","miRTarBase",571
"INHBA","hsa-miR-548bb-5p","miRTarBase",571
"INHBA","hsa-miR-548b-5p","miRTarBase",571
"INHBA","hsa-miR-548ay-5p","miRTarBase",571
"INHBA","hsa-miR-548au-5p","miRTarBase",571
"INHBA","hsa-miR-548as-5p","miRTarBase",571
"INHBA","hsa-miR-548ar-5p","miRTarBase",571
"INHBA","hsa-miR-548aq-5p","miRTarBase",571
"INHBA","hsa-miR-548ap-5p","miRTarBase",571
"INHBA","hsa-miR-548am-5p","miRTarBase",571
"INHBA","hsa-miR-548ak","miRTarBase",571
"INHBA","hsa-miR-548ae-5p","miRTarBase",571
"INHBA","hsa-miR-548ad-5p","miRTarBase",571
"INHBA","hsa-miR-548ab","miRTarBase",571
"INHBA","hsa-miR-548a-5p","miRTarBase",571
"INHBA","hsa-miR-214-5p","miRTarBase",571
"INHBA","hsa-miR-223-5p","miRTarBase",571
"INHBA","hsa-miR-4728-3p","miRTarBase",571
"INHBA","hsa-miR-4789-5p","miRTarBase",571
"INHBA","hsa-miR-574-5p","miRTarBase",571
"INHBA","hsa-miR-6514-3p","miRTarBase",571
"INHBA","hsa-miR-675-3p","miRTarBase",571
"INHBA","hsa-miR-6768-5p","miRTarBase",571
"INHBA","hsa-miR-6811-3p","miRTarBase",571
"INHBA","hsa-miR-6867-5p","miRTarBase",571
"INHBA","hsa-miR-8075","miRTarBase",571
"LOX","hsa-miR-335-5p","miRTarBase",44
"LOX","hsa-miR-29a-3p","miRTarBase",44
"LOX","hsa-miR-29b-3p","miRTarBase",44
"LOX","hsa-miR-29c-3p","miRTarBase",44
"LOX","hsa-miR-767-5p","miRTarBase",44
"LOX","hsa-miR-200b-3p","miRTarBase",44
"LOX","hsa-miR-4743-3p","miRTarBase",44
"LOX","hsa-miR-3591-5p","miRTarBase",44
"LOX","hsa-miR-511-5p","miRTarBase",44
"LOX","hsa-miR-6888-3p","miRTarBase",44
"LOX","hsa-miR-142-3p","miRTarBase",44
"LOX","hsa-miR-6830-3p","miRTarBase",44
"LOX","hsa-miR-3120-5p","miRTarBase",44
"LOX","hsa-miR-4280","miRTarBase",44
"LOX","hsa-miR-548e-5p","miRTarBase",44
"LOX","hsa-miR-30a-5p","miRTarBase",44
"LOX","hsa-miR-1271-5p","miRTarBase",44
"LOX","hsa-miR-182-5p","miRTarBase",44
"LOX","hsa-miR-4470","miRTarBase",44
"LOX","hsa-miR-4517","miRTarBase",44
"LOX","hsa-miR-5583-3p","miRTarBase",44
"LOX","hsa-miR-889-3p","miRTarBase",44
"LOX","hsa-miR-9-5p","miRTarBase",44
"LOX","hsa-miR-96-5p","miRTarBase",44
