Dataset,Species,Matrix,Evidence_Tier,DE_Threshold_log2FC,Universe_N,Hub_miRNAs_in_Universe_K,DE_miRNAs_n,Observed_Overlap_k,Expected_Overlap_k_exp,Enrichment_Ratio,One_Sided_P_Enrichment,One_Sided_P_Depletion,Exploratory_P_Status,Overlapping_miRNAs
GSE182736_Human_Effluent_Exosomes,Homo sapiens,Effluent Exosomes (UF fail vs non-UF),Tier_A_Primary,1.0,463,18,120,3,4.665,0.643,0.887249,0.270422,"EXPLORATORY_DESCRIPTIVE_ONLY (n=3 vs 3, no negative binomial dispersion model)",hsa-miR-1-3p;hsa-miR-200c-3p;hsa-miR-30a-5p
GSE182736_Human_Effluent_Exosomes,Homo sapiens,Effluent Exosomes (UF fail vs non-UF),Tier_A_Primary,0.58,463,18,229,6,8.903,0.674,0.95049,0.123632,"EXPLORATORY_DESCRIPTIVE_ONLY (n=3 vs 3, no negative binomial dispersion model)",hsa-miR-1-3p;hsa-miR-200c-3p;hsa-miR-29b-1-5p;hsa-miR-29b-3p;hsa-miR-30a-5p;hsa-miR-432-5p
GSE182736_Human_Effluent_Exosomes,Homo sapiens,Effluent Exosomes (UF fail vs non-UF),Tier_A_Primary,2.0,463,18,50,1,1.944,0.514,0.877315,0.401513,"EXPLORATORY_DESCRIPTIVE_ONLY (n=3 vs 3, no negative binomial dispersion model)",hsa-miR-200c-3p
GSE182736_Human_Effluent_Exosomes,Homo sapiens,Effluent Exosomes (UF fail vs non-UF),Tier_B_Sensitivity,1.0,463,392,120,94,101.598,0.925,0.989927,0.020421,"EXPLORATORY_DESCRIPTIVE_ONLY (n=3 vs 3, no negative binomial dispersion model)",hsa-miR-1-3p;hsa-miR-1197;hsa-miR-1246;hsa-miR-126-3p;hsa-miR-126-5p;hsa-miR-1277-5p;hsa-miR-134-5p;hsa-miR-135a-5p;hsa-miR-136-3p;hsa-miR-139-5p;hsa-miR-141-3p;hsa-miR-142-3p;hsa-miR-142-5p;hsa-miR-144-3p;hsa-miR-146a-5p;hsa-miR-146b-3p;hsa-miR-146b-5p;hsa-miR-147b-3p;hsa-miR-154-3p;hsa-miR-154-5p;hsa-miR-155-5p;hsa-miR-182-5p;hsa-miR-183-5p;hsa-miR-187-3p;hsa-miR-190b-5p;hsa-miR-195-5p;hsa-miR-196b-5p;hsa-miR-200c-3p;hsa-miR-203a-3p;hsa-miR-204-3p;hsa-miR-204-5p;hsa-miR-205-5p;hsa-miR-2355-3p;hsa-miR-24-1-5p;hsa-miR-24-2-5p;hsa-miR-27a-3p;hsa-miR-299-5p;hsa-miR-3065-3p;hsa-miR-3065-5p;hsa-miR-30a-3p;hsa-miR-30a-5p;hsa-miR-30c-2-3p;hsa-miR-30d-5p;hsa-miR-323b-3p;hsa-miR-331-3p;hsa-miR-335-5p;hsa-miR-34b-3p;hsa-miR-34b-5p;hsa-miR-34c-5p;hsa-miR-3615;hsa-miR-362-3p;hsa-miR-363-3p;hsa-miR-370-3p;hsa-miR-375-3p;hsa-miR-379-5p;hsa-miR-383-5p;hsa-miR-3909;hsa-miR-449a;hsa-miR-449b-5p;hsa-miR-449c-5p;hsa-miR-451a;hsa-miR-455-3p;hsa-miR-455-5p;hsa-miR-485-5p;hsa-miR-486-5p;hsa-miR-488-3p;hsa-miR-497-5p;hsa-miR-500a-3p;hsa-miR-502-3p;hsa-miR-508-3p;hsa-miR-509-3-5p;hsa-miR-509-5p;hsa-miR-511-5p;hsa-miR-513c-5p;hsa-miR-514a-3p;hsa-miR-548b-3p;hsa-miR-556-5p;hsa-miR-574-5p;hsa-miR-590-5p;hsa-miR-625-5p;hsa-miR-627-3p;hsa-miR-629-5p;hsa-miR-654-3p;hsa-miR-660-3p;hsa-miR-660-5p;hsa-miR-885-5p;hsa-miR-888-5p;hsa-miR-890;hsa-miR-891b;hsa-miR-892a;hsa-miR-95-5p;hsa-miR-96-5p;hsa-miR-98-3p;hsa-miR-9985
GSE182736_Human_Effluent_Exosomes,Homo sapiens,Effluent Exosomes (UF fail vs non-UF),Tier_B_Sensitivity,0.58,463,392,229,186,193.883,0.959,0.984932,0.028188,"EXPLORATORY_DESCRIPTIVE_ONLY (n=3 vs 3, no negative binomial dispersion model)",hsa-let-7i-3p;hsa-let-7i-5p;hsa-miR-1-3p;hsa-miR-10399-5p;hsa-miR-10b-3p;hsa-miR-1185-1-3p;hsa-miR-1197;hsa-miR-1246;hsa-miR-125a-3p;hsa-miR-125a-5p;hsa-miR-126-3p;hsa-miR-126-5p;hsa-miR-127-3p;hsa-miR-1277-5p;hsa-miR-1290;hsa-miR-1296-5p;hsa-miR-1299;hsa-miR-1306-5p;hsa-miR-132-3p;hsa-miR-133a-3p;hsa-miR-134-5p;hsa-miR-135a-5p;hsa-miR-136-3p;hsa-miR-136-5p;hsa-miR-139-3p;hsa-miR-139-5p;hsa-miR-141-3p;hsa-miR-142-3p;hsa-miR-142-5p;hsa-miR-144-3p;hsa-miR-146a-5p;hsa-miR-146b-3p;hsa-miR-146b-5p;hsa-miR-147b-3p;hsa-miR-148b-5p;hsa-miR-154-3p;hsa-miR-154-5p;hsa-miR-155-5p;hsa-miR-182-5p;hsa-miR-183-5p;hsa-miR-187-3p;hsa-miR-188-5p;hsa-miR-190b-5p;hsa-miR-192-5p;hsa-miR-194-5p;hsa-miR-195-5p;hsa-miR-196b-5p;hsa-miR-200a-3p;hsa-miR-200c-3p;hsa-miR-203a-3p;hsa-miR-204-3p;hsa-miR-204-5p;hsa-miR-205-5p;hsa-miR-210-3p;hsa-miR-212-3p;hsa-miR-219a-5p;hsa-miR-22-3p;hsa-miR-221-3p;hsa-miR-222-3p;hsa-miR-2355-3p;hsa-miR-2355-5p;hsa-miR-23a-3p;hsa-miR-23a-5p;hsa-miR-24-1-5p;hsa-miR-24-2-5p;hsa-miR-26a-2-3p;hsa-miR-27a-3p;hsa-miR-27b-3p;hsa-miR-296-3p;hsa-miR-299-5p;hsa-miR-29b-1-5p;hsa-miR-29b-3p;hsa-miR-301a-3p;hsa-miR-3065-3p;hsa-miR-3065-5p;hsa-miR-30a-3p;hsa-miR-30a-5p;hsa-miR-30b-5p;hsa-miR-30c-2-3p;hsa-miR-30c-5p;hsa-miR-30d-3p;hsa-miR-30d-5p;hsa-miR-3200-3p;hsa-miR-320a-3p;hsa-miR-320b;hsa-miR-320c;hsa-miR-320d;hsa-miR-323a-3p;hsa-miR-323b-3p;hsa-miR-331-3p;hsa-miR-331-5p;hsa-miR-335-5p;hsa-miR-33a-3p;hsa-miR-342-3p;hsa-miR-34b-3p;hsa-miR-34b-5p;hsa-miR-34c-5p;hsa-miR-361-3p;hsa-miR-3615;hsa-miR-362-3p;hsa-miR-362-5p;hsa-miR-363-3p;hsa-miR-365b-3p;hsa-miR-370-3p;hsa-miR-375-3p;hsa-miR-376a-3p;hsa-miR-376c-3p;hsa-miR-377-3p;hsa-miR-377-5p;hsa-miR-378c;hsa-miR-379-3p;hsa-miR-379-5p;hsa-miR-381-3p;hsa-miR-382-3p;hsa-miR-382-5p;hsa-miR-383-5p;hsa-miR-3909;hsa-miR-409-3p;hsa-miR-410-3p;hsa-miR-411-3p;hsa-miR-411-5p;hsa-miR-424-5p;hsa-miR-429;hsa-miR-432-5p;hsa-miR-449a;hsa-miR-449b-5p;hsa-miR-449c-5p;hsa-miR-450a-5p;hsa-miR-450b-5p;hsa-miR-451a;hsa-miR-4521;hsa-miR-455-3p;hsa-miR-455-5p;hsa-miR-483-5p;hsa-miR-485-5p;hsa-miR-486-5p;hsa-miR-487a-3p;hsa-miR-487b-3p;hsa-miR-488-3p;hsa-miR-493-3p;hsa-miR-494-3p;hsa-miR-497-5p;hsa-miR-500a-3p;hsa-miR-501-3p;hsa-miR-502-3p;hsa-miR-503-5p;hsa-miR-504-5p;hsa-miR-508-3p;hsa-miR-509-3-5p;hsa-miR-509-5p;hsa-miR-511-5p;hsa-miR-513c-5p;hsa-miR-514a-3p;hsa-miR-532-5p;hsa-miR-542-3p;hsa-miR-548b-3p;hsa-miR-556-5p;hsa-miR-574-3p;hsa-miR-574-5p;hsa-miR-590-5p;hsa-miR-625-5p;hsa-miR-627-3p;hsa-miR-629-5p;hsa-miR-654-3p;hsa-miR-656-3p;hsa-miR-660-3p;hsa-miR-660-5p;hsa-miR-664a-3p;hsa-miR-664b-3p;hsa-miR-675-3p;hsa-miR-708-5p;hsa-miR-758-3p;hsa-miR-885-5p;hsa-miR-888-5p;hsa-miR-890;hsa-miR-891b;hsa-miR-892a;hsa-miR-92a-1-5p;hsa-miR-942-5p;hsa-miR-95-5p;hsa-miR-96-5p;hsa-miR-98-3p;hsa-miR-98-5p;hsa-miR-9985;hsa-miR-99b-3p;hsa-miR-99b-5p
GSE182736_Human_Effluent_Exosomes,Homo sapiens,Effluent Exosomes (UF fail vs non-UF),Tier_B_Sensitivity,2.0,463,392,50,39,42.333,0.921,0.939227,0.121593,"EXPLORATORY_DESCRIPTIVE_ONLY (n=3 vs 3, no negative binomial dispersion model)",hsa-miR-1246;hsa-miR-126-3p;hsa-miR-126-5p;hsa-miR-135a-5p;hsa-miR-141-3p;hsa-miR-142-3p;hsa-miR-142-5p;hsa-miR-146a-5p;hsa-miR-146b-3p;hsa-miR-147b-3p;hsa-miR-155-5p;hsa-miR-190b-5p;hsa-miR-200c-3p;hsa-miR-203a-3p;hsa-miR-205-5p;hsa-miR-34b-3p;hsa-miR-34b-5p;hsa-miR-34c-5p;hsa-miR-363-3p;hsa-miR-375-3p;hsa-miR-383-5p;hsa-miR-449a;hsa-miR-449b-5p;hsa-miR-449c-5p;hsa-miR-451a;hsa-miR-455-3p;hsa-miR-455-5p;hsa-miR-508-3p;hsa-miR-509-3-5p;hsa-miR-511-5p;hsa-miR-513c-5p;hsa-miR-514a-3p;hsa-miR-660-3p;hsa-miR-885-5p;hsa-miR-888-5p;hsa-miR-890;hsa-miR-891b;hsa-miR-892a;hsa-miR-95-5p
GSE130387_Rodent_PDF_Tissue,CROSS-SPECIES (Mouse tissue / Rat probes),Peritoneal Tissue (PDF vs Saline),Tier_A_Primary,1.0,478,14,14,2,0.41,4.878,0.059312,0.993962,"EXPLORATORY_DESCRIPTIVE_ONLY (n=3 vs 3, no negative binomial dispersion model)",hsa-miR-143-3p;hsa-miR-29a-3p
GSE130387_Rodent_PDF_Tissue,CROSS-SPECIES (Mouse tissue / Rat probes),Peritoneal Tissue (PDF vs Saline),Tier_A_Primary,0.58,478,14,68,7,1.992,3.515,0.001325,0.999831,"EXPLORATORY_DESCRIPTIVE_ONLY (n=3 vs 3, no negative binomial dispersion model)",hsa-let-7b-5p;hsa-miR-143-3p;hsa-miR-23b-3p;hsa-miR-29a-3p;hsa-miR-29b-3p;hsa-miR-29c-3p;hsa-miR-30a-5p
GSE130387_Rodent_PDF_Tissue,CROSS-SPECIES (Mouse tissue / Rat probes),Peritoneal Tissue (PDF vs Saline),Tier_A_Primary,2.0,478,14,0,0,0.0,,1.0,1.0,"EXPLORATORY_DESCRIPTIVE_ONLY (n=3 vs 3, no negative binomial dispersion model)",NONE
GSE130387_Rodent_PDF_Tissue,CROSS-SPECIES (Mouse tissue / Rat probes),Peritoneal Tissue (PDF vs Saline),Tier_B_Sensitivity,1.0,478,241,14,11,7.059,1.558,0.028932,0.993606,"EXPLORATORY_DESCRIPTIVE_ONLY (n=3 vs 3, no negative binomial dispersion model)",hsa-miR-10a-5p;hsa-miR-10b-5p;hsa-miR-135a-5p;hsa-miR-135b-5p;hsa-miR-143-3p;hsa-miR-200a-3p;hsa-miR-21-5p;hsa-miR-26b-5p;hsa-miR-29a-3p;hsa-miR-30b-5p;hsa-miR-30c-5p
GSE130387_Rodent_PDF_Tissue,CROSS-SPECIES (Mouse tissue / Rat probes),Peritoneal Tissue (PDF vs Saline),Tier_B_Sensitivity,0.58,478,241,68,46,34.285,1.342,0.001536,0.99938,"EXPLORATORY_DESCRIPTIVE_ONLY (n=3 vs 3, no negative binomial dispersion model)",hsa-let-7b-5p;hsa-miR-100-5p;hsa-miR-10a-5p;hsa-miR-10b-5p;hsa-miR-125a-5p;hsa-miR-125b-5p;hsa-miR-135a-5p;hsa-miR-135b-5p;hsa-miR-138-5p;hsa-miR-142-5p;hsa-miR-143-3p;hsa-miR-145-5p;hsa-miR-146b-5p;hsa-miR-152-3p;hsa-miR-183-5p;hsa-miR-190a-5p;hsa-miR-195-5p;hsa-miR-200a-3p;hsa-miR-203a-3p;hsa-miR-21-3p;hsa-miR-21-5p;hsa-miR-22-3p;hsa-miR-23a-3p;hsa-miR-23b-3p;hsa-miR-24-3p;hsa-miR-26a-5p;hsa-miR-26b-5p;hsa-miR-27b-3p;hsa-miR-29a-3p;hsa-miR-29b-3p;hsa-miR-29c-3p;hsa-miR-30a-5p;hsa-miR-30b-5p;hsa-miR-30c-5p;hsa-miR-30d-5p;hsa-miR-30e-3p;hsa-miR-30e-5p;hsa-miR-331-5p;hsa-miR-340-5p;hsa-miR-363-5p;hsa-miR-378a-3p;hsa-miR-490-3p;hsa-miR-503-5p;hsa-miR-708-5p;hsa-miR-99a-5p;hsa-miR-99b-5p
GSE130387_Rodent_PDF_Tissue,CROSS-SPECIES (Mouse tissue / Rat probes),Peritoneal Tissue (PDF vs Saline),Tier_B_Sensitivity,2.0,478,241,0,0,0.0,,1.0,1.0,"EXPLORATORY_DESCRIPTIVE_ONLY (n=3 vs 3, no negative binomial dispersion model)",NONE
