Term_Clean,NES,NOM p-val,FDR q-val,FWER p-val,Tag %,Gene %,Lead_genes
HALLMARK_EPITHELIAL_MESENCHYMAL_TRANSITION,3.2032552353952903,0.0,0.0,0.0,96/198,12.58%,COL1A1;BGN;BASP1;SERPINE2;MXRA5;FAP;COL1A2;CTHRC1;THBS2;COL12A1;VCAN;COL3A1;COL5A2;COL5A1;SCG2;CDH11;DPYSL3;COMP;TNC;JUN;ACTA2;MYLK;COL6A3;THY1;FN1;ENO2;GAS1;GADD45A;TPM1;LRRC15;GEM;EDIL3;SFRP4;COL11A1;FAS;CALD1;MMP2;COL16A1;PCOLCE;TNFRSF12A;THBS1;INHBA;PDLIM4;SDC1;FBLN1;ELN;SPOCK1;TPM2;COL8A2;TPM4;DST;SLIT2;SGCD;LOX;MMP14;COL6A2;CALU;SERPINE1;TGM2;POSTN;PLAUR;PTX3;BMP1;LAMA3;VCAM1;ITGA2;PRSS2;CD44;NT5E;LOXL2;TNFAIP3;NNMT;WIPF1;PLOD1;TAGLN;ADAM12;MAGEE1;PVR;SPARC;ITGB3;ANPEP;GLIPR1;QSOX1;CDH2;CDH6;RGS4;COLGALT1;GADD45B;RHOB;MGP;SNAI2;IL6;PRRX1;PLOD3;FZD8;MMP3
HALLMARK_TNF_ALPHA_SIGNALING_VIA_NF_KB,2.082026724926742,0.0,0.0009887169943003373,0.001,92/199,20.33%,PDLIM5;TNC;JUN;EGR1;GADD45A;GEM;TNFAIP6;CLCF1;INHBA;BTG3;NR4A1;ATP2B1;ICOSLG;NR4A3;SOCS3;DUSP1;FOSL2;PHLDA1;SERPINE1;NFKB2;BCL3;CDKN1A;PLAUR;MCL1;PTX3;IER3;TSC22D1;ICAM1;FOS;DUSP2;RCAN1;OLR1;CD44;CXCL2;TNFAIP3;JUNB;NR4A2;PHLDA2;FOSB;MAP3K8;TNF;ATF3;SGK1;PLEK;SERPINB8;EHD1;FJX1;KYNU;SPHK1;SIK1;KLF2;MXD1;SOD2;PER1;GADD45B;RHOB;NFE2L2;GPR183;PLAU;CSF1;EGR2;IL6;PPP1R15A;EGR3;BTG2;TNFRSF9;KLF6;IER2;BHLHE40;KLF9;SLC2A3;DUSP5;MAP2K3;B4GALT1;REL;TGIF1;BIRC3;NAMPT;PDE4B;IER5;NFIL3;LDLR;DNAJB4;KDM6B;SLC16A6;CD69;RELA;CCL20;CXCL1;CD83;PTGS2;TLR2
HALLMARK_INFLAMMATORY_RESPONSE,1.586541719575105,0.0,0.03032065449187701,0.044,77/199,24.80%,PCDH7;PDPN;TNFAIP6;INHBA;LCP2;RNF144B;ATP2B1;ICOSLG;MMP14;SLC11A2;MSR1;SERPINE1;CDKN1A;PLAUR;IL1R1;ICAM1;GPR132;OLR1;HIF1A;SLC1A2;SGMS2;PVR;TPBG;GNAI3;ITGB3;PTGER2;PTGIR;RGS1;KCNJ2;RGS16;SPHK1;CCL17;MXD1;P2RX4;GPR183;CSF1;SLC31A1;IL6;AXL;BTG2;OSM;TNFRSF9;KLF6;CXCL8;SLAMF1;APLNR;OSMR;KIF1B;IL4R;CSF3;SLC4A4;NAMPT;PDE4B;LDLR;ROS1;CXCR6;OPRK1;TIMP1;CD69;IL18R1;RELA;CCL20;TLR2;ACVR1B;LAMP3;MEP1A;CCL24;CXCL11;MEFV;MYC;DCBLD2;C5AR1;CMKLR1;SLC7A2;ABI1;LYN;EREG
HALLMARK_ANGIOGENESIS,1.4382899035540049,0.0486322188449848,0.08552402000697917,0.156,9/36,6.08%,VCAN;COL3A1;COL5A2;PDGFA;POSTN;PF4;OLR1;STC1;THBD
HALLMARK_APICAL_JUNCTION,1.4112698251939881,0.007936507936507936,0.0814702803303478,0.182,43/198,9.87%,JAM3;VCAN;CDH11;THY1;THBS3;MMP2;FSCN1;COL16A1;CNTN1;SYMPK;SLIT2;ACTN3;VCL;NF2;BMP1;CERCAM;ICAM1;SPEG;LAMA3;MYH10;NECTIN2;LAYN;VCAM1;CDH15;CLDN7;ALOX15B;ITGA2;CLDN6;ACTG2;CDH1;MPZL2;ADAM9;ITGA10;SIRPA;BAIAP2;RHOF;CADM3;MAPK13;ACTC1;CDH6;GTF2F1;ACTN2;CLDN9
HALLMARK_IL_6/JAK/STAT3_SIGNALING,1.3917081166512257,0.03255813953488372,0.07942693187546043,0.205,43/87,25.44%,JUN;PLA2G2A;FAS;TNFRSF12A;SOCS3;SOCS1;IL1R1;TYK2;PTPN2;PF4;CD44;PIM1;MAP3K8;IL13RA1;TNF;LTB;ITGB3;STAT2;PTPN1;CSF1;IL6;ITGA4;LTBR;IL17RA;OSMR;IL12RB1;IL4R;CD9;IL2RA;IL1R2;IL18R1;CXCL1;TLR2;CSF2RA;ACVR1B;CBL;CXCL11;DNTT;IL7;HMOX1;INHBE;CXCL3;CCR1
HALLMARK_APOPTOSIS,1.3489890876738484,0.02097902097902098,0.09745924658103326,0.283,52/159,16.59%,BGN;SPTAN1;JUN;ENO2;GADD45A;LEF1;FAS;MMP2;TNFRSF12A;BCL2L11;BTG3;EMP1;CDKN1A;MCL1;IER3;RARA;CDK2;CD44;PSEN2;PLPPR4;BCL2L1;TIMP2;LMNA;TNF;BAX;ATF3;AVPR1A;ERBB2;ROCK1;FEZ1;CYLD;ANXA1;SOD2;GADD45B;MADD;RHOB;RHOT2;SLC20A1;IL6;EGR3;BTG2;DAP;TOP2A;FDXR;F2R;SMAD7;PPP2R5B;BIRC3;WEE1;EBP;ERBB3;CD2
HALLMARK_COAGULATION,1.3326099048652715,0.03289473684210526,0.09862452018145865,0.321,50/138,21.90%,COMP;FN1;MMP2;WDR1;THBS1;CTSK;SERPINA1;CFH;CTSB;MMP14;SERPINE1;BMP1;CPN1;ITGA2;PF4;OLR1;DPP4;KLK8;PREP;THBD;C2;ADAM9;SPARC;PLEK;ITGB3;C1R;F11;MMP15;ANXA1;MMP11;PLAU;PROZ;APOC2;MMP3;PROC;CD9;GP9;PDGFB;DUSP14;CFB;MMP8;HNF4A;TIMP1;TMPRSS6;F2RL2;CPB2;CASP9;MST1;P2RY1;MEP1A
HALLMARK_ALLOGRAFT_REJECTION,1.2340507557258966,0.0594059405940594,0.18214364183888437,0.547,71/195,28.21%,THY1;FAS;INHBA;LCP2;ICOSLG;SOCS1;BCL3;ELF4;PRKCG;RPS19;ICAM1;NCF4;PRKCB;PF4;CSK;CXCR3;HLA-DOB;HIF1A;IL11;C2;TNF;LTB;GCNT1;IFNAR2;CRTAM;HDAC9;CSF1;IL6;LY86;UBE2D1;HLA-DOA;SOCS5;SPI1;CD96;F2R;IL12RB1;IL4R;PTPRC;IL2RA;CD3E;CD2;MAP3K7;ELANE;SRGN;CD1D;CD79A;ZAP70;TIMP1;NME1;CD3G;APBB1;TLR2;NCR1;NPM1;IL27RA;CD86;IL7;IFNG;EIF5A;ABI1;LYN;EREG;CD28;CCR1;TRAF2;CCND2;CDKN2A;PRF1;IL10;IL2;LCK
HALLMARK_UV_RESPONSE_UP,1.2091939249708645,0.0975609756097561,0.19794114225892753,0.617,28/155,7.69%,PDLIM3;ENO2;DLG4;BCL2L11;RAB27A;CDC34;BTG3;NR4A1;STK25;GLS;MMP14;HSPA13;ICAM1;NAT1;CDK2;FOS;NUP58;WIZ;PTPRD;FGF18;CXCL2;MARK2;JUNB;FOSB;NTRK3;FEN1;ATF3;YKT6
HALLMARK_HEDGEHOG_SIGNALING,1.188173088015758,0.1967741935483871,0.21140567005403577,0.676,7/36,5.98%,SCG2;PML;THY1;CDK6;NRP2;SLIT1;CRMP1
HALLMARK_APICAL_SURFACE,1.1653026775031237,0.22105263157894736,0.22559226086619363,0.729,10/43,14.95%,SULF2;THY1;GAS1;PLAUR;NTNG1;SLC34A3;GATA3;CD160;PKHD1;B4GALT1
HALLMARK_G2_M_CHECKPOINT,1.0946854398239096,0.2076923076923077,0.33144835855083615,0.87,41/192,13.43%,PML;NASP;UBE2C;NOLC1;BCL3;POLA2;CENPA;BIRC5;SMARCC1;BARD1;YTHDC1;E2F1;CDC6;MKI67;SNRPD1;NUSAP1;UPF1;MCM6;HIF1A;SLC7A5;E2F4;CHAF1A;CENPF;SAP30;PRIM2;TNPO2;KATNA1;MCM5;SFPQ;SMC2;MEIS1;MAD2L1;SRSF2;GINS2;KNL1;ATF5;RBL1;TOP2A;FANCC;SRSF10;DTYMK
HALLMARK_KRAS_SIGNALING_DN,0.9850681871283609,0.5079365079365079,0.6049535552269064,0.982,67/194,28.43%,PTPRJ;NOS1;BARD1;CAMK1D;STAG3;DLK2;KLK8;SKIL;NR4A2;ARPP21;SLC12A3;MTHFR;DCC;SGK1;PTGFR;SPTBN2;ACTC1;KMT2D;BRDT;PROP1;TG;GDNF;CPEB3;BTG2;SHOX2;TCL1A;NPHS1;THNSL2;RGS11;CACNA1F;COL2A1;KCNMB1;ENTPD7;CLDN8;NR6A1;KLK7;PAX3;TFF2;HNF1A;KRT13;SCGB1A1;RYR2;CCDC106;ATP4A;NGB;DTNB;MEFV;IFNG;CELSR2;MAGIX;ALOX12B;SLC38A3;FSHB;VPS50;IDUA;SERPINB2;FGF22;GP2;UGT2B17;ATP6V1B1;FGFR3;HTR1D;CLSTN3;SCN10A;KCND1;MYH7;KLHDC8A
HALLMARK_SPERMATOGENESIS,0.9795453823033411,0.5067567567567568,0.5778062114691171,0.982,23/133,12.12%,JAM3;CHFR;SCG5;NOS1;NF2;TLE4;SYCP1;SLC2A5;MLF1;ADCYAP1;DCC;TEKT2;HTR5A;CAMK4;OAZ3;GRM8;GPR182;GSG1;MAST2;PDHA2;CLPB;DDX25;PRM2
HALLMARK_UNFOLDED_PROTEIN_RESPONSE,0.9773301233136714,0.5380710659898477,0.5463897289752239,0.982,30/109,19.53%,KDELR3;SRPRA;ERN1;NOLC1;ALDH18A1;ATF6;NABP1;PDIA5;SLC7A5;CNOT2;FUS;ATF3;XPOT;SLC30A5;GOSR2;EIF4A1;PREB;WIPI1;EXOSC2;FKBP14;SLC1A4;SRPRB;CXXC1;ARFGAP1;EIF4E;DCTN1;NFYB;ERO1A;SPCS3;GEMIN4
HALLMARK_PANCREAS_BETA_CELLS,0.9272539149728588,0.6055363321799307,0.6496452250785157,0.996,6/40,9.46%,VDR;PDX1;MAFB;DPP4;PCSK1;PCSK2
HALLMARK_MITOTIC_SPINDLE,-1.025717983595696,0.4341957255343082,0.4221433229476125,1.0,54/198,19.61%,SPTBN1;GSN;LRPPRC;NET1;ITSN1;ARHGAP29;BIN1;CLIP1;CDC42EP4;EPB41L2;SYNPO;CDC27;CEP57;SUN2;FLNB;ARHGEF7;YWHAE;ARHGAP5;RABGAP1;CLASP1;FGD4;NUMA1;EPB41;SMC3;ARAP3;TLK1;PPP4R2;SORBS2;KIF5B;KIF22;SOS1;KPTN;HDAC6;RICTOR;DLG1;ARHGEF2;ARFGEF1;TUBD1;NOTCH2;KLC1;STAU1;WASL;HOOK3;CDK1;RALBP1;MID1;PCM1;DYNC1H1;RASA2;PAFAH1B1;OPHN1;NCK1;CD2AP;CSNK1D
HALLMARK_KRAS_SIGNALING_UP,-1.0534658273410853,0.3516609392898053,0.3825560647779146,1.0,25/197,8.32%,RBP4;MMD;TMEM100;G0S2;EPB41L3;HSD11B1;STRN;AKT2;ETS1;CIDEA;ANGPTL4;MTMR10;IGFBP3;AKAP12;ZNF277;ADGRL4;GNG11;GPRC5B;GLRX;PIGR;APOD;ADGRA2;CAB39L;WDR33;DUSP6
HALLMARK_MYC_TARGETS_V2,-1.074382283469113,0.36666666666666664,0.35668990793093536,1.0,18/58,22.20%,NDUFAF4;TFB2M;HK2;WDR43;RCL1;HSPD1;NOP2;RABEPK;HSPE1;AIMP2;PHB;TMEM97;PA2G4;DDX18;LAS1L;MRTO4;MAP3K6;UNG
HALLMARK_COMPLEMENT,-1.0943756040980719,0.2832957110609481,0.33366905779774414,1.0,50/200,19.58%,CD36;GNG2;KCNIP2;PIK3CA;ME1;ANG;CTSC;L3MBTL4;CALM1;S100A13;LIPA;LGALS3;COL4A2;CBLB;PSMB9;PLSCR1;LGMN;PLA2G4A;LAMP2;RAF1;CPM;USP15;CD46;FYN;DUSP6;USP8;PLAT;CASP7;CLU;CALM3;PPP2CB;DOCK9;PSEN1;LAP3;KCNIP3;NOTCH4;F10;PCLO;ATOX1;USP16;C4BPB;FDX1;GZMA;RBSN;APOBEC3G;LTA4H;TFPI2;APOC1;F3;GP1BA
HALLMARK_ESTROGEN_RESPONSE_EARLY,-1.1033539902877827,0.28243398392652125,0.3303883526680975,1.0,31/196,8.30%,NPY1R;BCL2;ABLIM1;CALB2;CYP26B1;AKAP1;PEX11A;AR;ITPK1;CCND1;SCARB1;ADCY9;MAST4;RHOBTB3;MREG;LRIG1;TSKU;CHPT1;CXCL12;ELOVL5;BLVRB;PRSS23;MAPT;SLC22A5;FLNB;FDFT1;SLC27A2;IL6ST;ADD3;BAG1;PAPSS2
HALLMARK_P53_PATHWAY,-1.108866081893398,0.268018018018018,0.33250954899748464,1.0,66/195,24.38%,CDKN2B;RETSAT;CEBPA;DCXR;TXNIP;NOTCH1;LDHB;MKNK2;BLCAP;STEAP3;HEXIM1;RAD51C;HINT1;COQ8A;SESN1;FAM162A;CD81;WRAP73;RPS12;CDKN2AIP;NUPR1;JAG2;TP63;PRMT2;STOM;EPHX1;RXRA;TGFB1;TPD52L1;ISCU;APP;NDRG1;WWP1;PERP;S100A4;TRAFD1;SP1;FBXW7;ANKRA2;PMM1;IP6K2;PRKAB1;BTG1;INHBB;FUCA1;PTPRE;RAP2B;IRAK1;ADA;PROCR;TPRKB;TCN2;RACK1;CCNK;CASP1;DDIT4;TAP1;FGF13;ZBTB16;CCNG1;EI24;RPL18;TRIAP1;DRAM1;TM7SF3;PCNA
HALLMARK_PI3K/AKT/MTOR__SIGNALING,-1.1525918338611858,0.22950819672131148,0.26928268751325046,1.0,21/105,12.03%,PPP2R1B;EGFR;MKNK2;MAPK10;PIK3R3;SMAD2;RIT1;PTPN11;PLA2G12A;ACACA;PTEN;ITPR2;RAF1;CAB39L;UBE2D3;RPS6KA3;SQSTM1;MAPK9;THEM4;PRKAR2A;PIKFYVE
HALLMARK_IL_2/STAT5_SIGNALING,-1.1785543062443267,0.18878718535469108,0.23892917458601104,1.0,34/198,9.65%,TNFRSF21;ITIH5;FAH;HK2;BCL2;CDKN1C;GPX4;LRRC8C;FGL2;HIPK2;GBP4;SHE;AHNAK;SERPINB6;BMPR2;TNFSF10;LCLAT1;LRIG1;MYO1C;COCH;SCN9A;PLIN2;RRAGD;FAM126B;PLSCR1;CD81;SELP;PLAGL1;CCR4;NOP2;SH3BGRL2;POU2F1;ITGAE;SPRY4
HALLMARK_HYPOXIA,-1.209678025849239,0.14073226544622425,0.2026403883776538,0.996,39/195,12.01%,PCK1;SELENBP1;GPC3;ALDOC;NEDD4L;CAV1;HK2;BCL2;VLDLR;CDKN1C;NR3C1;EGFR;STBD1;AK4;ETS1;SCARB1;PFKFB3;ANGPTL4;CASP6;PLIN2;IGFBP3;GBE1;RRAGD;TPD52;AKAP12;UGP2;FAM162A;GLRX;PGM1;SRPX;ACKR3;MXI1;BNIP3L;GRHPR;SLC37A4;ZNF292;ADM;IRS2;KLHL24
HALLMARK_E2F_TARGETS,-1.2435390629774772,0.09234234234234234,0.16801016834528898,0.989,62/195,25.02%,SHMT1;PSMC3IP;CKS1B;PAN2;NBN;RFC3;USP1;RAD51C;NUDT21;POLE4;GSPT1;PSIP1;KPNA2;MCM2;RPA3;ASF1A;RAD21;AK2;IPO7;SMC3;EIF2S1;CIT;AURKB;XPO1;POLD3;RAD1;NUP107;CSE1L;XRCC6;NAP1L1;KIF22;PDS5B;DUT;NUP153;CDKN2C;TMPO;ANP32E;CDK1;PHF5A;EED;PA2G4;SYNCRIP;POLE;CDC25A;LUC7L3;ING3;CNOT9;TUBB;POP7;HNRNPD;CHEK1;UNG;CDKN1B;RPA1;TRA2B;ZW10;DEK;RBBP7;PCNA;CHEK2;CBX5;LBR
HALLMARK_WNT_BETA_CATENIN_SIGNALING,-1.3074448681294553,0.13900709219858157,0.11082372732914753,0.947,14/42,18.87%,GNAI1;HEY1;NOTCH1;NUMB;DVL2;AXIN2;SKP2;JAG2;PPARD;DLL1;NOTCH4;RBPJ;ADAM17;NCSTN
HALLMARK_GLYCOLYSIS,-1.3763079998770995,0.019450800915331808,0.0660459387000942,0.824,43/199,11.86%,CYB5A;ARPP19;GPC3;HK2;MDH1;GCLC;VLDLR;ME1;GLCE;GFPT1;ANG;DLD;SDHC;EGFR;AK4;BPNT1;ANGPTL4;TALDO1;SOD1;IDH1;PFKFB1;CASP6;PC;IGFBP3;RRAGD;MET;TXN;PYGL;UGP2;ALDH9A1;MDH2;FAM162A;GLRX;AK3;HAX1;MXI1;ARTN;SLC37A4;ZNF292;RPE;SLC25A10;IRS2;PPP2CB
HALLMARK_TGF_BETA_SIGNALING,-1.4148517949810242,0.06224066390041494,0.04960648124186998,0.712,20/54,18.51%,BMPR1A;SPTBN1;CDKN1C;HIPK2;PMEPA1;BMPR2;PPM1A;BCAR3;SMURF2;RHOA;XIAP;UBE2D3;TJP1;TGFB1;SMURF1;HDAC1;SMAD6;SMAD1;SMAD3;FNTA
HALLMARK_DNA_REPAIR,-1.4808014937271032,0.018648018648018648,0.029251503514238095,0.521,67/148,27.42%,GPX4;TSG101;TK2;RFC3;POLR3GL;GTF2H5;BCAP31;POLR2K;NUDT21;POLE4;AK3;POLR2E;POLR1D;RPA3;SUPT4H1;CSTF3;MRPL40;NELFCD;DDB1;NELFB;TAF9;POLD3;MPC2;HPRT1;RBX1;SNAPC5;GTF2A2;DUT;ARL6IP1;POLR2I;IMPDH2;COX17;POLR2G;BCAM;NPR2;NT5C3A;TAF10;AGO4;GTF3C5;CETN2;TMED2;PRIM1;ADCY6;GTF2H3;UMPS;NCBP2;SURF1;DAD1;SMAD5;ADA;CMPK2;ZNRD1;POLR2H;POLR2F;GMPR2;PCNA;NELFE;NME4;EIF1B;RALA;ERCC3;GTF2H1;NUDT9;SAC3D1;POLR3C;RFC5;TAF13
HALLMARK_INTERFERON_GAMMA_RESPONSE,-1.4939556864127042,0.01124859392575928,0.02730923388465366,0.469,73/198,23.27%,APOL6;P2RY14;EIF4E3;IFI27;TDRD7;EIF2AK2;TXNIP;FGL2;GBP4;STAT1;IFIT3;SLC25A28;TNFSF10;TRIM14;IFI44;PSMB9;PLSCR1;SRI;PLA2G4A;SELP;OAS3;HERC6;MX1;ST8SIA4;PSME2;IL15RA;PSMA3;SPPL2A;DDX58;USP18;ISOC1;RSAD2;HELZ2;IL15;SAMD9L;CASP7;BST2;LGALS3BP;XAF1;IDO1;PSMA2;LAP3;EPSTI1;TNFAIP2;IFITM3;PSME1;B2M;IFIH1;SLAMF7;TAPBP;TRAFD1;GZMA;IFI44L;IFITM2;IRF9;MYD88;PSMB10;SSPN;PARP14;BTG1;PARP12;KLRK1;HLA-B;ST3GAL5;RNF31;CMPK2;NCOA3;HLA-DMA;CASP1;IFIT2;OASL;TAP1;IRF1
HALLMARK_HEME_METABOLISM,-1.4948513428605306,0.009163802978235968,0.02873785313463598,0.469,52/194,15.31%,SELENBP1;GCLC;MGST3;CAT;EZH1;NR3C1;DCAF10;TNS1;ALDH6A1;UCP2;PRDX2;DAAM1;CLCN3;CDC27;PC;BLVRB;ALDH1L1;ISCA1;TNRC6B;SIDT2;HTATIP2;RCL1;LAMP2;USP15;NFE2L1;HAGH;VEZF1;EPB41;HTRA2;CROCCP2;BLVRA;GLRX5;MXI1;SEC14L1;BNIP3L;OPTN;TOP1;FBXO9;NEK7;PICALM;TFDP2;CAST;SLC25A38;ALAD;ADD1;RBM5;EIF2AK1;ERMAP;UBAC1;NCOA4;BCAM;EPB42
HALLMARK_NOTCH_SIGNALING,-1.5078847457558369,0.04888268156424581,0.027005715698350932,0.426,16/32,24.30%,LFNG;NOTCH1;CCND1;TCF7L2;FZD5;ARRB1;PPARD;RBX1;SKP1;DLL1;NOTCH2;DTX1;FBXW11;HES1;ST3GAL6;JAG1
HALLMARK_MYOGENESIS,-1.592957622847164,0.002257336343115124,0.012055285848851531,0.22,29/199,4.93%,SCD;NQO1;CD36;SORBS1;FHL1;CFD;DAPK2;CRYAB;ITGA7;FGF2;ABLIM1;LPIN1;GSN;GPX3;ACSL1;AKT2;COX7A1;MRAS;NOTCH1;BIN1;ADCY9;DMD;CKMT2;RIT1;MYO1C;MAPRE3;PC;IGFBP3;COL4A2
HALLMARK_UV_RESPONSE_DN,-1.5941914820576117,0.005924170616113744,0.012805835325942566,0.219,58/140,18.81%,PRKAR2B;MGLL;BMPR1A;PPARG;CAV1;VLDLR;NR3C1;TGFBR3;FBLN5;PIK3R3;PLPP3;AMPH;NR1D2;MRPS31;EFEMP1;APBB2;IGFBP5;MET;ICA1;PTEN;SRI;DAB2;MGMT;ATRX;NIPBL;FYN;ADD3;RBPMS;MAPK14;PMP22;CELF2;CDK13;NRP1;MAGI2;IRS1;TJP1;RXRA;NEK7;NFIB;SDC2;LAMC1;TGFBR2;ATP2B4;PHF3;PEX14;DLG1;ACVR2A;INSIG1;PTPRM;NOTCH2;ATP2C1;ANXA2;PRDM2;TFPI;AGGF1;SMAD3;RASA2;HAS2
HALLMARK_ESTROGEN_RESPONSE_LATE,-1.5950496342116747,0.0022701475595913734,0.01360667446458331,0.217,46/198,11.53%,PRKAR2B;MEST;PTGER3;ALDH3A2;NPY1R;FABP5;CAV1;BCL2;DCXR;CYP26B1;TST;ITPK1;ASS1;ETFB;CCND1;SCARB1;CHPT1;CXCL12;ELOVL5;BLVRB;PRSS23;MAPT;IMPA2;METTL3;SLC22A5;FLNB;FDFT1;ST6GALNAC2;EMP2;SLC27A2;GAL;RABEP1;UNC13B;IL6ST;TNNC1;ADD3;BAG1;PAPSS2;SNX10;SLC29A1;WFS1;ASCL1;COX6C;AFF1;ACOX2;ABCA3
HALLMARK_ANDROGEN_RESPONSE,-1.62650330075884,0.002512562814070352,0.010545501162123147,0.16,38/97,20.54%,SCD;DBI;LIFR;CDC14B;APPBP2;AZGP1;STK39;PMEPA1;CCND1;DHCR24;GPD1L;MAF;ELOVL5;TPD52;AKAP12;UAP1;ACSL3;TMEM50A;RPS6KA3;VAPA;HMGCS1;XRCC6;TNFAIP8;NDRG1;MYL12A;INSIG1;CAMKK2;NGLY1;NCOA4;ZBTB10;B2M;PA2G4;ELK4;MAK;PIAS1;PGM3;KRT19;PTPN21
HALLMARK_MTORC1_SIGNALING,-1.7184280563031662,0.0,0.005114363693452166,0.073,88/196,26.57%,SCD;QDPR;HK2;GCLC;VLDLR;ME1;ADIPOR2;PPA1;CTSC;FGL2;AK4;PRDX1;PSPH;DHCR24;PIK3R3;RIT1;IDH1;SC5D;ELOVL5;POLR3G;GBE1;DHFR;IGFBP5;ACACA;CYB5B;LGMN;GLRX;PGM1;HSPD1;ACSL3;MCM2;ADD3;NUPR1;PSMA3;ETF1;UBE2D3;SQSTM1;PHGDH;NMT1;SLC37A4;USO1;COPS5;TM7SF2;HSPE1;MTHFD2L;HMGCS1;HPRT1;PSME3;EIF2S2;TMEM97;INSIG1;CACYBP;PITPNB;PSMD14;ARPC5L;PPIA;IMMT;PNO1;CDC25A;TXNRD1;PSMB5;LTA4H;SERP1;SKAP2;NFYC;ALDOA;HSPA9;ATP2A2;FKBP2;STIP1;UNG;DDIT4;RPA1;RAB1A;CCNG1;PSMD12;CANX;LDHA;GPI;GMPS;CFP;TCEA1;CYP51A1;RDH11;SLC1A5;PSMA4;GTF2H1;PSMC6
HALLMARK_PPEROXISOME,-1.874458588252086,0.0012594458438287153,0.0010144192449822477,0.014,34/104,11.69%,RETSAT;ITGB1BP1;CAT;ACSL5;ACOX1;ACSL1;PEX11A;EHHADH;PRDX1;DHCR24;PEX2;SOD1;IDH1;PEX5;ACAA1;ELOVL5;SCP2;GSTK1;HMGCL;ABCD3;EPHX2;ALDH9A1;SLC25A4;ECH1;SLC27A2;FIS1;HSD17B4;HSD3B7;CNBP;ECI2;SEMA3C;ISOC1;ALDH1A1;LONP2
HALLMARK_CHOLESTEROL_HOMEOSTASIS,-1.8798370371074122,0.0,0.0010361568002318672,0.013,23/73,12.29%,SCD;GNAI1;LPL;PPARG;FABP5;ALDOC;MAL2;ACSS2;SC5D;LGALS3;ANTXR2;PLSCR1;SREBF2;LGMN;ATXN2;FDFT1;ECH1;GSTM2;TM7SF2;CLU;HMGCS1;HSD17B7;MVK
HALLMARK_MYC_TARGETS_V1,-1.956164054360761,0.0,0.00035424164110491193,0.004,110/196,26.57%,PRDX3;CYC1;SSB;HDDC2;RPL14;TARDBP;USP1;TOMM70;SERBP1;UBA2;HNRNPR;YWHAE;GSPT1;PWP1;HSPD1;NHP2;KPNA2;MCM2;BUB3;RPL22;CNBP;STARD7;RAD23B;ETF1;PSMD8;SNRPB2;SF3A1;EIF2S1;PSMD7;VDAC3;COPS5;XPO1;ERH;SF3B3;SNRPA;HSPE1;MRPS18B;HNRNPC;XRCC6;EIF4H;HPRT1;SNRPD2;NAP1L1;AIMP2;PSMA6;PTGES3;EIF2S2;PCBP1;PSMA7;PSMA2;PHB;COX5A;DUT;NDUFAB1;EIF3J;IMPDH2;KPNB1;RRM1;CCT7;G3BP1;RPS10;TFDP1;PSMD14;VBP1;CLNS1A;PPIA;PA2G4;SYNCRIP;CCNA2;HSP90AB1;EIF3D;ABCE1;CCT4;DDX18;SET;NCBP2;HNRNPA3;HNRNPD;SLC25A3;LSM7;EXOSC7;SNRPG;EIF4G2;CCT2;CCT5;SRSF3;RACK1;RPS6;HDAC2;HNRNPA2B1;RPL6;RPL34;TCP1;TRA2B;CCT3;DEK;TUFM;RPL18;CANX;RPLP0;PCNA;LDHA;PSMB3;PSMB2;UBE2L3;APEX1;RUVBL2;PSMA4;RNPS1;PSMC6
HALLMARK_PROTEIN_SECRETION,-2.0973647977555654,0.0,0.0,0.0,53/95,23.78%,CAV2;BNIP3;EGFR;CTSC;TSG101;CLCN3;AP3B1;SOD1;TPD52;STX7;ICA1;ATP6V1H;CLN5;LAMP2;VPS45;VAMP3;DNM1L;RPS6KA3;STX12;TMX1;SNX2;YIPF6;USO1;ABCA1;RAB2A;SEC22B;NAPG;RAB22A;RAB9A;STX16;ARFGEF1;ARCN1;RAB14;ANP32E;COG2;CLTC;MON2;VAMP7;NAPA;SGMS1;TMED2;SCAMP1;AP1G1;VAMP4;SSPN;AP2B1;COPB1;IGF2R;OCRL;TOM1L1;TSPAN8;ZW10;CD63
HALLMARK_BILE_ACID_METABOLISM,-2.1006397473988865,0.0,0.0,0.0,38/112,11.77%,RETSAT;PEX19;ABCA9;ABCA8;CAT;ABCA6;ACSL5;ACSL1;PEX11A;AR;DHCR24;LIPE;SOD1;IDH1;SCP2;GSTK1;BCAR3;ABCD3;EPHX2;PEX1;BMP6;ALDH9A1;SLC27A2;PECR;TFCP2L1;ABCA5;HSD17B4;HSD3B7;SLC29A1;PHYH;ISOC1;OPTN;ALDH1A1;RXRA;ABCA1;ABCA3;LONP2;PXMP2
HALLMARK_XENOBIOTIC_METABOLISM,-2.191260820113205,0.0,0.0,0.0,43/198,7.02%,CES1;RBP4;AKR1C2;NQO1;RETSAT;CD36;MAOA;CYB5A;ADH1C;MTHFD1;ALDH2;FAH;ARPP19;GCLC;CAT;AKR1C3;NDRG2;ENPEP;ACOX1;DCXR;HSD11B1;GART;ACO2;ATOH8;MAN1A1;AOX1;CSAD;MCCC2;IDH1;CASP6;PC;ELOVL5;DDAH2;BLVRB;PTGR1;ETFDH;ABHD6;CDO1;TMBIM6;PDK4;ALDH9A1;ALAS1;ECH1
HALLMARK_REACTIVE_OXYGEN_SPECIES_PATHWAY,-2.2697263626734285,0.0,0.0,0.0,17/48,8.05%,MGST1;NQO1;GCLC;CAT;NDUFB4;GPX3;PRDX6;GPX4;PRDX2;PRDX1;SOD1;TXN;FTL;GLRX;LAMTOR5;EGLN2;OXSR1
HALLMARK_INTERFERON_ALPHA_RESPONSE,-2.3845944238808556,0.0,0.0,0.0,52/95,23.27%,IFI27;TDRD7;EIF2AK2;OAS1;TMEM140;TXNIP;NCOA7;GBP4;IFIT3;SLC25A28;LPAR6;TRIM14;IFI44;PSMB9;PLSCR1;HERC6;MX1;PSME2;PSMA3;SAMD9;NUB1;USP18;RSAD2;IFITM1;HELZ2;IL15;SAMD9L;BST2;LGALS3BP;LAP3;EPSTI1;IFITM3;PSME1;HLA-C;B2M;IFIH1;PARP9;TRAFD1;IFI44L;IFITM2;IRF9;PARP14;PARP12;RNF31;CMPK2;PROCR;UBA7;CASP1;IFIT2;OASL;TAP1;IRF1
HALLMARK_FATTY_ACID_METABOLISM,-2.7658216641660918,0.0,0.0,0.0,69/156,15.07%,RETSAT;CD36;GPD1;MGLL;MAOA;ADH1C;AQP7;ALDH3A2;G0S2;HADH;HSDL2;MDH1;ACAA2;SUCLG2;PDHA1;ACSL5;ME1;ADIPOR2;AOC3;ACOX1;DLD;PRDX6;SDHC;ACSL1;EHHADH;HIBCH;ECHS1;ACO2;CIDEA;NBN;GCDH;DHCR24;IDH3B;ACADS;PDHB;IDH1;ACAA1;ELOVL5;HMGCL;ETFDH;SUCLA2;SUCLG1;SLC22A5;SDHD;CBR3;CA4;ALDH9A1;MDH2;SDHA;ECH1;HSD17B4;BLVRA;ECI2;HADHB;EPHX1;AUH;GRHPR;ALDH1A1;GLUL;HMGCS1;HSD17B7;ALAD;FH;GABARAPL1;CCDC58;CPT1A;ACADVL;PSME1;DLST
HALLMARK_OXIDATIVE_PHOSPHORYLATION,-3.1009772229112427,0.0,0.0,0.0,125/184,18.95%,RETSAT;CYB5A;PRDX3;CYC1;SDHB;MDH1;NDUFB6;MGST3;MAOB;UQCR10;ACAA2;MRPS30;CS;NQO2;COX6A1;PDHA1;GLUD1;LRPPRC;NDUFB4;DLD;GPX4;SDHC;IDH3A;LDHB;ECHS1;ACO2;ALDH6A1;NDUFS1;ETFB;COX5B;UQCRQ;COX7C;MPC1;IDH3B;UQCR11;UQCRC2;NDUFB5;PDHB;NDUFC2;NDUFB2;IDH1;ACAA1;NDUFB1;NDUFA2;ISCA1;ETFDH;SUCLA2;TOMM70;SUCLG1;COX7B;SDHD;PDHX;ETFA;NDUFS7;NDUFS4;MRPL35;UQCRB;MRPS15;ATP6V1H;PDK4;MDH2;COX6B1;NDUFA1;ACAT1;NDUFA9;SDHA;MRPL15;SLC25A4;ALAS1;ECH1;UQCRH;COX7A2;SLC25A20;COX11;MTX2;TIMM8B;HTRA2;COX4I1;HADHB;UQCRFS1;PHYH;CYB5R3;NDUFS8;COX6C;NDUFB7;NDUFV2;VDAC3;ATP6V0E1;TOMM22;CASP7;NDUFA6;GRPEL1;NDUFS6;OXA1L;FH;HADHA;NDUFA8;ISCU;ATP6V1E1;NDUFS3;COX5A;MRPS11;NDUFAB1;CPT1A;COX17;SLC25A5;ACADVL;DLST;NDUFB8;MFN2;COX8A;COX7A2L;IMMT;OPA1;TIMM9;FDX1;NDUFC1;NDUFB3;NDUFA4;NNT;AIFM1;NDUFS2;MRPS22;PMPCA;AFG3L2
HALLMARK_ADIPOGENESIS,-3.146338207815455,0.0,0.0,0.0,130/194,19.32%,GPAM;FABP4;RETSAT;CD36;SORBS1;PTGER3;MGLL;LEP;LPL;QDPR;ITGA7;LAMA4;LIFR;ITIH5;PPARG;HADH;ALDH2;ADIPOQ;FAH;PRDX3;CYC1;FZD4;SDHB;SNCG;MGST3;UQCR10;MRAP;ACAA2;CAT;TKT;CS;CHCHD10;COX6A1;ME1;ADIPOR2;ELMOD3;ACOX1;STAT5A;GPX3;DLD;GPX4;ITSN1;ESYT1;MCCC1;TST;SDHC;IDH3A;HIBCH;CYP4B1;ECHS1;ACO2;ETFB;UCP2;SULT1A1;CIDEA;UQCRQ;SCARB1;PTCD3;YWHAG;PFKFB3;RTN3;UQCR11;ANGPTL4;LIPE;ACADS;TALDO1;ANGPT1;SOD1;GHITM;IDH1;CD151;SCP2;DNAJC15;PLIN2;BCL6;GBE1;SUCLG1;COX7B;EPHX2;BCL2L13;ENPP2;MDH2;CHUK;GPHN;MRPL15;RNF11;ECH1;MTCH2;PGM1;BAZ2A;DRAM2;PHYH;STOM;AK2;PHLDB1;CMBL;NDUFB7;NMT1;ABCA1;COQ5;SLC25A10;SLC5A6;GRPEL1;CMPK1;RREB1;UBQLN1;NDUFS3;REEP5;DDT;NDUFAB1;SLC25A1;PEX14;CDKN2C;DBT;COX8A;PIM3;TANK;IMMT;CCNG2;AGPAT3;PDCD4;APLP2;ATL2;AIFM1;IFNGR1;ADCY6;SSPN;VEGFB;COL4A1;CD302
