Gene,Primary_log2FC,Sens_i_log2FC,Pct_Change_i,Sens_j_log2FC,Pct_Change_j,Classification
THBS3,-1.5654,-0.5657,63.9,-0.8174,47.8,QC-SENSITIVE
COL3A1,-1.9563,-0.8234,57.9,-1.7221,12.0,QC-SENSITIVE
FN1,-2.9551,-0.272,90.8,-2.6957,8.8,QC-SENSITIVE
COL8A1,-2.6583,-0.824,69.0,-2.059,22.5,QC-SENSITIVE
VCAN,-0.6481,-1.4106,-117.7,-1.329,-105.1,ROBUST
EDIL3,-2.609,-0.7344,71.9,-2.349,10.0,QC-SENSITIVE
LOX,-1.7217,-0.1673,90.3,-1.6075,6.6,QC-SENSITIVE
INHBA,1.0787,-0.3117,-128.9,0.6437,-40.3,QC-SENSITIVE
COMP,-4.0442,-1.1448,71.7,-4.8527,-20.0,QC-SENSITIVE
