stringId_A	stringId_B	preferredName_A	preferredName_B	ncbiTaxonId	score	nscore	fscore	pscore	ascore	escore	dscore	tscore
9606.ENSP00000222271	9606.ENSP00000261037	COMP	COL8A1	9606	0.469	0	0	0	0.231	0.065	0	0.321
9606.ENSP00000222271	9606.ENSP00000304408	COMP	COL3A1	9606	0.475	0	0	0	0.192	0.065	0	0.361
9606.ENSP00000222271	9606.ENSP00000359114	COMP	COL11A1	9606	0.517	0	0	0	0.266	0.065	0	0.353
9606.ENSP00000222271	9606.ENSP00000346839	COMP	FN1	9606	0.609	0	0	0	0.075	0	0	0.595
9606.ENSP00000222271	9606.ENSP00000357362	COMP	THBS3	9606	0.705	0	0	0.057	0.636	0	0	0.211
9606.ENSP00000231004	9606.ENSP00000265077	LOX	VCAN	9606	0.438	0	0	0	0.075	0	0	0.418
9606.ENSP00000231004	9606.ENSP00000261037	LOX	COL8A1	9606	0.471	0	0	0	0.265	0	0	0.311
9606.ENSP00000231004	9606.ENSP00000304408	LOX	COL3A1	9606	0.802	0	0	0	0.266	0.374	0	0.605
9606.ENSP00000231004	9606.ENSP00000346839	LOX	FN1	9606	0.953	0	0	0	0.212	0.837	0	0.665
9606.ENSP00000242208	9606.ENSP00000346839	INHBA	FN1	9606	0.415	0	0	0	0.129	0	0	0.356
9606.ENSP00000242208	9606.ENSP00000359114	INHBA	COL11A1	9606	0.454	0	0	0	0.147	0	0	0.387
9606.ENSP00000261037	9606.ENSP00000346839	COL8A1	FN1	9606	0.459	0	0	0	0.107	0	0	0.42
9606.ENSP00000261037	9606.ENSP00000359114	COL8A1	COL11A1	9606	0.613	0	0	0.089	0.185	0	0.4	0.235
9606.ENSP00000261037	9606.ENSP00000304408	COL8A1	COL3A1	9606	0.644	0	0	0.175	0.183	0	0.4	0.225
9606.ENSP00000265077	9606.ENSP00000359114	VCAN	COL11A1	9606	0.518	0	0	0	0.174	0	0	0.441
9606.ENSP00000265077	9606.ENSP00000304408	VCAN	COL3A1	9606	0.619	0	0	0	0.211	0	0	0.537
9606.ENSP00000265077	9606.ENSP00000346839	VCAN	FN1	9606	0.687	0	0	0	0.131	0	0	0.655
9606.ENSP00000296591	9606.ENSP00000359114	EDIL3	COL11A1	9606	0.522	0	0	0	0.146	0	0	0.464
9606.ENSP00000304408	9606.ENSP00000359114	COL3A1	COL11A1	9606	0.877	0	0	0.092	0.505	0	0.72	0.138
9606.ENSP00000304408	9606.ENSP00000346839	COL3A1	FN1	9606	0.911	0	0	0	0.499	0	0	0.83
9606.ENSP00000346839	9606.ENSP00000359114	FN1	COL11A1	9606	0.519	0	0	0	0.136	0	0	0.467
