Module,Module_Color,Correlation,P_value
MEmagenta,magenta,0.48039967111154025,0.004660643485842445
MEpink,pink,0.32056649764726003,0.0689347786840047
MEred,red,0.29847098591286625,0.09156934462327793
MEyellow,yellow,0.2552815830484522,0.15162410374861457
MEcyan,cyan,0.22600388828810897,0.20598882535720345
MEblack,black,0.028515632339153375,0.8748307768956167
MEgreen,green,0.013452333136481275,0.9407706449200377
MEsalmon,salmon,0.0040345424218707175,0.9822221491048659
MEturquoise,turquoise,-0.06679199062205227,0.7118973114717618
MEbrown,brown,-0.12962269526552847,0.4721680330253184
MEgreenyellow,greenyellow,-0.1622577692284386,0.3669726916767226
MEtan,tan,-0.203924284129778,0.25499614240416024
MEblue,blue,-0.27198124879015617,0.12572027982856612
MEpurple,purple,-0.29080393270632154,0.10062518310722386
