Cell_Type,Cell_Type_Display,Gene,log2FC,CI_95_low,CI_95_high,PValue,BH_FDR,Evidence_Status
stromal / mesothelial-lineage (unresolved),Stromal / Mesothelial,COL11A1,-1.03463463781222,-4.74618099870746,2.67691172308303,0.566101942888641,,INSUFFICIENT DATA
stromal / mesothelial-lineage (unresolved),Stromal / Mesothelial,THBS3,-1.56540902927321,-2.79742149138329,-0.333396567163139,0.0153354815398913,0.2146967415584782,PASS
stromal / mesothelial-lineage (unresolved),Stromal / Mesothelial,COL3A1,-1.95627083458187,-4.21472291341044,0.302181244246701,0.0856572840188774,0.335430591936135,PASS
stromal / mesothelial-lineage (unresolved),Stromal / Mesothelial,FN1,-2.95507539102206,-5.65584055246499,-0.254310229579126,0.0336328931318922,0.258735584379734,PASS
stromal / mesothelial-lineage (unresolved),Stromal / Mesothelial,COL8A1,-2.6583358624472,-4.4866482344548,-0.830023490439608,0.006700801844985,0.131335716161706,PASS
stromal / mesothelial-lineage (unresolved),Stromal / Mesothelial,VCAN,-0.648072245301842,-2.87548161423655,1.57933712363287,0.549619137977936,0.7480927155810796,PASS
stromal / mesothelial-lineage (unresolved),Stromal / Mesothelial,EDIL3,-2.60896658773467,-5.12689976135985,-0.0910334141094782,0.0428903082456024,0.258735584379734,PASS
stromal / mesothelial-lineage (unresolved),Stromal / Mesothelial,LOX,-1.72169249112081,-3.81985591202501,0.376470929783399,0.102110411554049,0.3529623130671782,PASS
stromal / mesothelial-lineage (unresolved),Stromal / Mesothelial,INHBA,1.07868460353162,-0.593577340812029,2.75094654787528,0.193360481208219,0.4514571636496087,PASS
stromal / mesothelial-lineage (unresolved),Stromal / Mesothelial,ISM1,-1.09132623564645,-4.13310269433861,1.95045022304571,0.467495063933939,,INSUFFICIENT DATA
stromal / mesothelial-lineage (unresolved),Stromal / Mesothelial,COMP,-4.04415338719047,-8.01845141431343,-0.0698553600674972,0.0464140918084833,0.258735584379734,PASS
Monocyte / macrophage,Monocyte / Macrophage,COL11A1,5.1254824061038706e-15,,,1.0,,INSUFFICIENT DATA
Monocyte / macrophage,Monocyte / Macrophage,THBS3,0.0912032743376386,-0.761115351167294,0.943521899842571,0.826779429725808,0.9219661245306224,PASS
Monocyte / macrophage,Monocyte / Macrophage,COL3A1,-3.56388845826195,-7.04558768543143,-0.0821892310924617,0.0453239291898924,0.258735584379734,PASS
Monocyte / macrophage,Monocyte / Macrophage,FN1,-0.0999296065237318,-0.983659441569087,0.783800228521624,0.815232634601481,0.9219661245306224,PASS
Monocyte / macrophage,Monocyte / Macrophage,COL8A1,-6.89336348131473,-15.8677399684984,2.08101300586898,0.123129816157704,,INSUFFICIENT DATA
Monocyte / macrophage,Monocyte / Macrophage,VCAN,0.511921604504713,-0.571162069779488,1.59500527878892,0.332810777663536,0.6076524052096887,PASS
Monocyte / macrophage,Monocyte / Macrophage,EDIL3,-5.04565082337933,-14.8629795013504,4.77167785459174,0.295482413856526,,INSUFFICIENT DATA
Monocyte / macrophage,Monocyte / Macrophage,LOX,-3.23355939226695,-7.72593102695465,1.25881224242074,0.147815019273623,,INSUFFICIENT DATA
Monocyte / macrophage,Monocyte / Macrophage,INHBA,-0.772815714283194,-5.26081685465812,3.71518542609173,0.720759175760951,0.9171091469162244,PASS
Monocyte / macrophage,Monocyte / Macrophage,ISM1,-1.19774354763069,-10.950605114641,8.55511801937967,0.794039999790785,,INSUFFICIENT DATA
Monocyte / macrophage,Monocyte / Macrophage,COMP,0.25686659145277,-2.81336981186386,3.3271029947694,0.86433929350534,0.9365749953401896,PASS
cDC,cDC,COL11A1,-1.2359795917009,-9.75828935929796,7.28633017589615,0.75475626424579,,INSUFFICIENT DATA
cDC,cDC,THBS3,0.167575468193664,-0.962133664807847,1.29728460119518,0.762605506341322,0.9171091469162244,PASS
cDC,cDC,COL3A1,-3.61481070323257,-6.96768109895814,-0.261940307506999,0.0361606105840286,0.258735584379734,PASS
cDC,cDC,FN1,-0.526729157344825,-1.74320191583636,0.68974360114671,0.373616436043317,0.6076524052096887,PASS
cDC,cDC,COL8A1,-1.74884463515003,-5.07714856425191,1.57945929395186,0.287941214947806,,INSUFFICIENT DATA
cDC,cDC,VCAN,1.59194530876146,-0.144515153895299,3.32840577141823,0.0695654644912755,0.335430591936135,PASS
cDC,cDC,EDIL3,-4.59767445175051,-12.2152663769083,3.01991747340733,0.219470308192883,,INSUFFICIENT DATA
cDC,cDC,LOX,-3.0500052229957,-7.65328591454695,1.55327546855555,0.182726192536909,,INSUFFICIENT DATA
cDC,cDC,INHBA,-1.3164223513659,-5.05199287216599,2.4191481694342,0.467075190714843,0.6657116799221877,PASS
cDC,cDC,ISM1,-1.2359795917009,-9.75828935929796,7.28633017589615,0.75475626424579,,INSUFFICIENT DATA
cDC,cDC,COMP,1.89785836559815,-0.410269443186081,4.20598617438237,0.102385094636041,,INSUFFICIENT DATA
T cell,T Cell,COL11A1,0.0,,,1.0,,INSUFFICIENT DATA
T cell,T Cell,THBS3,-0.3874140260657,-0.901095730985617,0.126267678854217,0.131098968376578,0.3893242091183225,PASS
T cell,T Cell,COL3A1,-2.52787173302548,-5.02472258929955,-0.0310208767514166,0.047522862437094,0.258735584379734,PASS
T cell,T Cell,FN1,-2.70511706300713,-4.25749941644708,-1.15273470956717,0.0017916496037002,0.0877908305813098,PASS
T cell,T Cell,COL8A1,-1.21662996195046,-3.28926250876907,0.856002584868155,0.234782363615449,0.5113038140958667,PASS
T cell,T Cell,VCAN,-1.94030630271775,-4.5217059151988,0.641093309763303,0.131049000207522,0.3893242091183225,PASS
T cell,T Cell,EDIL3,-0.625327960284285,-3.46151578569359,2.21085986512502,0.652558013848222,,INSUFFICIENT DATA
T cell,T Cell,LOX,-0.924458556117575,-3.52065460803652,1.67173749580137,0.464075321970947,0.6657116799221877,PASS
T cell,T Cell,INHBA,0.108035916888769,-1.32887928963275,1.54495112341029,0.878560512553939,0.9365749953401896,PASS
T cell,T Cell,ISM1,-0.938272470216328,-3.03565803932359,1.15911309889093,0.365014257824351,0.6076524052096887,PASS
T cell,T Cell,COMP,0.124733061290052,-1.54250006356382,1.79196618614393,0.879233669094872,0.9365749953401896,PASS
NK cell,NK Cell,COL11A1,0.0,,,1.0,,INSUFFICIENT DATA
NK cell,NK Cell,THBS3,-0.0783729422034997,-1.79270286180765,1.63595697740065,0.926526436965391,0.9458290710688368,PASS
NK cell,NK Cell,COL3A1,-3.78928262962645,-7.25009639297207,-0.328468866280832,0.0331292585221431,,INSUFFICIENT DATA
NK cell,NK Cell,FN1,-1.9834586090763,-3.69352348797127,-0.273393730181335,0.0247225721714494,0.2367240613222946,PASS
NK cell,NK Cell,COL8A1,0.420724909420714,-2.33461224916439,3.17606206800581,0.75736304521683,,INSUFFICIENT DATA
NK cell,NK Cell,VCAN,-0.191260681831795,-2.56288247842964,2.18036111476605,0.87006592719772,0.9365749953401896,PASS
NK cell,NK Cell,EDIL3,0.929461147504131,-2.84139037418153,4.7003126691898,0.612095761399838,,INSUFFICIENT DATA
NK cell,NK Cell,LOX,-0.562041618065328,-3.04344867724843,1.91936544111777,0.648051911774986,,INSUFFICIENT DATA
NK cell,NK Cell,INHBA,2.22209857857321,-1.0371991604607,5.48139631760713,0.170538625177275,,INSUFFICIENT DATA
NK cell,NK Cell,ISM1,0.923324940907487,-2.60358863459039,4.45023851640536,0.593905641021309,,INSUFFICIENT DATA
NK cell,NK Cell,COMP,-0.942126551686379,-4.26075702025615,2.37650391688339,0.564307141563263,,INSUFFICIENT DATA
