Analysis,Cell_Type,Contrast,Gene,log2FC,SE,CI_95_low,CI_95_high,t_stat,PValue,BH_FDR,QL_Denom_df,Donors_LV_UF,Donors_LV_NOT_UF,Donors_SV,Cells_total,Evidence_Status,Analysis_Clean
sens_b_no_LV_UF3,stromal / mesothelial-lineage (unresolved),LV_UF_vs_LV_NOT_UF,THBS3,-1.83700380397873,0.640966071161802,-3.17727124757308,-0.496736360384382,-2.86599226796672,0.009793009705739,,19.2740660933607,3,6,6,3475,PASS,Sens (b): Drop LV_UF-3
sens_b_no_LV_UF3,stromal / mesothelial-lineage (unresolved),LV_UF_vs_LV_NOT_UF,COL3A1,-2.18936406721697,1.34481536418269,-5.04950275880179,0.670774624367841,-1.62800346094168,0.12382301632945,,15.3870666790585,3,6,6,3475,PASS,Sens (b): Drop LV_UF-3
sens_b_no_LV_UF3,stromal / mesothelial-lineage (unresolved),LV_UF_vs_LV_NOT_UF,FN1,-3.48110142651707,1.61612396813596,-6.91873475186825,-0.0434681011658915,-2.15398168404877,0.0475042896335289,,15.361837812741,3,6,6,3475,PASS,Sens (b): Drop LV_UF-3
sens_b_no_LV_UF3,stromal / mesothelial-lineage (unresolved),LV_UF_vs_LV_NOT_UF,COL8A1,-2.5285805209577,1.01867315029259,-4.68113187705661,-0.37602916485878,-2.48222947687531,0.0240367141897294,,16.660714791972,3,6,6,3475,PASS,Sens (b): Drop LV_UF-3
sens_b_no_LV_UF3,stromal / mesothelial-lineage (unresolved),LV_UF_vs_LV_NOT_UF,VCAN,-2.30425894115684,1.26297374293926,-4.98224388223847,0.373725999924783,-1.82447097894074,0.0868627686475102,,15.9559970829281,3,6,6,3475,PASS,Sens (b): Drop LV_UF-3
sens_b_no_LV_UF3,stromal / mesothelial-lineage (unresolved),LV_UF_vs_LV_NOT_UF,EDIL3,-3.66853411766064,1.39283728164183,-6.56185106639938,-0.775217168921898,-2.63385692357136,0.0153738257706552,,21.394255345321,3,6,6,3475,PASS,Sens (b): Drop LV_UF-3
sens_b_no_LV_UF3,stromal / mesothelial-lineage (unresolved),LV_UF_vs_LV_NOT_UF,LOX,-2.50965776485403,1.2350552896606,-5.12162784885323,0.102312319145164,-2.0320205790493,0.0585909950123137,,16.4836951079009,3,6,6,3475,PASS,Sens (b): Drop LV_UF-3
sens_b_no_LV_UF3,stromal / mesothelial-lineage (unresolved),LV_UF_vs_LV_NOT_UF,INHBA,1.398746074101,0.801419951409929,-0.281578011958708,3.0790701601607,1.74533472948883,0.0974943420072895,,18.5222957397977,3,6,6,3475,PASS,Sens (b): Drop LV_UF-3
sens_b_no_LV_UF3,stromal / mesothelial-lineage (unresolved),LV_UF_vs_LV_NOT_UF,COMP,-4.44518858342213,2.30770363928402,-9.27029030648368,0.379913139639413,-1.92623892762993,0.0689368801743527,,19.294051598221,3,6,6,3475,INSUFFICIENT DATA,Sens (b): Drop LV_UF-3
sens_c_no_scDblFinder,stromal / mesothelial-lineage (unresolved),LV_UF_vs_LV_NOT_UF,THBS3,-1.55925145506188,0.585807992596311,-2.78062020778098,-0.337882702342789,-2.66171079051219,0.0149168333118739,,20.1558150664521,4,6,6,3458,PASS,Sens (c): Keep Doublets
sens_c_no_scDblFinder,stromal / mesothelial-lineage (unresolved),LV_UF_vs_LV_NOT_UF,COL3A1,-2.07272314926787,1.08602408735881,-4.346577688857,0.201131390321268,-1.90854252073607,0.0716234033725276,,18.9041877145792,4,6,6,3458,PASS,Sens (c): Keep Doublets
sens_c_no_scDblFinder,stromal / mesothelial-lineage (unresolved),LV_UF_vs_LV_NOT_UF,FN1,-2.86680682201495,1.32285259122923,-5.63680461937399,-0.0968090246559132,-2.16714004343525,0.0432270361039052,,18.8756061806905,4,6,6,3458,PASS,Sens (c): Keep Doublets
sens_c_no_scDblFinder,stromal / mesothelial-lineage (unresolved),LV_UF_vs_LV_NOT_UF,COL8A1,-2.69333657991614,0.868135937385742,-4.51127643644448,-0.875396723387804,-3.10243645485604,0.0059005500742444,,18.8604382118173,4,6,6,3458,PASS,Sens (c): Keep Doublets
sens_c_no_scDblFinder,stromal / mesothelial-lineage (unresolved),LV_UF_vs_LV_NOT_UF,VCAN,-0.47594814177805,1.16567807136343,-2.91737785977648,1.96548157622038,-0.408301531503771,0.68766193406041,,18.8135593416571,4,6,6,3458,PASS,Sens (c): Keep Doublets
sens_c_no_scDblFinder,stromal / mesothelial-lineage (unresolved),LV_UF_vs_LV_NOT_UF,EDIL3,-2.70285003382801,1.23317759203581,-5.25314085945973,-0.152559208196293,-2.19177679783004,0.0387265186634681,,23.1198238993424,4,6,6,3458,PASS,Sens (c): Keep Doublets
sens_c_no_scDblFinder,stromal / mesothelial-lineage (unresolved),LV_UF_vs_LV_NOT_UF,LOX,-1.72201839558987,1.00631717831087,-3.82965900534892,0.385622214169175,-1.71120838708163,0.10347815927879,,18.816047930193,4,6,6,3458,PASS,Sens (c): Keep Doublets
sens_c_no_scDblFinder,stromal / mesothelial-lineage (unresolved),LV_UF_vs_LV_NOT_UF,INHBA,0.82527567876867,0.787738131719358,-0.819211771136551,2.46976312867389,1.04765231685228,0.307446724025026,,19.7573871074455,4,6,6,3458,PASS,Sens (c): Keep Doublets
sens_c_no_scDblFinder,stromal / mesothelial-lineage (unresolved),LV_UF_vs_LV_NOT_UF,COMP,-3.99708403707784,1.93139215290223,-7.99007513704999,-0.0040929371056921,-2.06953519567301,0.0497842598512525,,23.2523531584314,4,6,6,3458,PASS,Sens (c): Keep Doublets
sens_d_ge700genes,stromal / mesothelial-lineage (unresolved),LV_UF_vs_LV_NOT_UF,THBS3,-1.48256278791386,0.61701441219284,-2.76817223266401,-0.196953343163719,-2.40280090483609,0.0259085401142989,,20.3606781013174,4,6,6,3373,PASS,Sens (d): >=700 Genes
sens_d_ge700genes,stromal / mesothelial-lineage (unresolved),LV_UF_vs_LV_NOT_UF,COL3A1,-2.13127983304794,1.0836853297397,-4.39863598874638,0.136076322650494,-1.96669621204513,0.0639171956335386,,19.1024811575028,4,6,6,3373,PASS,Sens (d): >=700 Genes
sens_d_ge700genes,stromal / mesothelial-lineage (unresolved),LV_UF_vs_LV_NOT_UF,FN1,-3.20488500249324,1.29409240103056,-5.91282245437357,-0.49694755061291,-2.47655036065509,0.0228047078212798,,19.0654371264851,4,6,6,3373,PASS,Sens (d): >=700 Genes
sens_d_ge700genes,stromal / mesothelial-lineage (unresolved),LV_UF_vs_LV_NOT_UF,COL8A1,-2.53962085421452,0.859899171715736,-4.33908654603956,-0.740155162389488,-2.95339376725678,0.0081442749037181,,19.0506726632692,4,6,6,3373,PASS,Sens (d): >=700 Genes
sens_d_ge700genes,stromal / mesothelial-lineage (unresolved),LV_UF_vs_LV_NOT_UF,VCAN,-0.907045984710291,1.06476040772215,-3.13556002408174,1.32146805466116,-0.851878016999848,0.404887911259654,,19.0069441362051,4,6,6,3373,PASS,Sens (d): >=700 Genes
sens_d_ge700genes,stromal / mesothelial-lineage (unresolved),LV_UF_vs_LV_NOT_UF,EDIL3,-2.78804334119708,1.24794646401233,-5.36619944271696,-0.20988723967721,-2.23410492484839,0.0352373330474753,,23.5645224600032,4,6,6,3373,PASS,Sens (d): >=700 Genes
sens_d_ge700genes,stromal / mesothelial-lineage (unresolved),LV_UF_vs_LV_NOT_UF,LOX,-1.62577503390433,1.00607644405537,-3.73142502691394,0.479874959105285,-1.61595576907757,0.122576614819309,,19.0123005176603,4,6,6,3373,PASS,Sens (d): >=700 Genes
sens_d_ge700genes,stromal / mesothelial-lineage (unresolved),LV_UF_vs_LV_NOT_UF,INHBA,1.10828887502798,0.836729694033907,-0.637593374326989,2.85417112438294,1.32454827757441,0.200323253765389,,19.9119894590844,4,6,6,3373,PASS,Sens (d): >=700 Genes
sens_d_ge700genes,stromal / mesothelial-lineage (unresolved),LV_UF_vs_LV_NOT_UF,COMP,-3.94109691462936,1.98409628438812,-8.04537996120517,0.163186131946464,-1.9863435790087,0.0590303555516094,,23.0134603205749,4,6,6,3373,PASS,Sens (d): >=700 Genes
sens_e_ge50cells,stromal / mesothelial-lineage (unresolved),LV_UF_vs_LV_NOT_UF,THBS3,-2.24573350870309,0.586804707697757,-3.53115675198808,-0.960310265418107,-3.82705434916141,0.0026168344867948,,11.4468839537613,3,2,5,3492,PASS,Sens (e): >=50 Cells
sens_e_ge50cells,stromal / mesothelial-lineage (unresolved),LV_UF_vs_LV_NOT_UF,COL3A1,-3.55527244655772,1.24034930465296,-6.27562149166484,-0.834923401450605,-2.86634775641081,0.0149347183241837,,11.3289917657937,3,2,5,3492,PASS,Sens (e): >=50 Cells
sens_e_ge50cells,stromal / mesothelial-lineage (unresolved),LV_UF_vs_LV_NOT_UF,FN1,-4.18767366918499,1.21612122403066,-6.85499260383354,-1.52035473453645,-3.44346730115075,0.005270357275268,,11.3251380929707,3,2,5,3492,PASS,Sens (e): >=50 Cells
sens_e_ge50cells,stromal / mesothelial-lineage (unresolved),LV_UF_vs_LV_NOT_UF,COL8A1,-4.58438666626974,0.966799115993536,-6.7045059262465,-2.46426740629299,-4.74181925741479,0.0005587409893262,,11.3415009458478,3,2,5,3492,PASS,Sens (e): >=50 Cells
sens_e_ge50cells,stromal / mesothelial-lineage (unresolved),LV_UF_vs_LV_NOT_UF,VCAN,-1.74116515647662,1.33261279161179,-4.68058343048435,1.1982531175311,-1.30657995138309,0.218473479432709,,10.8083649615431,3,2,5,3492,PASS,Sens (e): >=50 Cells
sens_e_ge50cells,stromal / mesothelial-lineage (unresolved),LV_UF_vs_LV_NOT_UF,EDIL3,-3.78404390189041,1.58783264193879,-7.22089238894907,-0.347195414831754,-2.38315034087596,0.0334373994722131,,12.7609154859065,3,2,5,3492,PASS,Sens (e): >=50 Cells
sens_e_ge50cells,stromal / mesothelial-lineage (unresolved),LV_UF_vs_LV_NOT_UF,LOX,-3.47815855675278,1.14240556402921,-5.98430296405743,-0.972014149448131,-3.04459175118641,0.0108363509133636,,11.3058180357762,3,2,5,3492,PASS,Sens (e): >=50 Cells
sens_e_ge50cells,stromal / mesothelial-lineage (unresolved),LV_UF_vs_LV_NOT_UF,INHBA,0.569417078749967,1.11903591228433,-1.88638609203247,3.0252202495324,0.508846117000475,0.620674168831856,,11.2699299215814,3,2,5,3492,PASS,Sens (e): >=50 Cells
sens_e_ge50cells,stromal / mesothelial-lineage (unresolved),LV_UF_vs_LV_NOT_UF,COMP,-4.80357540116968,2.63842126231261,-10.5376378415751,0.930487039235776,-1.82062488268431,0.0931048501733652,,12.281182051462,3,2,5,3492,PASS,Sens (e): >=50 Cells
sens_f_top2000_hvg_tmm,stromal / mesothelial-lineage (unresolved),LV_UF_vs_LV_NOT_UF,THBS3,-0.361468410362977,0.73810941045167,-1.8683860807387,1.14544926001274,-0.489721991407459,0.627864545421259,,30.2406409419153,4,6,6,3670,PASS,Sens (f): Top 2000 HVG
sens_f_top2000_hvg_tmm,stromal / mesothelial-lineage (unresolved),LV_UF_vs_LV_NOT_UF,COL3A1,-1.66378824713521,1.07796768281785,-3.89692055923252,0.569344064962106,-1.54344909745903,0.136719216664058,,22.4217985337674,4,6,6,3670,PASS,Sens (f): Top 2000 HVG
sens_f_top2000_hvg_tmm,stromal / mesothelial-lineage (unresolved),LV_UF_vs_LV_NOT_UF,FN1,-2.44064089396924,1.39755897772606,-5.36246655968502,0.481184771746537,-1.74635985519578,0.0966276935896499,,19.3223035769338,4,6,6,3670,PASS,Sens (f): Top 2000 HVG
sens_f_top2000_hvg_tmm,stromal / mesothelial-lineage (unresolved),LV_UF_vs_LV_NOT_UF,COL8A1,-2.34018454867862,0.833610123095037,-4.04427388794421,-0.636095209413027,-2.80728902378243,0.008791672913273,,29.3307830896182,4,6,6,3670,PASS,Sens (f): Top 2000 HVG
sens_f_top2000_hvg_tmm,stromal / mesothelial-lineage (unresolved),LV_UF_vs_LV_NOT_UF,VCAN,0.0955108988932064,1.10731180418454,-2.19837565602096,2.38939745380738,0.0862547464339043,0.932029341728272,,22.4278941419822,4,6,6,3670,PASS,Sens (f): Top 2000 HVG
sens_f_top2000_hvg_tmm,stromal / mesothelial-lineage (unresolved),LV_UF_vs_LV_NOT_UF,EDIL3,-1.58101408479044,1.17216964149593,-3.96967281905863,0.807644649477761,-1.34879289551702,0.186974836176252,,31.6528862206829,4,6,6,3670,PASS,Sens (f): Top 2000 HVG
sens_f_top2000_hvg_tmm,stromal / mesothelial-lineage (unresolved),LV_UF_vs_LV_NOT_UF,LOX,-1.1973253579661,0.956123665434698,-3.15241623141514,0.757765515482938,-1.25227039268162,0.22042998622557,,29.1377872539999,4,6,6,3670,PASS,Sens (f): Top 2000 HVG
sens_f_top2000_hvg_tmm,stromal / mesothelial-lineage (unresolved),LV_UF_vs_LV_NOT_UF,INHBA,1.81131647332728,0.804360097163436,0.168811750117252,3.4538211965373,2.2518726124218,0.0317830140862497,,30.0951435203437,4,6,6,3670,PASS,Sens (f): Top 2000 HVG
sens_f_top2000_hvg_tmm,stromal / mesothelial-lineage (unresolved),LV_UF_vs_LV_NOT_UF,COMP,-2.97788412756161,1.86440471248364,-6.8064138947073,0.850645639584075,-1.59723053027187,0.122052886533444,,26.5425521492912,4,6,6,3670,PASS,Sens (f): Top 2000 HVG
sens_h_ge50cells_med1000genes,stromal / mesothelial-lineage (unresolved),LV_UF_vs_LV_NOT_UF,THBS3,,,,,,,,,1,2,5,3110,NOT ESTIMABLE,Sens (h): Strict Filter
sens_h_ge50cells_med1000genes,stromal / mesothelial-lineage (unresolved),LV_UF_vs_LV_NOT_UF,COL3A1,,,,,,,,,1,2,5,3110,NOT ESTIMABLE,Sens (h): Strict Filter
sens_h_ge50cells_med1000genes,stromal / mesothelial-lineage (unresolved),LV_UF_vs_LV_NOT_UF,FN1,,,,,,,,,1,2,5,3110,NOT ESTIMABLE,Sens (h): Strict Filter
sens_h_ge50cells_med1000genes,stromal / mesothelial-lineage (unresolved),LV_UF_vs_LV_NOT_UF,COL8A1,,,,,,,,,1,2,5,3110,NOT ESTIMABLE,Sens (h): Strict Filter
sens_h_ge50cells_med1000genes,stromal / mesothelial-lineage (unresolved),LV_UF_vs_LV_NOT_UF,VCAN,,,,,,,,,1,2,5,3110,NOT ESTIMABLE,Sens (h): Strict Filter
sens_h_ge50cells_med1000genes,stromal / mesothelial-lineage (unresolved),LV_UF_vs_LV_NOT_UF,EDIL3,,,,,,,,,1,2,5,3110,NOT ESTIMABLE,Sens (h): Strict Filter
sens_h_ge50cells_med1000genes,stromal / mesothelial-lineage (unresolved),LV_UF_vs_LV_NOT_UF,LOX,,,,,,,,,1,2,5,3110,NOT ESTIMABLE,Sens (h): Strict Filter
sens_h_ge50cells_med1000genes,stromal / mesothelial-lineage (unresolved),LV_UF_vs_LV_NOT_UF,INHBA,,,,,,,,,1,2,5,3110,NOT ESTIMABLE,Sens (h): Strict Filter
sens_h_ge50cells_med1000genes,stromal / mesothelial-lineage (unresolved),LV_UF_vs_LV_NOT_UF,COMP,,,,,,,,,1,2,5,3110,NOT ESTIMABLE,Sens (h): Strict Filter
sens_i_no_upper_ceilings,stromal / mesothelial-lineage (unresolved),LV_UF_vs_LV_NOT_UF,THBS3,-0.565719060614356,0.280662837383425,-1.15923444336257,0.0277963221338542,-2.01565360732637,0.0604221161193459,,16.5004569275714,4,6,6,6000,PASS,Sens (i): No Upper Ceilings
sens_i_no_upper_ceilings,stromal / mesothelial-lineage (unresolved),LV_UF_vs_LV_NOT_UF,COL3A1,-0.823432608698376,0.649372619979863,-2.19664629949599,0.549781082099237,-1.26804331344292,0.222381965497572,,16.5018661562026,4,6,6,6000,PASS,Sens (i): No Upper Ceilings
sens_i_no_upper_ceilings,stromal / mesothelial-lineage (unresolved),LV_UF_vs_LV_NOT_UF,FN1,-0.272008378117484,0.995076761341044,-2.37627487293124,1.83225811669627,-0.273354165914701,0.787972677068624,,16.5018638824525,4,6,6,6000,PASS,Sens (i): No Upper Ceilings
sens_i_no_upper_ceilings,stromal / mesothelial-lineage (unresolved),LV_UF_vs_LV_NOT_UF,COL8A1,-0.823992046207167,0.354618224256034,-1.5738952826029,-0.0740888098114315,-2.32360321564367,0.0332084387291432,,16.5018537469261,4,6,6,6000,PASS,Sens (i): No Upper Ceilings
sens_i_no_upper_ceilings,stromal / mesothelial-lineage (unresolved),LV_UF_vs_LV_NOT_UF,VCAN,-1.41059849107517,1.09055155083573,-3.71677291712458,0.895575934974246,-1.2934725460655,0.213662340728539,,16.5009961034532,4,6,6,6000,PASS,Sens (i): No Upper Ceilings
sens_i_no_upper_ceilings,stromal / mesothelial-lineage (unresolved),LV_UF_vs_LV_NOT_UF,EDIL3,-0.734398181310768,0.953961667915186,-2.7520901183806,1.28329375575906,-0.769840346851401,0.452299958941661,,16.4634063933199,4,6,6,6000,PASS,Sens (i): No Upper Ceilings
sens_i_no_upper_ceilings,stromal / mesothelial-lineage (unresolved),LV_UF_vs_LV_NOT_UF,LOX,-0.167273624170387,0.583201838406887,-1.40055756376833,1.06601031542756,-0.286819439093887,0.777820666303208,,16.5018467553141,4,6,6,6000,PASS,Sens (i): No Upper Ceilings
sens_i_no_upper_ceilings,stromal / mesothelial-lineage (unresolved),LV_UF_vs_LV_NOT_UF,INHBA,-0.311688482581776,0.462062536028872,-1.28880757842773,0.665430613264173,-0.674559087305665,0.509297516027081,,16.5006137930783,4,6,6,6000,PASS,Sens (i): No Upper Ceilings
sens_i_no_upper_ceilings,stromal / mesothelial-lineage (unresolved),LV_UF_vs_LV_NOT_UF,COMP,-1.14483874240687,1.69565441814312,-4.73246261591628,2.44278513110254,-0.675160416036047,0.508985373918675,,16.3936827953453,4,6,6,6000,PASS,Sens (i): No Upper Ceilings
sens_j_pooled_fixed_ceiling,stromal / mesothelial-lineage (unresolved),LV_UF_vs_LV_NOT_UF,THBS3,-0.817434058161378,0.438910122423716,-1.7412490307802,0.106380914457445,-1.86241787646046,0.0793728004595019,,17.5496624332889,4,6,6,3904,PASS,Sens (j): Pooled Ceiling
sens_j_pooled_fixed_ceiling,stromal / mesothelial-lineage (unresolved),LV_UF_vs_LV_NOT_UF,COL3A1,-1.72209381174954,0.869656989297633,-3.55217505248496,0.107987428985879,-1.98019889789004,0.0635368635071613,,17.5975517165276,4,6,6,3904,PASS,Sens (j): Pooled Ceiling
sens_j_pooled_fixed_ceiling,stromal / mesothelial-lineage (unresolved),LV_UF_vs_LV_NOT_UF,FN1,-2.69571653821705,1.22289817564166,-5.26918302042591,-0.122250056008197,-2.20436712713435,0.0410708044609999,,17.594328646635,4,6,6,3904,PASS,Sens (j): Pooled Ceiling
sens_j_pooled_fixed_ceiling,stromal / mesothelial-lineage (unresolved),LV_UF_vs_LV_NOT_UF,COL8A1,-2.0589608648286,0.672141735843988,-3.47349512867907,-0.64442660097813,-3.06328376148704,0.0068327440233656,,17.5808847994061,4,6,6,3904,PASS,Sens (j): Pooled Ceiling
sens_j_pooled_fixed_ceiling,stromal / mesothelial-lineage (unresolved),LV_UF_vs_LV_NOT_UF,VCAN,-1.32895084130484,1.25486243581112,-3.97000626625366,1.31210458364398,-1.0590410577123,0.303928086216745,,17.5650436242266,4,6,6,3904,PASS,Sens (j): Pooled Ceiling
sens_j_pooled_fixed_ceiling,stromal / mesothelial-lineage (unresolved),LV_UF_vs_LV_NOT_UF,EDIL3,-2.34900566727907,1.15320455298517,-4.77394990601428,0.0759385714561409,-2.03693755908131,0.0568265069068647,,17.7799234783922,4,6,6,3904,PASS,Sens (j): Pooled Ceiling
sens_j_pooled_fixed_ceiling,stromal / mesothelial-lineage (unresolved),LV_UF_vs_LV_NOT_UF,LOX,-1.60752833156652,0.707391448612588,-3.09631696873084,-0.118739694402212,-2.27247351479776,0.0358730073936884,,17.569528883664,4,6,6,3904,PASS,Sens (j): Pooled Ceiling
sens_j_pooled_fixed_ceiling,stromal / mesothelial-lineage (unresolved),LV_UF_vs_LV_NOT_UF,INHBA,0.643714750449693,0.749411533216874,-0.933600202859794,2.22102970375918,0.858960293400512,0.401938895382004,,17.5558941551474,4,6,6,3904,PASS,Sens (j): Pooled Ceiling
sens_j_pooled_fixed_ceiling,stromal / mesothelial-lineage (unresolved),LV_UF_vs_LV_NOT_UF,COMP,-4.8526596226343,1.98998850658258,-8.98841232509785,-0.716906920170755,-2.43853650741321,0.0236135221011912,,21.2237500310414,4,6,6,3904,PASS,Sens (j): Pooled Ceiling
