Dataset,Species,Evidence_Tier,DE_Cutoff_log2FC,miRNA,log2FC,miRNA_Direction,Compartment_Evaluated,Hub_Direction_In_Same_Compartment,Direction_Consistency,Validated_Hub_Targets,Inference_Label
GSE182736_Human_Effluent_Exosomes,Homo sapiens,Tier_A_Primary,1.0,hsa-miR-1-3p,-1.3121,DOWN,Effluent Compartment (Exosomes vs Effluent Stromal Cells),"taken from effluent stromal pseudobulk (non-significant, QC-sensitive); exosome miRNA from mixed cells","SAME_DIRECTION_AS_EFFLUENT_STROMAL_HUB (miRNA DOWN, Hubs mostly DOWN in UF; inconsistent with repression)",FN1,EXPLORATORY_ONLY (n=3 vs 3)
GSE182736_Human_Effluent_Exosomes,Homo sapiens,Tier_A_Primary,1.0,hsa-miR-200c-3p,-2.1784,DOWN,Effluent Compartment (Exosomes vs Effluent Stromal Cells),"taken from effluent stromal pseudobulk (non-significant, QC-sensitive); exosome miRNA from mixed cells","SAME_DIRECTION_AS_EFFLUENT_STROMAL_HUB (miRNA DOWN, Hubs mostly DOWN in UF; inconsistent with repression)",FN1,EXPLORATORY_ONLY (n=3 vs 3)
GSE182736_Human_Effluent_Exosomes,Homo sapiens,Tier_A_Primary,1.0,hsa-miR-30a-5p,1.4337,UP,Effluent Compartment (Exosomes vs Effluent Stromal Cells),"taken from effluent stromal pseudobulk (non-significant, QC-sensitive); exosome miRNA from mixed cells","OPPOSITE_TO_EFFLUENT_STROMAL_HUB (miRNA UP, Hubs mostly DOWN in UF; consistent with repression)",LOX,EXPLORATORY_ONLY (n=3 vs 3)
GSE182736_Human_Effluent_Exosomes,Homo sapiens,Tier_A_Primary,0.58,hsa-miR-1-3p,-1.3121,DOWN,Effluent Compartment (Exosomes vs Effluent Stromal Cells),"taken from effluent stromal pseudobulk (non-significant, QC-sensitive); exosome miRNA from mixed cells","SAME_DIRECTION_AS_EFFLUENT_STROMAL_HUB (miRNA DOWN, Hubs mostly DOWN in UF; inconsistent with repression)",FN1,EXPLORATORY_ONLY (n=3 vs 3)
GSE182736_Human_Effluent_Exosomes,Homo sapiens,Tier_A_Primary,0.58,hsa-miR-200c-3p,-2.1784,DOWN,Effluent Compartment (Exosomes vs Effluent Stromal Cells),"taken from effluent stromal pseudobulk (non-significant, QC-sensitive); exosome miRNA from mixed cells","SAME_DIRECTION_AS_EFFLUENT_STROMAL_HUB (miRNA DOWN, Hubs mostly DOWN in UF; inconsistent with repression)",FN1,EXPLORATORY_ONLY (n=3 vs 3)
GSE182736_Human_Effluent_Exosomes,Homo sapiens,Tier_A_Primary,0.58,hsa-miR-29b-1-5p,0.794,UP,Effluent Compartment (Exosomes vs Effluent Stromal Cells),"taken from effluent stromal pseudobulk (non-significant, QC-sensitive); exosome miRNA from mixed cells","OPPOSITE_TO_EFFLUENT_STROMAL_HUB (miRNA UP, Hubs mostly DOWN in UF; consistent with repression)",COL3A1,EXPLORATORY_ONLY (n=3 vs 3)
GSE182736_Human_Effluent_Exosomes,Homo sapiens,Tier_A_Primary,0.58,hsa-miR-29b-3p,0.9347,UP,Effluent Compartment (Exosomes vs Effluent Stromal Cells),"taken from effluent stromal pseudobulk (non-significant, QC-sensitive); exosome miRNA from mixed cells","OPPOSITE_TO_EFFLUENT_STROMAL_HUB (miRNA UP, Hubs mostly DOWN in UF; consistent with repression)",COL3A1;LOX,EXPLORATORY_ONLY (n=3 vs 3)
GSE182736_Human_Effluent_Exosomes,Homo sapiens,Tier_A_Primary,0.58,hsa-miR-30a-5p,1.4337,UP,Effluent Compartment (Exosomes vs Effluent Stromal Cells),"taken from effluent stromal pseudobulk (non-significant, QC-sensitive); exosome miRNA from mixed cells","OPPOSITE_TO_EFFLUENT_STROMAL_HUB (miRNA UP, Hubs mostly DOWN in UF; consistent with repression)",LOX,EXPLORATORY_ONLY (n=3 vs 3)
GSE182736_Human_Effluent_Exosomes,Homo sapiens,Tier_A_Primary,0.58,hsa-miR-432-5p,-0.7181,DOWN,Effluent Compartment (Exosomes vs Effluent Stromal Cells),"taken from effluent stromal pseudobulk (non-significant, QC-sensitive); exosome miRNA from mixed cells","SAME_DIRECTION_AS_EFFLUENT_STROMAL_HUB (miRNA DOWN, Hubs mostly DOWN in UF; inconsistent with repression)",FN1,EXPLORATORY_ONLY (n=3 vs 3)
GSE130387_Rodent_PDF_Tissue,CROSS-SPECIES (Mouse tissue / Rat probes),Tier_A_Primary,1.0,hsa-miR-143-3p,-1.7058,DOWN,Tissue Compartment (Peritoneal Biopsy Tissue),hub direction is ASSUMED from human tissue (not measured in the mouse dataset),"OPPOSITE_TO_TISSUE_HUB (miRNA DOWN, Hubs UP in tissue; consistent with repression)",COL3A1,EXPLORATORY_ONLY (n=3 vs 3)
GSE130387_Rodent_PDF_Tissue,CROSS-SPECIES (Mouse tissue / Rat probes),Tier_A_Primary,1.0,hsa-miR-29a-3p,-1.1091,DOWN,Tissue Compartment (Peritoneal Biopsy Tissue),hub direction is ASSUMED from human tissue (not measured in the mouse dataset),"OPPOSITE_TO_TISSUE_HUB (miRNA DOWN, Hubs UP in tissue; consistent with repression)",COL3A1;LOX,EXPLORATORY_ONLY (n=3 vs 3)
GSE130387_Rodent_PDF_Tissue,CROSS-SPECIES (Mouse tissue / Rat probes),Tier_A_Primary,0.58,hsa-let-7b-5p,-0.6469,DOWN,Tissue Compartment (Peritoneal Biopsy Tissue),hub direction is ASSUMED from human tissue (not measured in the mouse dataset),"OPPOSITE_TO_TISSUE_HUB (miRNA DOWN, Hubs UP in tissue; consistent with repression)",COL3A1,EXPLORATORY_ONLY (n=3 vs 3)
GSE130387_Rodent_PDF_Tissue,CROSS-SPECIES (Mouse tissue / Rat probes),Tier_A_Primary,0.58,hsa-miR-143-3p,-1.7058,DOWN,Tissue Compartment (Peritoneal Biopsy Tissue),hub direction is ASSUMED from human tissue (not measured in the mouse dataset),"OPPOSITE_TO_TISSUE_HUB (miRNA DOWN, Hubs UP in tissue; consistent with repression)",COL3A1,EXPLORATORY_ONLY (n=3 vs 3)
GSE130387_Rodent_PDF_Tissue,CROSS-SPECIES (Mouse tissue / Rat probes),Tier_A_Primary,0.58,hsa-miR-23b-3p,-0.9804,DOWN,Tissue Compartment (Peritoneal Biopsy Tissue),hub direction is ASSUMED from human tissue (not measured in the mouse dataset),"OPPOSITE_TO_TISSUE_HUB (miRNA DOWN, Hubs UP in tissue; consistent with repression)",VCAN,EXPLORATORY_ONLY (n=3 vs 3)
GSE130387_Rodent_PDF_Tissue,CROSS-SPECIES (Mouse tissue / Rat probes),Tier_A_Primary,0.58,hsa-miR-29a-3p,-1.1091,DOWN,Tissue Compartment (Peritoneal Biopsy Tissue),hub direction is ASSUMED from human tissue (not measured in the mouse dataset),"OPPOSITE_TO_TISSUE_HUB (miRNA DOWN, Hubs UP in tissue; consistent with repression)",COL3A1;LOX,EXPLORATORY_ONLY (n=3 vs 3)
GSE130387_Rodent_PDF_Tissue,CROSS-SPECIES (Mouse tissue / Rat probes),Tier_A_Primary,0.58,hsa-miR-29b-3p,-0.9633,DOWN,Tissue Compartment (Peritoneal Biopsy Tissue),hub direction is ASSUMED from human tissue (not measured in the mouse dataset),"OPPOSITE_TO_TISSUE_HUB (miRNA DOWN, Hubs UP in tissue; consistent with repression)",COL3A1;LOX,EXPLORATORY_ONLY (n=3 vs 3)
GSE130387_Rodent_PDF_Tissue,CROSS-SPECIES (Mouse tissue / Rat probes),Tier_A_Primary,0.58,hsa-miR-29c-3p,-0.8795,DOWN,Tissue Compartment (Peritoneal Biopsy Tissue),hub direction is ASSUMED from human tissue (not measured in the mouse dataset),"OPPOSITE_TO_TISSUE_HUB (miRNA DOWN, Hubs UP in tissue; consistent with repression)",COL3A1;LOX,EXPLORATORY_ONLY (n=3 vs 3)
GSE130387_Rodent_PDF_Tissue,CROSS-SPECIES (Mouse tissue / Rat probes),Tier_A_Primary,0.58,hsa-miR-30a-5p,-0.8621,DOWN,Tissue Compartment (Peritoneal Biopsy Tissue),hub direction is ASSUMED from human tissue (not measured in the mouse dataset),"OPPOSITE_TO_TISSUE_HUB (miRNA DOWN, Hubs UP in tissue; consistent with repression)",LOX,EXPLORATORY_ONLY (n=3 vs 3)
