lncRNA_symbol,lncRNA_ensembl,lncRNA_detected_in_GSE248762,lncRNA_stromal_counts,lncRNA_stromal_libraries_gt0,lncRNA_overall_counts,miRNA_id,miRNA_name,miRNA_log2FC_GSE182736_exosomes,miRNA_log2FC_GSE130387_CROSS_SPECIES,Hub_Gene,Hub_log2FC_stromal_UF_vs_nonUF,Hub_FDR_stromal,lncRNA_miRNA_clipExpNum,lncRNA_miRNA_degraExpNum,lncRNA_miRNA_binding_class,miRNA_Hub_evidence_source,network_layer,regulatory_label
MALAT1,ENSG00000251562,True,3133286.0,16,26629817.0,MIMAT0000087,hsa-miR-30a-5p,1.434,-0.888,FN1,,,29,0,7mer-m8,validated_all,lncRNA-ceRNA -> miRNA -> Hub,PREDICTED regulatory network (not experimentally validated in this system)
MALAT1,ENSG00000251562,True,3133286.0,16,26629817.0,MIMAT0000087,hsa-miR-30a-5p,1.434,-0.888,EDIL3,,,29,0,7mer-m8,validated_all,lncRNA-ceRNA -> miRNA -> Hub,PREDICTED regulatory network (not experimentally validated in this system)
MALAT1,ENSG00000251562,True,3133286.0,16,26629817.0,MIMAT0000087,hsa-miR-30a-5p,1.434,-0.888,VCAN,,,29,0,7mer-m8,validated_all,lncRNA-ceRNA -> miRNA -> Hub,PREDICTED regulatory network (not experimentally validated in this system)
MALAT1,ENSG00000251562,True,3133286.0,16,26629817.0,MIMAT0000087,hsa-miR-30a-5p,1.434,-0.888,COL8A1,,,29,0,7mer-m8,validated_all,lncRNA-ceRNA -> miRNA -> Hub,PREDICTED regulatory network (not experimentally validated in this system)
MALAT1,ENSG00000251562,True,3133286.0,16,26629817.0,MIMAT0000087,hsa-miR-30a-5p,1.434,-0.888,COL11A1,,,29,0,7mer-m8,validated_all,lncRNA-ceRNA -> miRNA -> Hub,PREDICTED regulatory network (not experimentally validated in this system)
MALAT1,ENSG00000251562,True,3133286.0,16,26629817.0,MIMAT0000087,hsa-miR-30a-5p,1.434,-0.888,INHBA,,,29,0,7mer-m8,validated_all,lncRNA-ceRNA -> miRNA -> Hub,PREDICTED regulatory network (not experimentally validated in this system)
MALAT1,ENSG00000251562,True,3133286.0,16,26629817.0,MIMAT0000087,hsa-miR-30a-5p,1.434,-0.888,LOX,,,29,0,7mer-m8,validated_all,lncRNA-ceRNA -> miRNA -> Hub,PREDICTED regulatory network (not experimentally validated in this system)
MALAT1,ENSG00000251562,True,3133286.0,16,26629817.0,MIMAT0000070,hsa-miR-17-5p,-0.361,-0.169,FN1,,,22,0,7mer-m8,validated_all,lncRNA-ceRNA -> miRNA -> Hub,PREDICTED regulatory network (not experimentally validated in this system)
MALAT1,ENSG00000251562,True,3133286.0,16,26629817.0,MIMAT0000070,hsa-miR-17-5p,-0.361,-0.169,EDIL3,,,22,0,7mer-m8,validated_all,lncRNA-ceRNA -> miRNA -> Hub,PREDICTED regulatory network (not experimentally validated in this system)
MALAT1,ENSG00000251562,True,3133286.0,16,26629817.0,MIMAT0000070,hsa-miR-17-5p,-0.361,-0.169,VCAN,,,22,0,7mer-m8,validated_all,lncRNA-ceRNA -> miRNA -> Hub,PREDICTED regulatory network (not experimentally validated in this system)
MALAT1,ENSG00000251562,True,3133286.0,16,26629817.0,MIMAT0000070,hsa-miR-17-5p,-0.361,-0.169,COL3A1,,,22,0,7mer-m8,validated_all,lncRNA-ceRNA -> miRNA -> Hub,PREDICTED regulatory network (not experimentally validated in this system)
MALAT1,ENSG00000251562,True,3133286.0,16,26629817.0,MIMAT0000070,hsa-miR-17-5p,-0.361,-0.169,COL8A1,,,22,0,7mer-m8,validated_all,lncRNA-ceRNA -> miRNA -> Hub,PREDICTED regulatory network (not experimentally validated in this system)
MALAT1,ENSG00000251562,True,3133286.0,16,26629817.0,MIMAT0000070,hsa-miR-17-5p,-0.361,-0.169,COL11A1,,,22,0,7mer-m8,validated_all,lncRNA-ceRNA -> miRNA -> Hub,PREDICTED regulatory network (not experimentally validated in this system)
MALAT1,ENSG00000251562,True,3133286.0,16,26629817.0,MIMAT0000070,hsa-miR-17-5p,-0.361,-0.169,INHBA,,,22,0,7mer-m8,validated_all,lncRNA-ceRNA -> miRNA -> Hub,PREDICTED regulatory network (not experimentally validated in this system)
MALAT1,ENSG00000251562,True,3133286.0,16,26629817.0,MIMAT0000070,hsa-miR-17-5p,-0.361,-0.169,LOX,,,22,0,7mer-m8,validated_all,lncRNA-ceRNA -> miRNA -> Hub,PREDICTED regulatory network (not experimentally validated in this system)
MALAT1,ENSG00000251562,True,3133286.0,16,26629817.0,MIMAT0000093,hsa-miR-93-5p,0.067,-0.285,ISM1,,,22,0,7mer-m8,validated_all,lncRNA-ceRNA -> miRNA -> Hub,PREDICTED regulatory network (not experimentally validated in this system)
MALAT1,ENSG00000251562,True,3133286.0,16,26629817.0,MIMAT0000093,hsa-miR-93-5p,0.067,-0.285,FN1,,,22,0,7mer-m8,validated_all,lncRNA-ceRNA -> miRNA -> Hub,PREDICTED regulatory network (not experimentally validated in this system)
MALAT1,ENSG00000251562,True,3133286.0,16,26629817.0,MIMAT0000093,hsa-miR-93-5p,0.067,-0.285,EDIL3,,,22,0,7mer-m8,validated_all,lncRNA-ceRNA -> miRNA -> Hub,PREDICTED regulatory network (not experimentally validated in this system)
MALAT1,ENSG00000251562,True,3133286.0,16,26629817.0,MIMAT0000093,hsa-miR-93-5p,0.067,-0.285,VCAN,,,22,0,7mer-m8,validated_all,lncRNA-ceRNA -> miRNA -> Hub,PREDICTED regulatory network (not experimentally validated in this system)
MALAT1,ENSG00000251562,True,3133286.0,16,26629817.0,MIMAT0000093,hsa-miR-93-5p,0.067,-0.285,COL3A1,,,22,0,7mer-m8,validated_all,lncRNA-ceRNA -> miRNA -> Hub,PREDICTED regulatory network (not experimentally validated in this system)
MALAT1,ENSG00000251562,True,3133286.0,16,26629817.0,MIMAT0000093,hsa-miR-93-5p,0.067,-0.285,COL8A1,,,22,0,7mer-m8,validated_all,lncRNA-ceRNA -> miRNA -> Hub,PREDICTED regulatory network (not experimentally validated in this system)
MALAT1,ENSG00000251562,True,3133286.0,16,26629817.0,MIMAT0000093,hsa-miR-93-5p,0.067,-0.285,COL11A1,,,22,0,7mer-m8,validated_all,lncRNA-ceRNA -> miRNA -> Hub,PREDICTED regulatory network (not experimentally validated in this system)
MALAT1,ENSG00000251562,True,3133286.0,16,26629817.0,MIMAT0000093,hsa-miR-93-5p,0.067,-0.285,INHBA,,,22,0,7mer-m8,validated_all,lncRNA-ceRNA -> miRNA -> Hub,PREDICTED regulatory network (not experimentally validated in this system)
MALAT1,ENSG00000251562,True,3133286.0,16,26629817.0,MIMAT0000093,hsa-miR-93-5p,0.067,-0.285,LOX,,,22,0,7mer-m8,validated_all,lncRNA-ceRNA -> miRNA -> Hub,PREDICTED regulatory network (not experimentally validated in this system)
NEAT1,ENSG00000245532,True,393710.0,16,2294807.0,MIMAT0000086,hsa-miR-29a-3p,0.204,-1.032,FN1,,,37,0,8mer,validated_all,lncRNA-ceRNA -> miRNA -> Hub,PREDICTED regulatory network (not experimentally validated in this system)
NEAT1,ENSG00000245532,True,393710.0,16,2294807.0,MIMAT0000086,hsa-miR-29a-3p,0.204,-1.032,VCAN,,,37,0,8mer,validated_all,lncRNA-ceRNA -> miRNA -> Hub,PREDICTED regulatory network (not experimentally validated in this system)
NEAT1,ENSG00000245532,True,393710.0,16,2294807.0,MIMAT0000086,hsa-miR-29a-3p,0.204,-1.032,COL3A1,,,37,0,8mer,validated_all,lncRNA-ceRNA -> miRNA -> Hub,PREDICTED regulatory network (not experimentally validated in this system)
NEAT1,ENSG00000245532,True,393710.0,16,2294807.0,MIMAT0000086,hsa-miR-29a-3p,0.204,-1.032,COL8A1,,,37,0,8mer,validated_all,lncRNA-ceRNA -> miRNA -> Hub,PREDICTED regulatory network (not experimentally validated in this system)
NEAT1,ENSG00000245532,True,393710.0,16,2294807.0,MIMAT0000086,hsa-miR-29a-3p,0.204,-1.032,COL11A1,,,37,0,8mer,validated_all,lncRNA-ceRNA -> miRNA -> Hub,PREDICTED regulatory network (not experimentally validated in this system)
NEAT1,ENSG00000245532,True,393710.0,16,2294807.0,MIMAT0000086,hsa-miR-29a-3p,0.204,-1.032,INHBA,,,37,0,8mer,validated_all,lncRNA-ceRNA -> miRNA -> Hub,PREDICTED regulatory network (not experimentally validated in this system)
NEAT1,ENSG00000245532,True,393710.0,16,2294807.0,MIMAT0000086,hsa-miR-29a-3p,0.204,-1.032,LOX,,,37,0,8mer,validated_all,lncRNA-ceRNA -> miRNA -> Hub,PREDICTED regulatory network (not experimentally validated in this system)
NEAT1,ENSG00000245532,True,393710.0,16,2294807.0,MIMAT0000100,hsa-miR-29b-3p,0.935,-0.974,FN1,,,37,0,8mer,validated_all,lncRNA-ceRNA -> miRNA -> Hub,PREDICTED regulatory network (not experimentally validated in this system)
NEAT1,ENSG00000245532,True,393710.0,16,2294807.0,MIMAT0000100,hsa-miR-29b-3p,0.935,-0.974,EDIL3,,,37,0,8mer,validated_all,lncRNA-ceRNA -> miRNA -> Hub,PREDICTED regulatory network (not experimentally validated in this system)
NEAT1,ENSG00000245532,True,393710.0,16,2294807.0,MIMAT0000100,hsa-miR-29b-3p,0.935,-0.974,VCAN,,,37,0,8mer,validated_all,lncRNA-ceRNA -> miRNA -> Hub,PREDICTED regulatory network (not experimentally validated in this system)
NEAT1,ENSG00000245532,True,393710.0,16,2294807.0,MIMAT0000100,hsa-miR-29b-3p,0.935,-0.974,COL3A1,,,37,0,8mer,validated_all,lncRNA-ceRNA -> miRNA -> Hub,PREDICTED regulatory network (not experimentally validated in this system)
NEAT1,ENSG00000245532,True,393710.0,16,2294807.0,MIMAT0000100,hsa-miR-29b-3p,0.935,-0.974,COL8A1,,,37,0,8mer,validated_all,lncRNA-ceRNA -> miRNA -> Hub,PREDICTED regulatory network (not experimentally validated in this system)
NEAT1,ENSG00000245532,True,393710.0,16,2294807.0,MIMAT0000100,hsa-miR-29b-3p,0.935,-0.974,THBS3,,,37,0,8mer,validated_all,lncRNA-ceRNA -> miRNA -> Hub,PREDICTED regulatory network (not experimentally validated in this system)
NEAT1,ENSG00000245532,True,393710.0,16,2294807.0,MIMAT0000100,hsa-miR-29b-3p,0.935,-0.974,COL11A1,,,37,0,8mer,validated_all,lncRNA-ceRNA -> miRNA -> Hub,PREDICTED regulatory network (not experimentally validated in this system)
NEAT1,ENSG00000245532,True,393710.0,16,2294807.0,MIMAT0000100,hsa-miR-29b-3p,0.935,-0.974,INHBA,,,37,0,8mer,validated_all,lncRNA-ceRNA -> miRNA -> Hub,PREDICTED regulatory network (not experimentally validated in this system)
NEAT1,ENSG00000245532,True,393710.0,16,2294807.0,MIMAT0000100,hsa-miR-29b-3p,0.935,-0.974,LOX,,,37,0,8mer,validated_all,lncRNA-ceRNA -> miRNA -> Hub,PREDICTED regulatory network (not experimentally validated in this system)
NEAT1,ENSG00000245532,True,393710.0,16,2294807.0,MIMAT0000681,hsa-miR-29c-3p,0.182,-0.885,FN1,,,37,0,8mer,validated_all,lncRNA-ceRNA -> miRNA -> Hub,PREDICTED regulatory network (not experimentally validated in this system)
NEAT1,ENSG00000245532,True,393710.0,16,2294807.0,MIMAT0000681,hsa-miR-29c-3p,0.182,-0.885,VCAN,,,37,0,8mer,validated_all,lncRNA-ceRNA -> miRNA -> Hub,PREDICTED regulatory network (not experimentally validated in this system)
NEAT1,ENSG00000245532,True,393710.0,16,2294807.0,MIMAT0000681,hsa-miR-29c-3p,0.182,-0.885,COL3A1,,,37,0,8mer,validated_all,lncRNA-ceRNA -> miRNA -> Hub,PREDICTED regulatory network (not experimentally validated in this system)
NEAT1,ENSG00000245532,True,393710.0,16,2294807.0,MIMAT0000681,hsa-miR-29c-3p,0.182,-0.885,COL8A1,,,37,0,8mer,validated_all,lncRNA-ceRNA -> miRNA -> Hub,PREDICTED regulatory network (not experimentally validated in this system)
NEAT1,ENSG00000245532,True,393710.0,16,2294807.0,MIMAT0000681,hsa-miR-29c-3p,0.182,-0.885,COL11A1,,,37,0,8mer,validated_all,lncRNA-ceRNA -> miRNA -> Hub,PREDICTED regulatory network (not experimentally validated in this system)
NEAT1,ENSG00000245532,True,393710.0,16,2294807.0,MIMAT0000681,hsa-miR-29c-3p,0.182,-0.885,INHBA,,,37,0,8mer,validated_all,lncRNA-ceRNA -> miRNA -> Hub,PREDICTED regulatory network (not experimentally validated in this system)
NEAT1,ENSG00000245532,True,393710.0,16,2294807.0,MIMAT0000681,hsa-miR-29c-3p,0.182,-0.885,LOX,,,37,0,8mer,validated_all,lncRNA-ceRNA -> miRNA -> Hub,PREDICTED regulatory network (not experimentally validated in this system)
NEAT1,ENSG00000245532,True,393710.0,16,2294807.0,MIMAT0000086,hsa-miR-29a-3p,0.204,-1.032,FN1,,,30,0,8mer,validated_all,lncRNA-ceRNA -> miRNA -> Hub,PREDICTED regulatory network (not experimentally validated in this system)
NEAT1,ENSG00000245532,True,393710.0,16,2294807.0,MIMAT0000086,hsa-miR-29a-3p,0.204,-1.032,VCAN,,,30,0,8mer,validated_all,lncRNA-ceRNA -> miRNA -> Hub,PREDICTED regulatory network (not experimentally validated in this system)
NEAT1,ENSG00000245532,True,393710.0,16,2294807.0,MIMAT0000086,hsa-miR-29a-3p,0.204,-1.032,COL3A1,,,30,0,8mer,validated_all,lncRNA-ceRNA -> miRNA -> Hub,PREDICTED regulatory network (not experimentally validated in this system)
NEAT1,ENSG00000245532,True,393710.0,16,2294807.0,MIMAT0000086,hsa-miR-29a-3p,0.204,-1.032,COL8A1,,,30,0,8mer,validated_all,lncRNA-ceRNA -> miRNA -> Hub,PREDICTED regulatory network (not experimentally validated in this system)
NEAT1,ENSG00000245532,True,393710.0,16,2294807.0,MIMAT0000086,hsa-miR-29a-3p,0.204,-1.032,COL11A1,,,30,0,8mer,validated_all,lncRNA-ceRNA -> miRNA -> Hub,PREDICTED regulatory network (not experimentally validated in this system)
NEAT1,ENSG00000245532,True,393710.0,16,2294807.0,MIMAT0000086,hsa-miR-29a-3p,0.204,-1.032,INHBA,,,30,0,8mer,validated_all,lncRNA-ceRNA -> miRNA -> Hub,PREDICTED regulatory network (not experimentally validated in this system)
NEAT1,ENSG00000245532,True,393710.0,16,2294807.0,MIMAT0000086,hsa-miR-29a-3p,0.204,-1.032,LOX,,,30,0,8mer,validated_all,lncRNA-ceRNA -> miRNA -> Hub,PREDICTED regulatory network (not experimentally validated in this system)
NEAT1,ENSG00000245532,True,393710.0,16,2294807.0,MIMAT0000100,hsa-miR-29b-3p,0.935,-0.974,FN1,,,30,0,8mer,validated_all,lncRNA-ceRNA -> miRNA -> Hub,PREDICTED regulatory network (not experimentally validated in this system)
NEAT1,ENSG00000245532,True,393710.0,16,2294807.0,MIMAT0000100,hsa-miR-29b-3p,0.935,-0.974,EDIL3,,,30,0,8mer,validated_all,lncRNA-ceRNA -> miRNA -> Hub,PREDICTED regulatory network (not experimentally validated in this system)
NEAT1,ENSG00000245532,True,393710.0,16,2294807.0,MIMAT0000100,hsa-miR-29b-3p,0.935,-0.974,VCAN,,,30,0,8mer,validated_all,lncRNA-ceRNA -> miRNA -> Hub,PREDICTED regulatory network (not experimentally validated in this system)
NEAT1,ENSG00000245532,True,393710.0,16,2294807.0,MIMAT0000100,hsa-miR-29b-3p,0.935,-0.974,COL3A1,,,30,0,8mer,validated_all,lncRNA-ceRNA -> miRNA -> Hub,PREDICTED regulatory network (not experimentally validated in this system)
NEAT1,ENSG00000245532,True,393710.0,16,2294807.0,MIMAT0000100,hsa-miR-29b-3p,0.935,-0.974,COL8A1,,,30,0,8mer,validated_all,lncRNA-ceRNA -> miRNA -> Hub,PREDICTED regulatory network (not experimentally validated in this system)
NEAT1,ENSG00000245532,True,393710.0,16,2294807.0,MIMAT0000100,hsa-miR-29b-3p,0.935,-0.974,THBS3,,,30,0,8mer,validated_all,lncRNA-ceRNA -> miRNA -> Hub,PREDICTED regulatory network (not experimentally validated in this system)
NEAT1,ENSG00000245532,True,393710.0,16,2294807.0,MIMAT0000100,hsa-miR-29b-3p,0.935,-0.974,COL11A1,,,30,0,8mer,validated_all,lncRNA-ceRNA -> miRNA -> Hub,PREDICTED regulatory network (not experimentally validated in this system)
NEAT1,ENSG00000245532,True,393710.0,16,2294807.0,MIMAT0000100,hsa-miR-29b-3p,0.935,-0.974,INHBA,,,30,0,8mer,validated_all,lncRNA-ceRNA -> miRNA -> Hub,PREDICTED regulatory network (not experimentally validated in this system)
NEAT1,ENSG00000245532,True,393710.0,16,2294807.0,MIMAT0000100,hsa-miR-29b-3p,0.935,-0.974,LOX,,,30,0,8mer,validated_all,lncRNA-ceRNA -> miRNA -> Hub,PREDICTED regulatory network (not experimentally validated in this system)
NEAT1,ENSG00000245532,True,393710.0,16,2294807.0,MIMAT0000681,hsa-miR-29c-3p,0.182,-0.885,FN1,,,30,0,8mer,validated_all,lncRNA-ceRNA -> miRNA -> Hub,PREDICTED regulatory network (not experimentally validated in this system)
NEAT1,ENSG00000245532,True,393710.0,16,2294807.0,MIMAT0000681,hsa-miR-29c-3p,0.182,-0.885,VCAN,,,30,0,8mer,validated_all,lncRNA-ceRNA -> miRNA -> Hub,PREDICTED regulatory network (not experimentally validated in this system)
NEAT1,ENSG00000245532,True,393710.0,16,2294807.0,MIMAT0000681,hsa-miR-29c-3p,0.182,-0.885,COL3A1,,,30,0,8mer,validated_all,lncRNA-ceRNA -> miRNA -> Hub,PREDICTED regulatory network (not experimentally validated in this system)
NEAT1,ENSG00000245532,True,393710.0,16,2294807.0,MIMAT0000681,hsa-miR-29c-3p,0.182,-0.885,COL8A1,,,30,0,8mer,validated_all,lncRNA-ceRNA -> miRNA -> Hub,PREDICTED regulatory network (not experimentally validated in this system)
NEAT1,ENSG00000245532,True,393710.0,16,2294807.0,MIMAT0000681,hsa-miR-29c-3p,0.182,-0.885,COL11A1,,,30,0,8mer,validated_all,lncRNA-ceRNA -> miRNA -> Hub,PREDICTED regulatory network (not experimentally validated in this system)
NEAT1,ENSG00000245532,True,393710.0,16,2294807.0,MIMAT0000681,hsa-miR-29c-3p,0.182,-0.885,INHBA,,,30,0,8mer,validated_all,lncRNA-ceRNA -> miRNA -> Hub,PREDICTED regulatory network (not experimentally validated in this system)
NEAT1,ENSG00000245532,True,393710.0,16,2294807.0,MIMAT0000681,hsa-miR-29c-3p,0.182,-0.885,LOX,,,30,0,8mer,validated_all,lncRNA-ceRNA -> miRNA -> Hub,PREDICTED regulatory network (not experimentally validated in this system)
NEAT1,ENSG00000245532,True,393710.0,16,2294807.0,MIMAT0000086,hsa-miR-29a-3p,0.204,-1.032,FN1,,,20,0,7mer-m8,validated_all,lncRNA-ceRNA -> miRNA -> Hub,PREDICTED regulatory network (not experimentally validated in this system)
NEAT1,ENSG00000245532,True,393710.0,16,2294807.0,MIMAT0000086,hsa-miR-29a-3p,0.204,-1.032,VCAN,,,20,0,7mer-m8,validated_all,lncRNA-ceRNA -> miRNA -> Hub,PREDICTED regulatory network (not experimentally validated in this system)
NEAT1,ENSG00000245532,True,393710.0,16,2294807.0,MIMAT0000086,hsa-miR-29a-3p,0.204,-1.032,COL3A1,,,20,0,7mer-m8,validated_all,lncRNA-ceRNA -> miRNA -> Hub,PREDICTED regulatory network (not experimentally validated in this system)
NEAT1,ENSG00000245532,True,393710.0,16,2294807.0,MIMAT0000086,hsa-miR-29a-3p,0.204,-1.032,COL8A1,,,20,0,7mer-m8,validated_all,lncRNA-ceRNA -> miRNA -> Hub,PREDICTED regulatory network (not experimentally validated in this system)
NEAT1,ENSG00000245532,True,393710.0,16,2294807.0,MIMAT0000086,hsa-miR-29a-3p,0.204,-1.032,COL11A1,,,20,0,7mer-m8,validated_all,lncRNA-ceRNA -> miRNA -> Hub,PREDICTED regulatory network (not experimentally validated in this system)
NEAT1,ENSG00000245532,True,393710.0,16,2294807.0,MIMAT0000086,hsa-miR-29a-3p,0.204,-1.032,INHBA,,,20,0,7mer-m8,validated_all,lncRNA-ceRNA -> miRNA -> Hub,PREDICTED regulatory network (not experimentally validated in this system)
NEAT1,ENSG00000245532,True,393710.0,16,2294807.0,MIMAT0000086,hsa-miR-29a-3p,0.204,-1.032,LOX,,,20,0,7mer-m8,validated_all,lncRNA-ceRNA -> miRNA -> Hub,PREDICTED regulatory network (not experimentally validated in this system)
NEAT1,ENSG00000245532,True,393710.0,16,2294807.0,MIMAT0000100,hsa-miR-29b-3p,0.935,-0.974,FN1,,,20,0,7mer-m8,validated_all,lncRNA-ceRNA -> miRNA -> Hub,PREDICTED regulatory network (not experimentally validated in this system)
NEAT1,ENSG00000245532,True,393710.0,16,2294807.0,MIMAT0000100,hsa-miR-29b-3p,0.935,-0.974,EDIL3,,,20,0,7mer-m8,validated_all,lncRNA-ceRNA -> miRNA -> Hub,PREDICTED regulatory network (not experimentally validated in this system)
NEAT1,ENSG00000245532,True,393710.0,16,2294807.0,MIMAT0000100,hsa-miR-29b-3p,0.935,-0.974,VCAN,,,20,0,7mer-m8,validated_all,lncRNA-ceRNA -> miRNA -> Hub,PREDICTED regulatory network (not experimentally validated in this system)
NEAT1,ENSG00000245532,True,393710.0,16,2294807.0,MIMAT0000100,hsa-miR-29b-3p,0.935,-0.974,COL3A1,,,20,0,7mer-m8,validated_all,lncRNA-ceRNA -> miRNA -> Hub,PREDICTED regulatory network (not experimentally validated in this system)
NEAT1,ENSG00000245532,True,393710.0,16,2294807.0,MIMAT0000100,hsa-miR-29b-3p,0.935,-0.974,COL8A1,,,20,0,7mer-m8,validated_all,lncRNA-ceRNA -> miRNA -> Hub,PREDICTED regulatory network (not experimentally validated in this system)
NEAT1,ENSG00000245532,True,393710.0,16,2294807.0,MIMAT0000100,hsa-miR-29b-3p,0.935,-0.974,THBS3,,,20,0,7mer-m8,validated_all,lncRNA-ceRNA -> miRNA -> Hub,PREDICTED regulatory network (not experimentally validated in this system)
NEAT1,ENSG00000245532,True,393710.0,16,2294807.0,MIMAT0000100,hsa-miR-29b-3p,0.935,-0.974,COL11A1,,,20,0,7mer-m8,validated_all,lncRNA-ceRNA -> miRNA -> Hub,PREDICTED regulatory network (not experimentally validated in this system)
NEAT1,ENSG00000245532,True,393710.0,16,2294807.0,MIMAT0000100,hsa-miR-29b-3p,0.935,-0.974,INHBA,,,20,0,7mer-m8,validated_all,lncRNA-ceRNA -> miRNA -> Hub,PREDICTED regulatory network (not experimentally validated in this system)
NEAT1,ENSG00000245532,True,393710.0,16,2294807.0,MIMAT0000100,hsa-miR-29b-3p,0.935,-0.974,LOX,,,20,0,7mer-m8,validated_all,lncRNA-ceRNA -> miRNA -> Hub,PREDICTED regulatory network (not experimentally validated in this system)
NEAT1,ENSG00000245532,True,393710.0,16,2294807.0,MIMAT0000681,hsa-miR-29c-3p,0.182,-0.885,FN1,,,20,0,7mer-m8,validated_all,lncRNA-ceRNA -> miRNA -> Hub,PREDICTED regulatory network (not experimentally validated in this system)
NEAT1,ENSG00000245532,True,393710.0,16,2294807.0,MIMAT0000681,hsa-miR-29c-3p,0.182,-0.885,VCAN,,,20,0,7mer-m8,validated_all,lncRNA-ceRNA -> miRNA -> Hub,PREDICTED regulatory network (not experimentally validated in this system)
NEAT1,ENSG00000245532,True,393710.0,16,2294807.0,MIMAT0000681,hsa-miR-29c-3p,0.182,-0.885,COL3A1,,,20,0,7mer-m8,validated_all,lncRNA-ceRNA -> miRNA -> Hub,PREDICTED regulatory network (not experimentally validated in this system)
NEAT1,ENSG00000245532,True,393710.0,16,2294807.0,MIMAT0000681,hsa-miR-29c-3p,0.182,-0.885,COL8A1,,,20,0,7mer-m8,validated_all,lncRNA-ceRNA -> miRNA -> Hub,PREDICTED regulatory network (not experimentally validated in this system)
NEAT1,ENSG00000245532,True,393710.0,16,2294807.0,MIMAT0000681,hsa-miR-29c-3p,0.182,-0.885,COL11A1,,,20,0,7mer-m8,validated_all,lncRNA-ceRNA -> miRNA -> Hub,PREDICTED regulatory network (not experimentally validated in this system)
NEAT1,ENSG00000245532,True,393710.0,16,2294807.0,MIMAT0000681,hsa-miR-29c-3p,0.182,-0.885,INHBA,,,20,0,7mer-m8,validated_all,lncRNA-ceRNA -> miRNA -> Hub,PREDICTED regulatory network (not experimentally validated in this system)
NEAT1,ENSG00000245532,True,393710.0,16,2294807.0,MIMAT0000681,hsa-miR-29c-3p,0.182,-0.885,LOX,,,20,0,7mer-m8,validated_all,lncRNA-ceRNA -> miRNA -> Hub,PREDICTED regulatory network (not experimentally validated in this system)
NEAT1,ENSG00000245532,True,393710.0,16,2294807.0,MIMAT0000062,hsa-let-7a-5p,0.005,-0.492,ISM1,,,17,0,8mer,validated_all,lncRNA-ceRNA -> miRNA -> Hub,PREDICTED regulatory network (not experimentally validated in this system)
NEAT1,ENSG00000245532,True,393710.0,16,2294807.0,MIMAT0000062,hsa-let-7a-5p,0.005,-0.492,FN1,,,17,0,8mer,validated_all,lncRNA-ceRNA -> miRNA -> Hub,PREDICTED regulatory network (not experimentally validated in this system)
NEAT1,ENSG00000245532,True,393710.0,16,2294807.0,MIMAT0000062,hsa-let-7a-5p,0.005,-0.492,EDIL3,,,17,0,8mer,validated_all,lncRNA-ceRNA -> miRNA -> Hub,PREDICTED regulatory network (not experimentally validated in this system)
NEAT1,ENSG00000245532,True,393710.0,16,2294807.0,MIMAT0000062,hsa-let-7a-5p,0.005,-0.492,VCAN,,,17,0,8mer,validated_all,lncRNA-ceRNA -> miRNA -> Hub,PREDICTED regulatory network (not experimentally validated in this system)
NEAT1,ENSG00000245532,True,393710.0,16,2294807.0,MIMAT0000062,hsa-let-7a-5p,0.005,-0.492,COL3A1,,,17,0,8mer,validated_all,lncRNA-ceRNA -> miRNA -> Hub,PREDICTED regulatory network (not experimentally validated in this system)
NEAT1,ENSG00000245532,True,393710.0,16,2294807.0,MIMAT0000062,hsa-let-7a-5p,0.005,-0.492,COMP,,,17,0,8mer,validated_all,lncRNA-ceRNA -> miRNA -> Hub,PREDICTED regulatory network (not experimentally validated in this system)
NEAT1,ENSG00000245532,True,393710.0,16,2294807.0,MIMAT0000062,hsa-let-7a-5p,0.005,-0.492,COL8A1,,,17,0,8mer,validated_all,lncRNA-ceRNA -> miRNA -> Hub,PREDICTED regulatory network (not experimentally validated in this system)
NEAT1,ENSG00000245532,True,393710.0,16,2294807.0,MIMAT0000062,hsa-let-7a-5p,0.005,-0.492,THBS3,,,17,0,8mer,validated_all,lncRNA-ceRNA -> miRNA -> Hub,PREDICTED regulatory network (not experimentally validated in this system)
NEAT1,ENSG00000245532,True,393710.0,16,2294807.0,MIMAT0000062,hsa-let-7a-5p,0.005,-0.492,COL11A1,,,17,0,8mer,validated_all,lncRNA-ceRNA -> miRNA -> Hub,PREDICTED regulatory network (not experimentally validated in this system)
NEAT1,ENSG00000245532,True,393710.0,16,2294807.0,MIMAT0000062,hsa-let-7a-5p,0.005,-0.492,INHBA,,,17,0,8mer,validated_all,lncRNA-ceRNA -> miRNA -> Hub,PREDICTED regulatory network (not experimentally validated in this system)
NEAT1,ENSG00000245532,True,393710.0,16,2294807.0,MIMAT0000062,hsa-let-7a-5p,0.005,-0.492,LOX,,,17,0,8mer,validated_all,lncRNA-ceRNA -> miRNA -> Hub,PREDICTED regulatory network (not experimentally validated in this system)
NEAT1,ENSG00000245532,True,393710.0,16,2294807.0,MIMAT0000063,hsa-let-7b-5p,0.129,-0.605,FN1,,,17,0,8mer,validated_all,lncRNA-ceRNA -> miRNA -> Hub,PREDICTED regulatory network (not experimentally validated in this system)
NEAT1,ENSG00000245532,True,393710.0,16,2294807.0,MIMAT0000063,hsa-let-7b-5p,0.129,-0.605,EDIL3,,,17,0,8mer,validated_all,lncRNA-ceRNA -> miRNA -> Hub,PREDICTED regulatory network (not experimentally validated in this system)
NEAT1,ENSG00000245532,True,393710.0,16,2294807.0,MIMAT0000063,hsa-let-7b-5p,0.129,-0.605,VCAN,,,17,0,8mer,validated_all,lncRNA-ceRNA -> miRNA -> Hub,PREDICTED regulatory network (not experimentally validated in this system)
NEAT1,ENSG00000245532,True,393710.0,16,2294807.0,MIMAT0000063,hsa-let-7b-5p,0.129,-0.605,COL3A1,,,17,0,8mer,validated_all,lncRNA-ceRNA -> miRNA -> Hub,PREDICTED regulatory network (not experimentally validated in this system)
NEAT1,ENSG00000245532,True,393710.0,16,2294807.0,MIMAT0000063,hsa-let-7b-5p,0.129,-0.605,COMP,,,17,0,8mer,validated_all,lncRNA-ceRNA -> miRNA -> Hub,PREDICTED regulatory network (not experimentally validated in this system)
NEAT1,ENSG00000245532,True,393710.0,16,2294807.0,MIMAT0000063,hsa-let-7b-5p,0.129,-0.605,COL8A1,,,17,0,8mer,validated_all,lncRNA-ceRNA -> miRNA -> Hub,PREDICTED regulatory network (not experimentally validated in this system)
NEAT1,ENSG00000245532,True,393710.0,16,2294807.0,MIMAT0000063,hsa-let-7b-5p,0.129,-0.605,THBS3,,,17,0,8mer,validated_all,lncRNA-ceRNA -> miRNA -> Hub,PREDICTED regulatory network (not experimentally validated in this system)
NEAT1,ENSG00000245532,True,393710.0,16,2294807.0,MIMAT0000063,hsa-let-7b-5p,0.129,-0.605,LOX,,,17,0,8mer,validated_all,lncRNA-ceRNA -> miRNA -> Hub,PREDICTED regulatory network (not experimentally validated in this system)
NEAT1,ENSG00000245532,True,393710.0,16,2294807.0,MIMAT0000062,hsa-let-7a-5p,0.005,-0.492,ISM1,,,16,0,7mer-m8,validated_all,lncRNA-ceRNA -> miRNA -> Hub,PREDICTED regulatory network (not experimentally validated in this system)
NEAT1,ENSG00000245532,True,393710.0,16,2294807.0,MIMAT0000062,hsa-let-7a-5p,0.005,-0.492,FN1,,,16,0,7mer-m8,validated_all,lncRNA-ceRNA -> miRNA -> Hub,PREDICTED regulatory network (not experimentally validated in this system)
NEAT1,ENSG00000245532,True,393710.0,16,2294807.0,MIMAT0000062,hsa-let-7a-5p,0.005,-0.492,EDIL3,,,16,0,7mer-m8,validated_all,lncRNA-ceRNA -> miRNA -> Hub,PREDICTED regulatory network (not experimentally validated in this system)
NEAT1,ENSG00000245532,True,393710.0,16,2294807.0,MIMAT0000062,hsa-let-7a-5p,0.005,-0.492,VCAN,,,16,0,7mer-m8,validated_all,lncRNA-ceRNA -> miRNA -> Hub,PREDICTED regulatory network (not experimentally validated in this system)
NEAT1,ENSG00000245532,True,393710.0,16,2294807.0,MIMAT0000062,hsa-let-7a-5p,0.005,-0.492,COL3A1,,,16,0,7mer-m8,validated_all,lncRNA-ceRNA -> miRNA -> Hub,PREDICTED regulatory network (not experimentally validated in this system)
NEAT1,ENSG00000245532,True,393710.0,16,2294807.0,MIMAT0000062,hsa-let-7a-5p,0.005,-0.492,COMP,,,16,0,7mer-m8,validated_all,lncRNA-ceRNA -> miRNA -> Hub,PREDICTED regulatory network (not experimentally validated in this system)
NEAT1,ENSG00000245532,True,393710.0,16,2294807.0,MIMAT0000062,hsa-let-7a-5p,0.005,-0.492,COL8A1,,,16,0,7mer-m8,validated_all,lncRNA-ceRNA -> miRNA -> Hub,PREDICTED regulatory network (not experimentally validated in this system)
NEAT1,ENSG00000245532,True,393710.0,16,2294807.0,MIMAT0000062,hsa-let-7a-5p,0.005,-0.492,THBS3,,,16,0,7mer-m8,validated_all,lncRNA-ceRNA -> miRNA -> Hub,PREDICTED regulatory network (not experimentally validated in this system)
NEAT1,ENSG00000245532,True,393710.0,16,2294807.0,MIMAT0000062,hsa-let-7a-5p,0.005,-0.492,COL11A1,,,16,0,7mer-m8,validated_all,lncRNA-ceRNA -> miRNA -> Hub,PREDICTED regulatory network (not experimentally validated in this system)
NEAT1,ENSG00000245532,True,393710.0,16,2294807.0,MIMAT0000062,hsa-let-7a-5p,0.005,-0.492,INHBA,,,16,0,7mer-m8,validated_all,lncRNA-ceRNA -> miRNA -> Hub,PREDICTED regulatory network (not experimentally validated in this system)
NEAT1,ENSG00000245532,True,393710.0,16,2294807.0,MIMAT0000062,hsa-let-7a-5p,0.005,-0.492,LOX,,,16,0,7mer-m8,validated_all,lncRNA-ceRNA -> miRNA -> Hub,PREDICTED regulatory network (not experimentally validated in this system)
NEAT1,ENSG00000245532,True,393710.0,16,2294807.0,MIMAT0000063,hsa-let-7b-5p,0.129,-0.605,FN1,,,16,0,7mer-m8,validated_all,lncRNA-ceRNA -> miRNA -> Hub,PREDICTED regulatory network (not experimentally validated in this system)
NEAT1,ENSG00000245532,True,393710.0,16,2294807.0,MIMAT0000063,hsa-let-7b-5p,0.129,-0.605,EDIL3,,,16,0,7mer-m8,validated_all,lncRNA-ceRNA -> miRNA -> Hub,PREDICTED regulatory network (not experimentally validated in this system)
NEAT1,ENSG00000245532,True,393710.0,16,2294807.0,MIMAT0000063,hsa-let-7b-5p,0.129,-0.605,VCAN,,,16,0,7mer-m8,validated_all,lncRNA-ceRNA -> miRNA -> Hub,PREDICTED regulatory network (not experimentally validated in this system)
NEAT1,ENSG00000245532,True,393710.0,16,2294807.0,MIMAT0000063,hsa-let-7b-5p,0.129,-0.605,COL3A1,,,16,0,7mer-m8,validated_all,lncRNA-ceRNA -> miRNA -> Hub,PREDICTED regulatory network (not experimentally validated in this system)
NEAT1,ENSG00000245532,True,393710.0,16,2294807.0,MIMAT0000063,hsa-let-7b-5p,0.129,-0.605,COMP,,,16,0,7mer-m8,validated_all,lncRNA-ceRNA -> miRNA -> Hub,PREDICTED regulatory network (not experimentally validated in this system)
NEAT1,ENSG00000245532,True,393710.0,16,2294807.0,MIMAT0000063,hsa-let-7b-5p,0.129,-0.605,COL8A1,,,16,0,7mer-m8,validated_all,lncRNA-ceRNA -> miRNA -> Hub,PREDICTED regulatory network (not experimentally validated in this system)
NEAT1,ENSG00000245532,True,393710.0,16,2294807.0,MIMAT0000063,hsa-let-7b-5p,0.129,-0.605,THBS3,,,16,0,7mer-m8,validated_all,lncRNA-ceRNA -> miRNA -> Hub,PREDICTED regulatory network (not experimentally validated in this system)
NEAT1,ENSG00000245532,True,393710.0,16,2294807.0,MIMAT0000063,hsa-let-7b-5p,0.129,-0.605,LOX,,,16,0,7mer-m8,validated_all,lncRNA-ceRNA -> miRNA -> Hub,PREDICTED regulatory network (not experimentally validated in this system)
NEAT1,ENSG00000245532,True,393710.0,16,2294807.0,MIMAT0000255,hsa-miR-34a-5p,0.56,-0.383,FN1,,,16,0,7mer-m8,validated_all,lncRNA-ceRNA -> miRNA -> Hub,PREDICTED regulatory network (not experimentally validated in this system)
NEAT1,ENSG00000245532,True,393710.0,16,2294807.0,MIMAT0000255,hsa-miR-34a-5p,0.56,-0.383,EDIL3,,,16,0,7mer-m8,validated_all,lncRNA-ceRNA -> miRNA -> Hub,PREDICTED regulatory network (not experimentally validated in this system)
NEAT1,ENSG00000245532,True,393710.0,16,2294807.0,MIMAT0000255,hsa-miR-34a-5p,0.56,-0.383,VCAN,,,16,0,7mer-m8,validated_all,lncRNA-ceRNA -> miRNA -> Hub,PREDICTED regulatory network (not experimentally validated in this system)
NEAT1,ENSG00000245532,True,393710.0,16,2294807.0,MIMAT0000255,hsa-miR-34a-5p,0.56,-0.383,COL3A1,,,16,0,7mer-m8,validated_all,lncRNA-ceRNA -> miRNA -> Hub,PREDICTED regulatory network (not experimentally validated in this system)
NEAT1,ENSG00000245532,True,393710.0,16,2294807.0,MIMAT0000255,hsa-miR-34a-5p,0.56,-0.383,COL8A1,,,16,0,7mer-m8,validated_all,lncRNA-ceRNA -> miRNA -> Hub,PREDICTED regulatory network (not experimentally validated in this system)
NEAT1,ENSG00000245532,True,393710.0,16,2294807.0,MIMAT0000255,hsa-miR-34a-5p,0.56,-0.383,THBS3,,,16,0,7mer-m8,validated_all,lncRNA-ceRNA -> miRNA -> Hub,PREDICTED regulatory network (not experimentally validated in this system)
NEAT1,ENSG00000245532,True,393710.0,16,2294807.0,MIMAT0000255,hsa-miR-34a-5p,0.56,-0.383,COL11A1,,,16,0,7mer-m8,validated_all,lncRNA-ceRNA -> miRNA -> Hub,PREDICTED regulatory network (not experimentally validated in this system)
NEAT1,ENSG00000245532,True,393710.0,16,2294807.0,MIMAT0000255,hsa-miR-34a-5p,0.56,-0.383,INHBA,,,16,0,7mer-m8,validated_all,lncRNA-ceRNA -> miRNA -> Hub,PREDICTED regulatory network (not experimentally validated in this system)
NEAT1,ENSG00000245532,True,393710.0,16,2294807.0,MIMAT0000255,hsa-miR-34a-5p,0.56,-0.383,LOX,,,16,0,7mer-m8,validated_all,lncRNA-ceRNA -> miRNA -> Hub,PREDICTED regulatory network (not experimentally validated in this system)
NEAT1,ENSG00000245532,True,393710.0,16,2294807.0,MIMAT0000087,hsa-miR-30a-5p,1.434,-0.888,FN1,,,14,0,7mer-m8,validated_all,lncRNA-ceRNA -> miRNA -> Hub,PREDICTED regulatory network (not experimentally validated in this system)
NEAT1,ENSG00000245532,True,393710.0,16,2294807.0,MIMAT0000087,hsa-miR-30a-5p,1.434,-0.888,EDIL3,,,14,0,7mer-m8,validated_all,lncRNA-ceRNA -> miRNA -> Hub,PREDICTED regulatory network (not experimentally validated in this system)
NEAT1,ENSG00000245532,True,393710.0,16,2294807.0,MIMAT0000087,hsa-miR-30a-5p,1.434,-0.888,VCAN,,,14,0,7mer-m8,validated_all,lncRNA-ceRNA -> miRNA -> Hub,PREDICTED regulatory network (not experimentally validated in this system)
NEAT1,ENSG00000245532,True,393710.0,16,2294807.0,MIMAT0000087,hsa-miR-30a-5p,1.434,-0.888,COL8A1,,,14,0,7mer-m8,validated_all,lncRNA-ceRNA -> miRNA -> Hub,PREDICTED regulatory network (not experimentally validated in this system)
NEAT1,ENSG00000245532,True,393710.0,16,2294807.0,MIMAT0000087,hsa-miR-30a-5p,1.434,-0.888,COL11A1,,,14,0,7mer-m8,validated_all,lncRNA-ceRNA -> miRNA -> Hub,PREDICTED regulatory network (not experimentally validated in this system)
NEAT1,ENSG00000245532,True,393710.0,16,2294807.0,MIMAT0000087,hsa-miR-30a-5p,1.434,-0.888,INHBA,,,14,0,7mer-m8,validated_all,lncRNA-ceRNA -> miRNA -> Hub,PREDICTED regulatory network (not experimentally validated in this system)
NEAT1,ENSG00000245532,True,393710.0,16,2294807.0,MIMAT0000087,hsa-miR-30a-5p,1.434,-0.888,LOX,,,14,0,7mer-m8,validated_all,lncRNA-ceRNA -> miRNA -> Hub,PREDICTED regulatory network (not experimentally validated in this system)
NEAT1,ENSG00000245532,True,393710.0,16,2294807.0,MIMAT0000087,hsa-miR-30a-5p,1.434,-0.888,FN1,,,14,0,7mer-m8,validated_all,lncRNA-ceRNA -> miRNA -> Hub,PREDICTED regulatory network (not experimentally validated in this system)
NEAT1,ENSG00000245532,True,393710.0,16,2294807.0,MIMAT0000087,hsa-miR-30a-5p,1.434,-0.888,EDIL3,,,14,0,7mer-m8,validated_all,lncRNA-ceRNA -> miRNA -> Hub,PREDICTED regulatory network (not experimentally validated in this system)
NEAT1,ENSG00000245532,True,393710.0,16,2294807.0,MIMAT0000087,hsa-miR-30a-5p,1.434,-0.888,VCAN,,,14,0,7mer-m8,validated_all,lncRNA-ceRNA -> miRNA -> Hub,PREDICTED regulatory network (not experimentally validated in this system)
NEAT1,ENSG00000245532,True,393710.0,16,2294807.0,MIMAT0000087,hsa-miR-30a-5p,1.434,-0.888,COL8A1,,,14,0,7mer-m8,validated_all,lncRNA-ceRNA -> miRNA -> Hub,PREDICTED regulatory network (not experimentally validated in this system)
NEAT1,ENSG00000245532,True,393710.0,16,2294807.0,MIMAT0000087,hsa-miR-30a-5p,1.434,-0.888,COL11A1,,,14,0,7mer-m8,validated_all,lncRNA-ceRNA -> miRNA -> Hub,PREDICTED regulatory network (not experimentally validated in this system)
NEAT1,ENSG00000245532,True,393710.0,16,2294807.0,MIMAT0000087,hsa-miR-30a-5p,1.434,-0.888,INHBA,,,14,0,7mer-m8,validated_all,lncRNA-ceRNA -> miRNA -> Hub,PREDICTED regulatory network (not experimentally validated in this system)
NEAT1,ENSG00000245532,True,393710.0,16,2294807.0,MIMAT0000087,hsa-miR-30a-5p,1.434,-0.888,LOX,,,14,0,7mer-m8,validated_all,lncRNA-ceRNA -> miRNA -> Hub,PREDICTED regulatory network (not experimentally validated in this system)
NEAT1,ENSG00000245532,True,393710.0,16,2294807.0,MIMAT0000255,hsa-miR-34a-5p,0.56,-0.383,FN1,,,14,0,8mer,validated_all,lncRNA-ceRNA -> miRNA -> Hub,PREDICTED regulatory network (not experimentally validated in this system)
NEAT1,ENSG00000245532,True,393710.0,16,2294807.0,MIMAT0000255,hsa-miR-34a-5p,0.56,-0.383,EDIL3,,,14,0,8mer,validated_all,lncRNA-ceRNA -> miRNA -> Hub,PREDICTED regulatory network (not experimentally validated in this system)
NEAT1,ENSG00000245532,True,393710.0,16,2294807.0,MIMAT0000255,hsa-miR-34a-5p,0.56,-0.383,VCAN,,,14,0,8mer,validated_all,lncRNA-ceRNA -> miRNA -> Hub,PREDICTED regulatory network (not experimentally validated in this system)
NEAT1,ENSG00000245532,True,393710.0,16,2294807.0,MIMAT0000255,hsa-miR-34a-5p,0.56,-0.383,COL3A1,,,14,0,8mer,validated_all,lncRNA-ceRNA -> miRNA -> Hub,PREDICTED regulatory network (not experimentally validated in this system)
NEAT1,ENSG00000245532,True,393710.0,16,2294807.0,MIMAT0000255,hsa-miR-34a-5p,0.56,-0.383,COL8A1,,,14,0,8mer,validated_all,lncRNA-ceRNA -> miRNA -> Hub,PREDICTED regulatory network (not experimentally validated in this system)
NEAT1,ENSG00000245532,True,393710.0,16,2294807.0,MIMAT0000255,hsa-miR-34a-5p,0.56,-0.383,THBS3,,,14,0,8mer,validated_all,lncRNA-ceRNA -> miRNA -> Hub,PREDICTED regulatory network (not experimentally validated in this system)
NEAT1,ENSG00000245532,True,393710.0,16,2294807.0,MIMAT0000255,hsa-miR-34a-5p,0.56,-0.383,COL11A1,,,14,0,8mer,validated_all,lncRNA-ceRNA -> miRNA -> Hub,PREDICTED regulatory network (not experimentally validated in this system)
NEAT1,ENSG00000245532,True,393710.0,16,2294807.0,MIMAT0000255,hsa-miR-34a-5p,0.56,-0.383,INHBA,,,14,0,8mer,validated_all,lncRNA-ceRNA -> miRNA -> Hub,PREDICTED regulatory network (not experimentally validated in this system)
NEAT1,ENSG00000245532,True,393710.0,16,2294807.0,MIMAT0000255,hsa-miR-34a-5p,0.56,-0.383,LOX,,,14,0,8mer,validated_all,lncRNA-ceRNA -> miRNA -> Hub,PREDICTED regulatory network (not experimentally validated in this system)
NEAT1,ENSG00000245532,True,393710.0,16,2294807.0,MIMAT0000100,hsa-miR-29b-3p,0.935,-0.974,FN1,,,12,0,7mer-m8,validated_all,lncRNA-ceRNA -> miRNA -> Hub,PREDICTED regulatory network (not experimentally validated in this system)
NEAT1,ENSG00000245532,True,393710.0,16,2294807.0,MIMAT0000100,hsa-miR-29b-3p,0.935,-0.974,EDIL3,,,12,0,7mer-m8,validated_all,lncRNA-ceRNA -> miRNA -> Hub,PREDICTED regulatory network (not experimentally validated in this system)
NEAT1,ENSG00000245532,True,393710.0,16,2294807.0,MIMAT0000100,hsa-miR-29b-3p,0.935,-0.974,VCAN,,,12,0,7mer-m8,validated_all,lncRNA-ceRNA -> miRNA -> Hub,PREDICTED regulatory network (not experimentally validated in this system)
NEAT1,ENSG00000245532,True,393710.0,16,2294807.0,MIMAT0000100,hsa-miR-29b-3p,0.935,-0.974,COL3A1,,,12,0,7mer-m8,validated_all,lncRNA-ceRNA -> miRNA -> Hub,PREDICTED regulatory network (not experimentally validated in this system)
NEAT1,ENSG00000245532,True,393710.0,16,2294807.0,MIMAT0000100,hsa-miR-29b-3p,0.935,-0.974,COL8A1,,,12,0,7mer-m8,validated_all,lncRNA-ceRNA -> miRNA -> Hub,PREDICTED regulatory network (not experimentally validated in this system)
NEAT1,ENSG00000245532,True,393710.0,16,2294807.0,MIMAT0000100,hsa-miR-29b-3p,0.935,-0.974,THBS3,,,12,0,7mer-m8,validated_all,lncRNA-ceRNA -> miRNA -> Hub,PREDICTED regulatory network (not experimentally validated in this system)
NEAT1,ENSG00000245532,True,393710.0,16,2294807.0,MIMAT0000100,hsa-miR-29b-3p,0.935,-0.974,COL11A1,,,12,0,7mer-m8,validated_all,lncRNA-ceRNA -> miRNA -> Hub,PREDICTED regulatory network (not experimentally validated in this system)
NEAT1,ENSG00000245532,True,393710.0,16,2294807.0,MIMAT0000100,hsa-miR-29b-3p,0.935,-0.974,INHBA,,,12,0,7mer-m8,validated_all,lncRNA-ceRNA -> miRNA -> Hub,PREDICTED regulatory network (not experimentally validated in this system)
NEAT1,ENSG00000245532,True,393710.0,16,2294807.0,MIMAT0000100,hsa-miR-29b-3p,0.935,-0.974,LOX,,,12,0,7mer-m8,validated_all,lncRNA-ceRNA -> miRNA -> Hub,PREDICTED regulatory network (not experimentally validated in this system)
NEAT1,ENSG00000245532,True,393710.0,16,2294807.0,MIMAT0000086,hsa-miR-29a-3p,0.204,-1.032,FN1,,,11,0,7mer-m8,validated_all,lncRNA-ceRNA -> miRNA -> Hub,PREDICTED regulatory network (not experimentally validated in this system)
NEAT1,ENSG00000245532,True,393710.0,16,2294807.0,MIMAT0000086,hsa-miR-29a-3p,0.204,-1.032,VCAN,,,11,0,7mer-m8,validated_all,lncRNA-ceRNA -> miRNA -> Hub,PREDICTED regulatory network (not experimentally validated in this system)
NEAT1,ENSG00000245532,True,393710.0,16,2294807.0,MIMAT0000086,hsa-miR-29a-3p,0.204,-1.032,COL3A1,,,11,0,7mer-m8,validated_all,lncRNA-ceRNA -> miRNA -> Hub,PREDICTED regulatory network (not experimentally validated in this system)
NEAT1,ENSG00000245532,True,393710.0,16,2294807.0,MIMAT0000086,hsa-miR-29a-3p,0.204,-1.032,COL8A1,,,11,0,7mer-m8,validated_all,lncRNA-ceRNA -> miRNA -> Hub,PREDICTED regulatory network (not experimentally validated in this system)
NEAT1,ENSG00000245532,True,393710.0,16,2294807.0,MIMAT0000086,hsa-miR-29a-3p,0.204,-1.032,COL11A1,,,11,0,7mer-m8,validated_all,lncRNA-ceRNA -> miRNA -> Hub,PREDICTED regulatory network (not experimentally validated in this system)
NEAT1,ENSG00000245532,True,393710.0,16,2294807.0,MIMAT0000086,hsa-miR-29a-3p,0.204,-1.032,INHBA,,,11,0,7mer-m8,validated_all,lncRNA-ceRNA -> miRNA -> Hub,PREDICTED regulatory network (not experimentally validated in this system)
NEAT1,ENSG00000245532,True,393710.0,16,2294807.0,MIMAT0000086,hsa-miR-29a-3p,0.204,-1.032,LOX,,,11,0,7mer-m8,validated_all,lncRNA-ceRNA -> miRNA -> Hub,PREDICTED regulatory network (not experimentally validated in this system)
NEAT1,ENSG00000245532,True,393710.0,16,2294807.0,MIMAT0000681,hsa-miR-29c-3p,0.182,-0.885,FN1,,,11,0,7mer-m8,validated_all,lncRNA-ceRNA -> miRNA -> Hub,PREDICTED regulatory network (not experimentally validated in this system)
NEAT1,ENSG00000245532,True,393710.0,16,2294807.0,MIMAT0000681,hsa-miR-29c-3p,0.182,-0.885,VCAN,,,11,0,7mer-m8,validated_all,lncRNA-ceRNA -> miRNA -> Hub,PREDICTED regulatory network (not experimentally validated in this system)
NEAT1,ENSG00000245532,True,393710.0,16,2294807.0,MIMAT0000681,hsa-miR-29c-3p,0.182,-0.885,COL3A1,,,11,0,7mer-m8,validated_all,lncRNA-ceRNA -> miRNA -> Hub,PREDICTED regulatory network (not experimentally validated in this system)
NEAT1,ENSG00000245532,True,393710.0,16,2294807.0,MIMAT0000681,hsa-miR-29c-3p,0.182,-0.885,COL8A1,,,11,0,7mer-m8,validated_all,lncRNA-ceRNA -> miRNA -> Hub,PREDICTED regulatory network (not experimentally validated in this system)
NEAT1,ENSG00000245532,True,393710.0,16,2294807.0,MIMAT0000681,hsa-miR-29c-3p,0.182,-0.885,COL11A1,,,11,0,7mer-m8,validated_all,lncRNA-ceRNA -> miRNA -> Hub,PREDICTED regulatory network (not experimentally validated in this system)
NEAT1,ENSG00000245532,True,393710.0,16,2294807.0,MIMAT0000681,hsa-miR-29c-3p,0.182,-0.885,INHBA,,,11,0,7mer-m8,validated_all,lncRNA-ceRNA -> miRNA -> Hub,PREDICTED regulatory network (not experimentally validated in this system)
NEAT1,ENSG00000245532,True,393710.0,16,2294807.0,MIMAT0000681,hsa-miR-29c-3p,0.182,-0.885,LOX,,,11,0,7mer-m8,validated_all,lncRNA-ceRNA -> miRNA -> Hub,PREDICTED regulatory network (not experimentally validated in this system)
NEAT1,ENSG00000245532,True,393710.0,16,2294807.0,MIMAT0000100,hsa-miR-29b-3p,0.935,-0.974,FN1,,,10,0,7mer-m8,validated_all,lncRNA-ceRNA -> miRNA -> Hub,PREDICTED regulatory network (not experimentally validated in this system)
NEAT1,ENSG00000245532,True,393710.0,16,2294807.0,MIMAT0000100,hsa-miR-29b-3p,0.935,-0.974,EDIL3,,,10,0,7mer-m8,validated_all,lncRNA-ceRNA -> miRNA -> Hub,PREDICTED regulatory network (not experimentally validated in this system)
NEAT1,ENSG00000245532,True,393710.0,16,2294807.0,MIMAT0000100,hsa-miR-29b-3p,0.935,-0.974,VCAN,,,10,0,7mer-m8,validated_all,lncRNA-ceRNA -> miRNA -> Hub,PREDICTED regulatory network (not experimentally validated in this system)
NEAT1,ENSG00000245532,True,393710.0,16,2294807.0,MIMAT0000100,hsa-miR-29b-3p,0.935,-0.974,COL3A1,,,10,0,7mer-m8,validated_all,lncRNA-ceRNA -> miRNA -> Hub,PREDICTED regulatory network (not experimentally validated in this system)
NEAT1,ENSG00000245532,True,393710.0,16,2294807.0,MIMAT0000100,hsa-miR-29b-3p,0.935,-0.974,COL8A1,,,10,0,7mer-m8,validated_all,lncRNA-ceRNA -> miRNA -> Hub,PREDICTED regulatory network (not experimentally validated in this system)
NEAT1,ENSG00000245532,True,393710.0,16,2294807.0,MIMAT0000100,hsa-miR-29b-3p,0.935,-0.974,THBS3,,,10,0,7mer-m8,validated_all,lncRNA-ceRNA -> miRNA -> Hub,PREDICTED regulatory network (not experimentally validated in this system)
NEAT1,ENSG00000245532,True,393710.0,16,2294807.0,MIMAT0000100,hsa-miR-29b-3p,0.935,-0.974,COL11A1,,,10,0,7mer-m8,validated_all,lncRNA-ceRNA -> miRNA -> Hub,PREDICTED regulatory network (not experimentally validated in this system)
NEAT1,ENSG00000245532,True,393710.0,16,2294807.0,MIMAT0000100,hsa-miR-29b-3p,0.935,-0.974,INHBA,,,10,0,7mer-m8,validated_all,lncRNA-ceRNA -> miRNA -> Hub,PREDICTED regulatory network (not experimentally validated in this system)
NEAT1,ENSG00000245532,True,393710.0,16,2294807.0,MIMAT0000100,hsa-miR-29b-3p,0.935,-0.974,LOX,,,10,0,7mer-m8,validated_all,lncRNA-ceRNA -> miRNA -> Hub,PREDICTED regulatory network (not experimentally validated in this system)
NEAT1,ENSG00000245532,True,393710.0,16,2294807.0,MIMAT0000062,hsa-let-7a-5p,0.005,-0.492,ISM1,,,9,0,7mer-m8,validated_all,lncRNA-ceRNA -> miRNA -> Hub,PREDICTED regulatory network (not experimentally validated in this system)
NEAT1,ENSG00000245532,True,393710.0,16,2294807.0,MIMAT0000062,hsa-let-7a-5p,0.005,-0.492,FN1,,,9,0,7mer-m8,validated_all,lncRNA-ceRNA -> miRNA -> Hub,PREDICTED regulatory network (not experimentally validated in this system)
NEAT1,ENSG00000245532,True,393710.0,16,2294807.0,MIMAT0000062,hsa-let-7a-5p,0.005,-0.492,EDIL3,,,9,0,7mer-m8,validated_all,lncRNA-ceRNA -> miRNA -> Hub,PREDICTED regulatory network (not experimentally validated in this system)
NEAT1,ENSG00000245532,True,393710.0,16,2294807.0,MIMAT0000062,hsa-let-7a-5p,0.005,-0.492,VCAN,,,9,0,7mer-m8,validated_all,lncRNA-ceRNA -> miRNA -> Hub,PREDICTED regulatory network (not experimentally validated in this system)
NEAT1,ENSG00000245532,True,393710.0,16,2294807.0,MIMAT0000062,hsa-let-7a-5p,0.005,-0.492,COL3A1,,,9,0,7mer-m8,validated_all,lncRNA-ceRNA -> miRNA -> Hub,PREDICTED regulatory network (not experimentally validated in this system)
