Panel,Sample,Group,Variable,Value,Note
Panel_A,"""GSM3575608""",SPD,CD14,12.5157840506066,
Panel_A,"""GSM3575609""",LPD,CD14,12.9757924971663,
Panel_A,"""GSM3575610""",SPD,CD14,12.8263740698071,
Panel_A,"""GSM3575611""",SPD,CD14,13.2178642678471,
Panel_A,"""GSM3575612""",SPD,CD14,13.4854221174476,
Panel_A,"""GSM3575613""",LPD,CD14,12.1327313747825,
Panel_A,"""GSM3575614""",LPD,CD14,12.7907479645561,
Panel_A,"""GSM3575615""",LPD,CD14,13.0398591045869,
Panel_A,"""GSM3575616""",SPD,CD14,13.2606447046516,
Panel_A,"""GSM3575617""",LPD,CD14,10.2980047163967,
Panel_A,"""GSM3575618""",SPD,CD14,13.4187335144701,
Panel_A,"""GSM3575619""",SPD,CD14,13.8592096624252,
Panel_A,"""GSM3575620""",LPD,CD14,13.0108613528669,
Panel_A,"""GSM3575621""",LPD,CD14,13.5769330412707,
Panel_A,"""GSM3575622""",LPD,CD14,12.8878555795869,
Panel_A,"""GSM3575623""",LPD,CD14,13.3205017663447,
Panel_A,"""GSM3575624""",LPD,CD14,12.5000361301347,
Panel_A,"""GSM3575625""",SPD,CD14,12.9983217402327,
Panel_A,"""GSM3575626""",SPD,CD14,13.0021273034073,
Panel_A,"""GSM3575627""",SPD,CD14,12.9857490082947,
Panel_A,"""GSM3575628""",SPD,CD14,12.8957166047114,
Panel_A,"""GSM3575629""",LPD,CD14,12.5879729892549,
Panel_A,"""GSM3575630""",SPD,CD14,11.9734108726742,
Panel_A,"""GSM3575631""",SPD,CD14,13.2376113465008,
Panel_A,"""GSM3575632""",SPD,CD14,12.9643574798456,
Panel_A,"""GSM3575633""",SPD,CD14,13.7167471282196,
Panel_A,"""GSM3575634""",SPD,CD14,12.5000361301347,
Panel_A,"""GSM3575635""",LPD,CD14,12.4409047622448,
Panel_A,"""GSM3575636""",SPD,CD14,12.7657074983723,
Panel_A,"""GSM3575637""",SPD,CD14,12.2541968631374,
Panel_A,"""GSM3575638""",SPD,CD14,13.7253601049923,
Panel_A,"""GSM3575639""",LPD,CD14,12.8196687614456,
Panel_A,"""GSM3575640""",SPD,CD14,12.8739397148195,
Panel_A,"""GSM3575608""",SPD,CD3E,5.66751982748463,
Panel_A,"""GSM3575609""",LPD,CD3E,5.6462040891471,
Panel_A,"""GSM3575610""",SPD,CD3E,5.69715520472741,
Panel_A,"""GSM3575611""",SPD,CD3E,4.29537268273604,
Panel_A,"""GSM3575612""",SPD,CD3E,4.26780215316928,
Panel_A,"""GSM3575613""",LPD,CD3E,7.7576729244142,
Panel_A,"""GSM3575614""",LPD,CD3E,6.22432917702552,
Panel_A,"""GSM3575615""",LPD,CD3E,6.33184796824973,
Panel_A,"""GSM3575616""",SPD,CD3E,4.47553588403983,
Panel_A,"""GSM3575617""",LPD,CD3E,5.13337114668939,
Panel_A,"""GSM3575618""",SPD,CD3E,4.71979868164728,
Panel_A,"""GSM3575619""",SPD,CD3E,2.83750189473872,
Panel_A,"""GSM3575620""",LPD,CD3E,5.84315484687263,
Panel_A,"""GSM3575621""",LPD,CD3E,5.73544762201191,
Panel_A,"""GSM3575622""",LPD,CD3E,9.53282107089383,
Panel_A,"""GSM3575623""",LPD,CD3E,5.44739278981535,
Panel_A,"""GSM3575624""",LPD,CD3E,7.17712984769597,
Panel_A,"""GSM3575625""",SPD,CD3E,5.00840267703992,
Panel_A,"""GSM3575626""",SPD,CD3E,6.11212702238353,
Panel_A,"""GSM3575627""",SPD,CD3E,6.29733583512264,
Panel_A,"""GSM3575628""",SPD,CD3E,4.24575239484848,
Panel_A,"""GSM3575629""",LPD,CD3E,6.4230882054153,
Panel_A,"""GSM3575630""",SPD,CD3E,4.35997268939381,
Panel_A,"""GSM3575631""",SPD,CD3E,5.66706161040075,
Panel_A,"""GSM3575632""",SPD,CD3E,5.37886702426836,
Panel_A,"""GSM3575633""",SPD,CD3E,4.40258118483251,
Panel_A,"""GSM3575634""",SPD,CD3E,2.82219629602982,
Panel_A,"""GSM3575635""",LPD,CD3E,5.11543335273142,
Panel_A,"""GSM3575636""",SPD,CD3E,4.26843369088817,
Panel_A,"""GSM3575637""",SPD,CD3E,3.06000444434501,
Panel_A,"""GSM3575638""",SPD,CD3E,8.97399457988959,
Panel_A,"""GSM3575639""",LPD,CD3E,5.02125555434095,
Panel_A,"""GSM3575640""",SPD,CD3E,3.43903754125287,
Panel_A,"""GSM3575608""",SPD,FCGR3B,5.5496719312053,
Panel_A,"""GSM3575609""",LPD,FCGR3B,9.69637783263825,
Panel_A,"""GSM3575610""",SPD,FCGR3B,7.15614526124752,
Panel_A,"""GSM3575611""",SPD,FCGR3B,9.43982289364029,
Panel_A,"""GSM3575612""",SPD,FCGR3B,7.23296688549336,
Panel_A,"""GSM3575613""",LPD,FCGR3B,7.0428879813288,
Panel_A,"""GSM3575614""",LPD,FCGR3B,8.79583265804678,
Panel_A,"""GSM3575615""",LPD,FCGR3B,10.0499916458615,
Panel_A,"""GSM3575616""",SPD,FCGR3B,6.94175679226016,
Panel_A,"""GSM3575617""",LPD,FCGR3B,6.35561962974414,
Panel_A,"""GSM3575618""",SPD,FCGR3B,6.64511507753815,
Panel_A,"""GSM3575619""",SPD,FCGR3B,8.48997278656833,
Panel_A,"""GSM3575620""",LPD,FCGR3B,9.96231046343631,
Panel_A,"""GSM3575621""",LPD,FCGR3B,11.3759237106469,
Panel_A,"""GSM3575622""",LPD,FCGR3B,7.66075300846106,
Panel_A,"""GSM3575623""",LPD,FCGR3B,6.05629363996193,
Panel_A,"""GSM3575624""",LPD,FCGR3B,6.80301747507125,
Panel_A,"""GSM3575625""",SPD,FCGR3B,6.59585851747106,
Panel_A,"""GSM3575626""",SPD,FCGR3B,5.47716254505981,
Panel_A,"""GSM3575627""",SPD,FCGR3B,7.45242689482038,
Panel_A,"""GSM3575628""",SPD,FCGR3B,5.39311900322029,
Panel_A,"""GSM3575629""",LPD,FCGR3B,9.06497097100518,
Panel_A,"""GSM3575630""",SPD,FCGR3B,7.2157436906571,
Panel_A,"""GSM3575631""",SPD,FCGR3B,7.2585278112243,
Panel_A,"""GSM3575632""",SPD,FCGR3B,6.35232003255399,
Panel_A,"""GSM3575633""",SPD,FCGR3B,7.10765310060344,
Panel_A,"""GSM3575634""",SPD,FCGR3B,7.43588949185878,
Panel_A,"""GSM3575635""",LPD,FCGR3B,6.55061213205105,
Panel_A,"""GSM3575636""",SPD,FCGR3B,7.04077099022649,
Panel_A,"""GSM3575637""",SPD,FCGR3B,7.53631308842657,
Panel_A,"""GSM3575638""",SPD,FCGR3B,10.5310752432168,
Panel_A,"""GSM3575639""",LPD,FCGR3B,7.21512931676497,
Panel_A,"""GSM3575640""",SPD,FCGR3B,7.85434912851374,
Panel_B,Summary,GSE62928,VCAN,2.75,Tissue log2FC
Panel_B,Summary,GSE125498,VCAN,-0.52,Effluent log2FC
Panel_B,Summary,GSE62928,COL8A1,2.68,Tissue log2FC
Panel_B,Summary,GSE125498,COL8A1,0.75,Effluent log2FC
Panel_B,Summary,GSE62928,FN1,1.93,Tissue log2FC
Panel_B,Summary,GSE125498,FN1,0.41,Effluent log2FC
Panel_B,Summary,GSE62928,COL3A1,2.84,Tissue log2FC
Panel_B,Summary,GSE125498,COL3A1,0.19,Effluent log2FC
Panel_B,Summary,GSE62928,THBS3,1.16,Tissue log2FC
Panel_B,Summary,GSE125498,THBS3,-0.2,Effluent log2FC
Panel_B,Summary,GSE62928,ISM1,1.9,Tissue log2FC
Panel_B,Summary,GSE125498,ISM1,0.03,Effluent log2FC
Panel_B,Summary,GSE62928,LOX,2.16,Tissue log2FC
Panel_B,Summary,GSE125498,LOX,0.02,Effluent log2FC
Panel_B,Summary,GSE62928,COL11A1,3.79,Tissue log2FC
Panel_B,Summary,GSE125498,COL11A1,,Effluent log2FC
Panel_B,Summary,GSE62928,COMP,4.08,Tissue log2FC
Panel_B,Summary,GSE125498,COMP,,Effluent log2FC
Panel_B,Summary,GSE62928,EDIL3,1.4,Tissue log2FC
Panel_B,Summary,GSE125498,EDIL3,,Effluent log2FC
Panel_B,Summary,GSE62928,INHBA,2.88,Tissue log2FC
Panel_B,Summary,GSE125498,INHBA,,Effluent log2FC
Panel_C,Model,VCAN,Unadjusted,-0.5224,P_val=0.0244
Panel_C,Model,VCAN,Adjust: CD14 only,-0.2845,P_val=0.1429
Panel_C,Model,VCAN,Adjust: CD3E only,-0.3241,P_val=0.1955
Panel_C,Model,VCAN,Adjust: FCGR3B only,-0.7043,P_val=0.0026
Panel_C,Model,VCAN,Drop CD14 (CD3E + FCGR3B),-0.493,P_val=0.0395
Panel_C,Model,VCAN,Drop FCGR3B (CD14 + CD3E),0.0178,P_val=0.9276
Panel_C,Model,VCAN,Drop CD3E (CD14 + FCGR3B),-0.435,P_val=0.0736
Panel_C,Model,VCAN,Joint: All 3 Markers,-0.0902,P_val=0.6716
Panel_D,"""GSM3575608""",SPD,CD14_vs_VCAN,CD14=12.5157840506066;VCAN=10.8836200902258,
Panel_D,"""GSM3575609""",LPD,CD14_vs_VCAN,CD14=12.9757924971663;VCAN=12.0399762004245,
Panel_D,"""GSM3575610""",SPD,CD14_vs_VCAN,CD14=12.8263740698071;VCAN=12.4409047622448,
Panel_D,"""GSM3575611""",SPD,CD14_vs_VCAN,CD14=13.2178642678471;VCAN=13.1790382967461,
Panel_D,"""GSM3575612""",SPD,CD14_vs_VCAN,CD14=13.4854221174476;VCAN=12.8854398851908,
Panel_D,"""GSM3575613""",LPD,CD14_vs_VCAN,CD14=12.1327313747825;VCAN=11.4940764171699,
Panel_D,"""GSM3575614""",LPD,CD14_vs_VCAN,CD14=12.7907479645561;VCAN=11.4883360466531,
Panel_D,"""GSM3575615""",LPD,CD14_vs_VCAN,CD14=13.0398591045869;VCAN=12.5621517924246,
Panel_D,"""GSM3575616""",SPD,CD14_vs_VCAN,CD14=13.2606447046516;VCAN=12.708699553602,
Panel_D,"""GSM3575617""",LPD,CD14_vs_VCAN,CD14=10.2980047163967;VCAN=10.1668615955387,
Panel_D,"""GSM3575618""",SPD,CD14_vs_VCAN,CD14=13.4187335144701;VCAN=11.822960672544,
Panel_D,"""GSM3575619""",SPD,CD14_vs_VCAN,CD14=13.8592096624252;VCAN=13.3780707440388,
Panel_D,"""GSM3575620""",LPD,CD14_vs_VCAN,CD14=13.0108613528669;VCAN=12.6836740952404,
Panel_D,"""GSM3575621""",LPD,CD14_vs_VCAN,CD14=13.5769330412707;VCAN=11.7639224890748,
Panel_D,"""GSM3575622""",LPD,CD14_vs_VCAN,CD14=12.8878555795869;VCAN=11.089978152501,
Panel_D,"""GSM3575623""",LPD,CD14_vs_VCAN,CD14=13.3205017663447;VCAN=12.3595159147165,
Panel_D,"""GSM3575624""",LPD,CD14_vs_VCAN,CD14=12.5000361301347;VCAN=11.7197939682558,
Panel_D,"""GSM3575625""",SPD,CD14_vs_VCAN,CD14=12.9983217402327;VCAN=11.9942302067673,
Panel_D,"""GSM3575626""",SPD,CD14_vs_VCAN,CD14=13.0021273034073;VCAN=12.5078145011653,
Panel_D,"""GSM3575627""",SPD,CD14_vs_VCAN,CD14=12.9857490082947;VCAN=11.6714701473835,
Panel_D,"""GSM3575628""",SPD,CD14_vs_VCAN,CD14=12.8957166047114;VCAN=12.4148849039196,
Panel_D,"""GSM3575629""",LPD,CD14_vs_VCAN,CD14=12.5879729892549;VCAN=11.8544138463438,
Panel_D,"""GSM3575630""",SPD,CD14_vs_VCAN,CD14=11.9734108726742;VCAN=11.365094946951,
Panel_D,"""GSM3575631""",SPD,CD14_vs_VCAN,CD14=13.2376113465008;VCAN=12.6267780346332,
Panel_D,"""GSM3575632""",SPD,CD14_vs_VCAN,CD14=12.9643574798456;VCAN=11.3363682477208,
Panel_D,"""GSM3575633""",SPD,CD14_vs_VCAN,CD14=13.7167471282196;VCAN=12.1704863897695,
Panel_D,"""GSM3575634""",SPD,CD14_vs_VCAN,CD14=12.5000361301347;VCAN=12.4557943117031,
Panel_D,"""GSM3575635""",LPD,CD14_vs_VCAN,CD14=12.4409047622448;VCAN=11.5367480017248,
Panel_D,"""GSM3575636""",SPD,CD14_vs_VCAN,CD14=12.7657074983723;VCAN=12.3904968217971,
Panel_D,"""GSM3575637""",SPD,CD14_vs_VCAN,CD14=12.2541968631374;VCAN=12.2155651632745,
Panel_D,"""GSM3575638""",SPD,CD14_vs_VCAN,CD14=13.7253601049923;VCAN=12.1616822881106,
Panel_D,"""GSM3575639""",LPD,CD14_vs_VCAN,CD14=12.8196687614456;VCAN=11.9356695373541,
Panel_D,"""GSM3575640""",SPD,CD14_vs_VCAN,CD14=12.8739397148195;VCAN=12.7544949627924,
