donor_id,group,n_cells,mean_umi,mean_genes
LV_NOT_UF-1,LV_NOT_UF,931,35770.96,5154.233082706767
LV_NOT_UF-2,LV_NOT_UF,349,28954.805,4583.977077363897
LV_NOT_UF-3,LV_NOT_UF,40,5322.2,1543.85
LV_NOT_UF-4,LV_NOT_UF,17,4083.2354,1324.235294117647
LV_NOT_UF-5,LV_NOT_UF,21,5446.4287,1768.857142857143
LV_NOT_UF-6,LV_NOT_UF,43,5317.7905,1739.093023255814
LV_UF-1,LV_UF,187,9091.952,1868.0588235294117
LV_UF-2,LV_UF,354,8618.724,2451.9209039548023
LV_UF-4,LV_UF,38,5307.8945,1701.3157894736842
SV-1,SV,130,17440.314,3682.976923076923
SV-2,SV,725,35146.36,4897.558620689655
SV-3,SV,324,7872.293,2046.4814814814815
SV-4,SV,138,21468.992,3838.1014492753625
SV-5,SV,159,7670.201,2299.710691823899
SV-6,SV,19,12443.0,2805.1052631578946
