Gene,Stromal_Mean_CP10k,Stromal_Pct_Expr_%,Tcell_Mean_CP10k,Tcell_Pct_Expr_%,Mono_Macro_Mean_CP10k,Mono_Macro_Pct_Expr_%,Stromal_Spearman_rho_vs_TotalUMI,Stromal_Spearman_P
COL11A1,25.1668,1.47,0.226,0.0,0.0325,0.0,0.0535,0.0011805668426949584
THBS3,445.667,31.12,83.3058,0.87,75.4669,2.92,0.4512,1.5586020695675149e-183
COL3A1,2785.9332,61.25,134.894,1.42,114.2403,4.4,0.517,5.405478312650688e-250
FN1,972.3837,34.93,201.1586,2.09,2238.2458,37.66,0.6593,0.0
COL8A1,1242.4127,47.19,25.8753,0.28,13.8637,0.59,0.5458,5.042157151342272e-284
VCAN,477.7622,22.45,106.5637,1.11,6788.4458,84.48,0.5856,0.0
EDIL3,114.8237,13.9,2.5992,0.03,2.0797,0.11,0.5613,8.3931685598299e-304
LOX,842.3572,40.6,36.4988,0.4,22.0224,0.92,0.6,0.0
INHBA,196.5052,13.16,13.3146,0.14,27.9081,0.81,0.386,1.139911542600568e-130
ISM1,8.2341,1.88,10.9617,0.11,0.1242,0.01,0.1811,2.049392374797912e-28
COMP,49.5172,6.76,6.3675,0.07,5.5864,0.16,0.3937,2.2393323809292813e-136
