"Gene","Evidence","PRIMARY_log2FC","PRIMARY_P","PRIMARY_FDR","SENS_g_log2FC","SENS_g_P","SENS_g_FDR","Sign_g_vs_Primary","SENS_h_log2FC","SENS_h_P","SENS_h_FDR","Sign_h_vs_Primary"
"COL11A1","INSUFFICIENT DATA",-1.0346,0.566101942888641,NA,-6.8894,0.016689701164248,0.061195570935576,"MATCH",-5.3054,0.324989318425071,0.369815431311288,"MATCH"
"THBS3","PASS",-1.5654,0.0153354815398913,0.210315175404224,-0.5657,0.0604221161193459,0.166160819328201,"MATCH",-3.5963,0.00157517260434092,0.00666087391110743,"MATCH"
"COL3A1","PASS",-1.9563,0.0856572840188774,0.341222956946021,-0.8234,0.222381965497572,0.349457374353327,"MATCH",-10.1949,0.000404532720064984,0.00444985992071483,"MATCH"
"FN1","PASS",-2.9551,0.0336328931318922,0.267032201235904,-0.272,0.787972677068624,0.812596823227018,"MATCH",-9.1097,0.00271367652079999,0.00995014724293329,"MATCH"
"COL8A1","PASS",-2.6583,0.006700801844985,0.128655395423712,-0.824,0.0332084387291432,0.109587847806173,"MATCH",-9.6575,7.14924939038487e-05,0.00235925229882701,"MATCH"
"VCAN","PASS",-0.6481,0.549619137977936,0.753763389226884,-1.4106,0.213662340728539,0.349457374353327,"MATCH",-7.9592,0.00722243359397634,0.0164094673353848,"MATCH"
"EDIL3","PASS",-2.609,0.0428903082456024,0.268364399644766,-0.7344,0.452299958941661,0.600243501031917,"MATCH",-7.2553,0.0366092805390734,0.0575288694185438,"MATCH"
"LOX","PASS",-1.7217,0.102110411554049,0.357681724712693,-0.1673,0.777820666303208,0.812596823227018,"MATCH",-9.205,0.00113330713040965,0.00666087391110743,"MATCH"
"INHBA","PASS",1.0787,0.193360481208219,0.464355939753884,-0.3117,0.509297516027081,0.600243501031917,"OPPOSITE",-2.744,0.0207724856109667,0.0380828902867722,"OPPOSITE"
"ISM1","INSUFFICIENT DATA",-1.0913,0.467495063933939,NA,-1.5435,0.113695648188542,0.234497274388867,"MATCH",-6.8518,0.227298418326431,0.267887421599008,"MATCH"
"COMP","PASS",-4.0442,0.0464140918084833,0.268364399644766,-1.1448,0.508985373918675,0.600243501031917,"MATCH",-10.9508,0.224742461577293,0.267887421599008,"MATCH"
