Analysis,Cell_Type,Contrast,Gene,log2FC,SE,CI_95_low,CI_95_high,t_stat,PValue,BH_FDR,QL_Denom_df,Donors_LV_UF,Donors_LV_NOT_UF,Donors_SV,Cells_total,Evidence_Status
primary,stromal / mesothelial-lineage (unresolved),LV_NOT_UF_vs_SV,EDIL3,3.97983304414914,1.02949172111789,1.84856231597033,6.11110377232795,3.86582326259755,0.0007997845165407,0.0783788826209886,22.6911994535937,4,6,6,3670,PASS
primary,T cell,LV_UF_vs_LV_NOT_UF,FN1,-2.70511706300713,0.738745752691529,-4.25749941644708,-1.15273470956717,-3.66177003813744,0.0017916496037002,0.0877908305813098,17.9459521544194,4,6,6,44245,PASS
primary,cDC,LV_NOT_UF_vs_SV,COL3A1,2.23305901482835,0.638131426364575,0.887308612525246,3.57880941713146,3.49937163814366,0.0027280489426882,0.08911626546114787,17.0982731289551,4,6,6,13672,PASS
primary,stromal / mesothelial-lineage (unresolved),LV_UF_vs_SV,INHBA,2.51556185239796,0.819696814578167,0.804408491070763,4.22671521372516,3.06889304393908,0.0061150862524775,0.131335716161706,19.7665036967706,4,6,6,3670,PASS
primary,stromal / mesothelial-lineage (unresolved),LV_UF_vs_LV_NOT_UF,COL8A1,-2.6583358624472,0.873232767705044,-4.4866482344548,-0.830023490439608,-3.04424657520997,0.006700801844985,0.131335716161706,18.9060092630156,4,6,6,3670,PASS
primary,Monocyte / macrophage,LV_NOT_UF_vs_SV,COL3A1,1.97971680352896,0.689780209164393,0.536129164694726,3.4233044423632,2.87006901216724,0.0097922010562738,0.15993928391913875,19.0270549918138,4,6,6,22655,PASS
primary,stromal / mesothelial-lineage (unresolved),LV_UF_vs_LV_NOT_UF,THBS3,-1.56540902927321,0.590857324292,-2.79742149138329,-0.333396567163139,-2.649385841411,0.0153354815398913,0.2146967415584782,20.1259596113944,4,6,6,3670,PASS
primary,stromal / mesothelial-lineage (unresolved),LV_UF_vs_SV,THBS3,-1.46441874580306,0.577204239226598,-2.6679627938726,-0.260874697733516,-2.5370893806415,0.0195551136596165,0.23672406132229465,20.1259596113944,4,6,6,3670,PASS
primary,stromal / mesothelial-lineage (unresolved),LV_UF_vs_SV,COL8A1,-2.11739586141997,0.856333330636726,-3.91032539964641,-0.324466323193535,-2.47263044151929,0.0230812443953367,0.23672406132229465,18.9060092630156,4,6,6,3670,PASS
primary,NK cell,LV_UF_vs_LV_NOT_UF,FN1,-1.9834586090763,0.831487843893298,-3.69352348797127,-0.273393730181335,-2.38543308076411,0.0247225721714494,0.23672406132229465,25.7166082487678,4,6,6,4011,PASS
primary,T cell,LV_UF_vs_SV,FN1,-1.79531616264476,0.743071832924863,-3.35678923584767,-0.233843089441846,-2.41607349800634,0.0265710681076045,0.23672406132229465,17.9459521544194,4,6,6,44245,PASS
primary,stromal / mesothelial-lineage (unresolved),LV_UF_vs_LV_NOT_UF,FN1,-2.95507539102206,1.29002792283261,-5.65584055246499,-0.254310229579126,-2.29070653333874,0.0336328931318922,0.258735584379734,18.926930744872,4,6,6,3670,PASS
primary,cDC,LV_UF_vs_LV_NOT_UF,COL3A1,-3.61481070323257,1.58987280581768,-6.96768109895814,-0.261940307506999,-2.27364773458934,0.0361606105840286,0.258735584379734,17.0982731289551,4,6,6,13672,PASS
primary,stromal / mesothelial-lineage (unresolved),LV_NOT_UF_vs_SV,COL11A1,-2.09454199070497,0.946894812346728,-4.07884423388212,-0.110239747527823,-2.21201126396921,0.0396485188840349,0.258735584379734,18.6624982918031,4,6,6,3670,PASS
primary,stromal / mesothelial-lineage (unresolved),LV_UF_vs_LV_NOT_UF,EDIL3,-2.60896658773467,1.21626564016589,-5.12689976135985,-0.0910334141094782,-2.14506313553248,0.0428903082456024,0.258735584379734,22.6911994535937,4,6,6,3670,PASS
primary,Monocyte / macrophage,LV_UF_vs_LV_NOT_UF,COL3A1,-3.56388845826195,1.66363797843536,-7.04558768543143,-0.0821892310924617,-2.14222595568163,0.0453239291898924,0.258735584379734,19.0270549918138,4,6,6,22655,PASS
primary,stromal / mesothelial-lineage (unresolved),LV_UF_vs_LV_NOT_UF,COMP,-4.04415338719047,1.92228617374706,-8.01845141431343,-0.0698553600674972,-2.10382483233873,0.0464140918084833,0.258735584379734,23.2381613378604,4,6,6,3670,PASS
primary,T cell,LV_UF_vs_LV_NOT_UF,COL3A1,-2.52787173302548,1.18159915110917,-5.02472258929955,-0.0310208767514166,-2.13936488584354,0.047522862437094,0.258735584379734,16.6588573778511,4,6,6,44245,PASS
primary,T cell,LV_UF_vs_SV,VCAN,-2.38366557821632,1.22508634194107,-4.97160739947282,0.20427624304017,-1.94571231154169,0.0686933726250829,0.33543059193613506,16.7254692016631,4,6,6,44245,PASS
primary,cDC,LV_UF_vs_LV_NOT_UF,VCAN,1.59194530876146,0.813749591503536,-0.144515153895299,3.32840577141823,1.95630858114483,0.0695654644912755,0.33543059193613506,14.8047674990946,4,6,6,13672,PASS
primary,Monocyte / macrophage,LV_NOT_UF_vs_SV,COMP,1.30987310768054,0.702524771200917,-0.140299630696657,2.76004584605774,1.86452230779195,0.0745617416732991,0.33543059193613506,23.9273913319015,4,6,6,22655,PASS
primary,stromal / mesothelial-lineage (unresolved),LV_NOT_UF_vs_SV,INHBA,1.43687724886633,0.782894799131942,-0.197450277207579,3.07120477494025,1.83533886092936,0.0815487438205916,0.33543059193613506,19.7665036967706,4,6,6,3670,PASS
primary,T cell,LV_NOT_UF_vs_SV,THBS3,0.388297343415642,0.213925057372941,-0.0588877445178708,0.835482431349156,1.8151092171438,0.0850303031714723,0.33543059193613506,19.3615311856765,4,6,6,44245,PASS
primary,stromal / mesothelial-lineage (unresolved),LV_UF_vs_LV_NOT_UF,COL3A1,-1.95627083458187,1.07886589088593,-4.21472291341044,0.302181244246701,-1.81326599636535,0.0856572840188774,0.33543059193613506,18.9553799530439,4,6,6,3670,PASS
primary,Monocyte / macrophage,LV_NOT_UF_vs_SV,INHBA,2.44347964881451,1.34751944841015,-0.400883761048645,5.28784305867767,1.8133167960562,0.08758707871964,0.33543059193613506,16.8950513687385,4,6,6,22655,PASS
primary,NK cell,LV_NOT_UF_vs_SV,FN1,1.08291931210815,0.61362871103127,-0.179089405304708,2.344928029521,1.76477940591825,0.0894761049574703,0.33543059193613506,25.7166082487678,4,6,6,4011,PASS
primary,T cell,LV_NOT_UF_vs_SV,FN1,0.90980090036237,0.511804800770918,-0.165693257442126,1.98529505816687,1.77763260327367,0.0924145508395474,0.33543059193613506,17.9459521544194,4,6,6,44245,PASS
primary,stromal / mesothelial-lineage (unresolved),LV_UF_vs_LV_NOT_UF,LOX,-1.72169249112081,1.00197996412081,-3.81985591202501,0.376470929783399,-1.71829033790262,0.102110411554049,0.35296231306717823,18.8677641747084,4,6,6,3670,PASS
primary,stromal / mesothelial-lineage (unresolved),LV_NOT_UF_vs_SV,FN1,1.75899621890551,1.03293965380005,-0.403536375528941,3.92152881333997,1.70290317777462,0.104952318751812,0.35296231306717823,18.926930744872,4,6,6,3670,PASS
primary,stromal / mesothelial-lineage (unresolved),LV_NOT_UF_vs_SV,VCAN,1.59131898645058,0.943236403358476,-0.38382645896522,3.56646443186638,1.68708393864417,0.108049687673626,0.35296231306717823,18.8688766851925,4,6,6,3670,PASS
primary,stromal / mesothelial-lineage (unresolved),LV_NOT_UF_vs_SV,ISM1,1.84639447203985,1.17409908601109,-0.566516790752001,4.25930573483171,1.57260532270136,0.127852112035655,0.38932420911832255,26.1075924971583,4,6,6,3670,PASS
primary,T cell,LV_UF_vs_LV_NOT_UF,VCAN,-1.94030630271775,1.22198937486435,-4.5217059151988,0.641093309763303,-1.58782583762903,0.131049000207522,0.38932420911832255,16.7254692016631,4,6,6,44245,PASS
primary,T cell,LV_UF_vs_LV_NOT_UF,THBS3,-0.3874140260657,0.245735806406768,-0.901095730985617,0.126267678854217,-1.57654690918103,0.131098968376578,0.38932420911832255,19.3615311856765,4,6,6,44245,PASS
primary,stromal / mesothelial-lineage (unresolved),LV_UF_vs_SV,LOX,-1.53415686781952,0.996962388372964,-3.62181339809444,0.553499662455396,-1.53883123948462,0.140448221744775,0.40482134502905737,18.8677641747084,4,6,6,3670,PASS
primary,cDC,LV_NOT_UF_vs_SV,FN1,0.690091699181363,0.458158821106899,-0.27690849638186,1.65709189474458,1.50622811869936,0.150455090838783,0.4212742543485924,16.9151316069188,4,6,6,13672,PASS
primary,cDC,LV_NOT_UF_vs_SV,THBS3,0.461108045711555,0.314429712360086,-0.186141012096365,1.10835710351947,1.46649005353378,0.154857212187367,0.4215557442878324,25.2547457255568,4,6,6,13672,PASS
primary,cDC,LV_UF_vs_SV,VCAN,1.13754728032949,0.801529429301019,-0.572836575059527,2.84793113571852,1.41922085296544,0.176545651599813,0.4514571636496087,14.8047674990946,4,6,6,13672,PASS
primary,stromal / mesothelial-lineage (unresolved),LV_NOT_UF_vs_SV,COMP,1.68407181729145,1.22327430666986,-0.845029588120809,4.21317322270371,1.37669189004388,0.181727765685501,0.4514571636496087,23.2381613378604,4,6,6,3670,PASS
primary,T cell,LV_NOT_UF_vs_SV,COL3A1,1.18789813724704,0.86634699308989,-0.642789731389647,3.01858600588373,1.37115745390922,0.188515598686378,0.4514571636496087,16.6588573778511,4,6,6,44245,PASS
primary,T cell,LV_UF_vs_SV,INHBA,1.15941191818055,0.866465066398785,-0.618141363388463,2.93696519974956,1.33809424423689,0.191988751239632,0.4514571636496087,27.0932216137875,4,6,6,44245,PASS
primary,stromal / mesothelial-lineage (unresolved),LV_UF_vs_LV_NOT_UF,INHBA,1.07868460353162,0.801066590463646,-0.593577340812029,2.75094654787528,1.3465604687212,0.193360481208219,0.4514571636496087,19.7665036967706,4,6,6,3670,PASS
primary,T cell,LV_NOT_UF_vs_SV,INHBA,1.05137600129178,0.78845204495775,-0.56613354897716,2.66888555156072,1.33346854512644,0.193481641564118,0.4514571636496087,27.0932216137875,4,6,6,44245,PASS
primary,stromal / mesothelial-lineage (unresolved),LV_NOT_UF_vs_SV,COL3A1,1.11169809314545,0.900520149976086,-0.773412579016422,2.99680876530733,1.23450662728089,0.232100000956872,0.5113038140958667,18.9553799530439,4,6,6,3670,PASS
primary,Monocyte / macrophage,LV_NOT_UF_vs_SV,THBS3,0.304136452632758,0.249070095190187,-0.211054805103145,0.81932771036866,1.22108779217562,0.234401708781804,0.5113038140958667,23.0399981661505,4,6,6,22655,PASS
primary,T cell,LV_UF_vs_LV_NOT_UF,COL8A1,-1.21662996195046,0.992644668623266,-3.28926250876907,0.856002584868155,-1.22564498697993,0.234782363615449,0.5113038140958667,19.7016428414195,4,6,6,44245,PASS
primary,stromal / mesothelial-lineage (unresolved),LV_UF_vs_SV,COMP,-2.36008156989902,2.01420515710539,-6.52442072575989,1.80425758596185,-1.17171856182251,0.253183871623522,0.5263679315603552,23.2381613378604,4,6,6,3670,PASS
primary,cDC,LV_UF_vs_SV,THBS3,0.628683513905219,0.539202198107122,-0.481256485318264,1.7386235131287,1.16595131865601,0.254527713482149,0.5263679315603552,25.2547457255568,4,6,6,13672,PASS
primary,T cell,LV_UF_vs_SV,LOX,-1.38880058338347,1.18846234238633,-3.88556368226496,1.10796251549802,-1.16856927969201,0.257812864437725,0.5263679315603552,18.0104288670838,4,6,6,44245,PASS
primary,T cell,LV_UF_vs_SV,ISM1,-1.18635976126523,1.04572872473497,-3.34485992755749,0.972140405027035,-1.1344813747618,0.267818694043649,0.535637388087298,23.9534131177376,4,6,6,44245,PASS
primary,T cell,LV_UF_vs_SV,COL3A1,-1.33997359577844,1.18589652364423,-3.84590527974592,1.16595808818903,-1.12992454996051,0.274515329708248,0.5380500462281661,16.6588573778511,4,6,6,44245,PASS
primary,stromal / mesothelial-lineage (unresolved),LV_UF_vs_SV,EDIL3,1.37086645641448,1.33042663128661,-1.38340468252359,4.12513759535254,1.03039613322289,0.313682625173232,0.6027626915093477,22.6911994535937,4,6,6,3670,PASS
primary,stromal / mesothelial-lineage (unresolved),LV_UF_vs_SV,FN1,-1.19607917211655,1.19723168759449,-3.70256881842653,1.31041047419344,-0.999037349671009,0.330378698545353,0.6076524052096887,18.926930744872,4,6,6,3670,PASS
primary,Monocyte / macrophage,LV_UF_vs_LV_NOT_UF,VCAN,0.511921604504713,0.51364577281546,-0.571162069779488,1.59500527878892,0.996643273629421,0.332810777663536,0.6076524052096887,17.1274944320429,4,6,6,22655,PASS
primary,Monocyte / macrophage,LV_UF_vs_SV,THBS3,0.395339726970396,0.407559096440248,-0.447679517617873,1.23835897155867,0.970018165275712,0.342111161673097,0.6076524052096887,23.0399981661505,4,6,6,22655,PASS
primary,cDC,LV_NOT_UF_vs_SV,INHBA,0.931939039211241,0.960598998319576,-1.09642722844572,2.9603053068682,0.970164491990444,0.345712003048262,0.6076524052096887,16.8171896893361,4,6,6,13672,PASS
primary,Monocyte / macrophage,LV_UF_vs_SV,COMP,1.56673969913331,1.64469138226275,-1.82828166292374,4.96176106119037,0.952604066653409,0.350315498954856,0.6076524052096887,23.9273913319015,4,6,6,22655,PASS
primary,T cell,LV_UF_vs_SV,COL8A1,-0.967136985982628,1.03977035353011,-3.13816751086575,1.20389353890049,-0.930144798511626,0.363553941798601,0.6076524052096887,19.7016428414195,4,6,6,44245,PASS
primary,T cell,LV_UF_vs_LV_NOT_UF,ISM1,-0.938272470216328,1.01612053161319,-3.03565803932359,1.15911309889093,-0.923386981194768,0.365014257824351,0.6076524052096887,23.9534131177376,4,6,6,44245,PASS
primary,NK cell,LV_UF_vs_SV,FN1,-0.900539296968152,0.982151725928266,-2.92046440422147,1.11938581028517,-0.916904459050887,0.36771191478748,0.6076524052096887,25.7166082487678,4,6,6,4011,PASS
primary,cDC,LV_UF_vs_LV_NOT_UF,FN1,-0.526729157344825,0.576357406644082,-1.74320191583636,0.68974360114671,-0.913893273987361,0.373616436043317,0.6076524052096887,16.9151316069188,4,6,6,13672,PASS
primary,stromal / mesothelial-lineage (unresolved),LV_UF_vs_SV,VCAN,0.943246741148737,1.04529245248886,-1.24560498182303,3.1320984641205,0.902375922549566,0.378232619569296,0.6076524052096887,18.8688766851925,4,6,6,3670,PASS
primary,Monocyte / macrophage,LV_UF_vs_SV,COL3A1,-1.58417165473298,1.87299715987722,-5.50402251685882,2.33567920739286,-0.845795011689622,0.408178352873539,0.6375050016365476,19.0270549918138,4,6,6,22655,PASS
primary,NK cell,LV_NOT_UF_vs_SV,THBS3,0.640728824617991,0.785558764957487,-0.955621473703792,2.23707912293977,0.815634492541963,0.420377330455611,0.6375050016365476,34.0562902718907,4,6,6,4011,PASS
primary,stromal / mesothelial-lineage (unresolved),LV_NOT_UF_vs_SV,COL8A1,0.540940001027232,0.658154224990562,-0.837056286722889,1.91893628877735,0.821904624307456,0.421376036384212,0.6375050016365476,18.9060092630156,4,6,6,3670,PASS
primary,stromal / mesothelial-lineage (unresolved),LV_UF_vs_SV,COL3A1,-0.844572741436415,1.03093162206772,-3.00268125581071,1.31353577293788,-0.819232549819817,0.422834950065057,0.6375050016365476,18.9553799530439,4,6,6,3670,PASS
primary,cDC,LV_UF_vs_SV,COL3A1,-1.38175168840421,1.75436988280478,-5.08152869049178,2.31802531368336,-0.787605682215173,0.441709594316721,0.6558718218642221,17.0982731289551,4,6,6,13672,PASS
primary,T cell,LV_UF_vs_LV_NOT_UF,LOX,-0.924458556117575,1.23579255178033,-3.52065460803652,1.67173749580137,-0.748069370369454,0.464075321970947,0.6657116799221877,18.0104288670838,4,6,6,44245,PASS
primary,cDC,LV_UF_vs_LV_NOT_UF,INHBA,-1.3164223513659,1.76910125042544,-5.05199287216599,2.4191481694342,-0.744119281499191,0.467075190714843,0.6657116799221877,16.8171896893361,4,6,6,13672,PASS
primary,Monocyte / macrophage,LV_UF_vs_SV,INHBA,1.67066393453132,2.25381954154965,-3.08673073163243,6.42805860069506,0.741258962278154,0.468715366475826,0.6657116799221877,16.8950513687385,4,6,6,22655,PASS
primary,Monocyte / macrophage,LV_NOT_UF_vs_SV,VCAN,-0.334973979978681,0.460987329326295,-1.30702101486116,0.637073054903795,-0.726644657388359,0.477258221187168,0.6681615096620351,17.1274944320429,4,6,6,22655,PASS
primary,cDC,LV_NOT_UF_vs_SV,VCAN,-0.45439802843197,0.703529056866213,-1.95565886387053,1.04686280700658,-0.645883811048306,0.528239639359778,0.7291195022149048,14.8047674990946,4,6,6,13672,PASS
primary,stromal / mesothelial-lineage (unresolved),LV_UF_vs_LV_NOT_UF,VCAN,-0.648072245301842,1.06370576751054,-2.87548161423655,1.57933712363287,-0.60925893710116,0.549619137977936,0.7480927155810796,18.8688766851925,4,6,6,3670,PASS
primary,NK cell,LV_UF_vs_SV,THBS3,0.562355882414491,0.984496030398471,-1.43825896898782,2.56297073381681,0.571211934889042,0.571606613184178,0.7673623026308143,34.0562902718907,4,6,6,4011,PASS
primary,T cell,LV_NOT_UF_vs_SV,VCAN,-0.443359275498574,0.785885711593997,-2.1035087932375,1.21679024224036,-0.56415235568963,0.580137616572725,0.768290357082798,16.7254692016631,4,6,6,44245,PASS
primary,T cell,LV_NOT_UF_vs_SV,LOX,-0.464342027265898,0.910658260537279,-2.3774846313771,1.44880057684531,-0.509897123199586,0.616315150985208,0.8053184639540051,18.0104288670838,4,6,6,44245,PASS
primary,Monocyte / macrophage,LV_UF_vs_LV_NOT_UF,INHBA,-0.772815714283194,2.12619414248234,-5.26081685465812,3.71518542609173,-0.363473729346713,0.720759175760951,0.9171091469162244,16.8950513687385,4,6,6,22655,PASS
primary,Monocyte / macrophage,LV_UF_vs_SV,FN1,-0.149497200853733,0.421469967234841,-1.03293612557258,0.733941723865114,-0.354704279013157,0.726801497532576,0.9171091469162244,18.5980589162221,4,6,6,22655,PASS
primary,Monocyte / macrophage,LV_UF_vs_SV,VCAN,0.176947624526033,0.515544871427513,-0.910140526795517,1.26403577584758,0.343224487979243,0.735606425511999,0.9171091469162244,17.1274944320429,4,6,6,22655,PASS
primary,T cell,LV_NOT_UF_vs_SV,ISM1,-0.248087291048899,0.780515757790532,-1.85915845428158,1.36298387218379,-0.317850457947421,0.753352787173814,0.9171091469162244,23.9534131177376,4,6,6,44245,PASS
primary,T cell,LV_NOT_UF_vs_SV,COL8A1,0.249492975967829,0.786347070617176,-1.39239216498303,1.89137811691869,0.317280988625049,0.754368262164362,0.9171091469162244,19.7016428414195,4,6,6,44245,PASS
primary,cDC,LV_UF_vs_LV_NOT_UF,THBS3,0.167575468193664,0.548805924790766,-0.962133664807847,1.29728460119518,0.305345588711625,0.762605506341322,0.9171091469162244,25.2547457255568,4,6,6,13672,PASS
primary,T cell,LV_NOT_UF_vs_SV,COMP,-0.219609298934295,0.762149602297439,-1.78188624475282,1.34266764688423,-0.288144608712385,0.77539079684886,0.9171091469162244,27.5751884312883,4,6,6,44245,PASS
primary,cDC,LV_UF_vs_SV,FN1,0.163362541836538,0.566942195179523,-1.03323826197889,1.35996334565196,0.288146733874357,0.776735297898435,0.9171091469162244,16.9151316069188,4,6,6,13672,PASS
primary,Monocyte / macrophage,LV_UF_vs_LV_NOT_UF,FN1,-0.0999296065237318,0.421608754379432,-0.983659441569087,0.783800228521624,-0.237019761771358,0.815232634601481,0.9219661245306224,18.5980589162221,4,6,6,22655,PASS
primary,stromal / mesothelial-lineage (unresolved),LV_NOT_UF_vs_SV,LOX,0.187535623301286,0.792293363314347,-1.4715404191922,1.84661166579477,0.236699727632176,0.815440550385502,0.9219661245306224,18.8677641747084,4,6,6,3670,PASS
primary,cDC,LV_UF_vs_SV,INHBA,-0.384483312154657,1.70587574517433,-3.98654913189711,3.2175825075878,-0.225387642237311,0.824393882208434,0.9219661245306224,16.8171896893361,4,6,6,13672,PASS
primary,Monocyte / macrophage,LV_UF_vs_LV_NOT_UF,THBS3,0.0912032743376386,0.412054898058276,-0.761115351167294,0.943521899842571,0.221337677982752,0.826779429725808,0.9219661245306224,23.0399981661505,4,6,6,22655,PASS
primary,stromal / mesothelial-lineage (unresolved),LV_NOT_UF_vs_SV,THBS3,0.100990283470154,0.45850592485452,-0.855052724118779,1.05703329105909,0.220259495015679,0.82788794855811,0.9219661245306224,20.1259596113944,4,6,6,3670,PASS
primary,Monocyte / macrophage,LV_UF_vs_LV_NOT_UF,COMP,0.25686659145277,1.48735186484502,-2.81336981186386,3.3271029947694,0.172700621503261,0.86433929350534,0.9365749953401897,23.9273913319015,4,6,6,22655,PASS
primary,NK cell,LV_UF_vs_LV_NOT_UF,VCAN,-0.191260681831795,1.15878685766996,-2.56288247842964,2.18036111476605,-0.165052512086972,0.87006592719772,0.9365749953401897,28.5464800581697,4,6,6,4011,PASS
primary,T cell,LV_UF_vs_LV_NOT_UF,INHBA,0.108035916888769,0.70042166540804,-1.32887928963275,1.54495112341029,0.154244110689853,0.878560512553939,0.9365749953401897,27.0932216137875,4,6,6,44245,PASS
primary,T cell,LV_UF_vs_LV_NOT_UF,COMP,0.124733061290052,0.813351990148421,-1.54250006356382,1.79196618614393,0.153356803451468,0.879233669094872,0.9365749953401897,27.5751884312883,4,6,6,44245,PASS
primary,Monocyte / macrophage,LV_NOT_UF_vs_SV,FN1,-0.0495675943300015,0.371681449147027,-0.828645311128343,0.72951012246834,-0.133360420445396,0.895340787583613,0.9429575767428864,18.5980589162221,4,6,6,22655,PASS
primary,T cell,LV_UF_vs_SV,COMP,-0.0948762376442436,0.8621877051153,-1.86221426499408,1.67246178970559,-0.110041278808952,0.913173600046187,0.9429575767428864,27.5751884312883,4,6,6,44245,PASS
primary,NK cell,LV_NOT_UF_vs_SV,VCAN,0.106453285141326,0.978078868000987,-1.89532395869721,2.10823052897986,0.108839162795631,0.914091528475247,0.9429575767428864,28.5464800581697,4,6,6,4011,PASS
primary,NK cell,LV_UF_vs_LV_NOT_UF,THBS3,-0.0783729422034997,0.843616151035069,-1.79270286180765,1.63595697740065,-0.0929011874741143,0.926526436965391,0.9458290710688367,34.0562902718907,4,6,6,4011,PASS
primary,NK cell,LV_UF_vs_SV,VCAN,-0.0848073966904691,1.29699836359302,-2.73929865959105,2.56968386621012,-0.0653874353823632,0.948321304802706,0.9580978130996411,28.5464800581697,4,6,6,4011,PASS
primary,T cell,LV_UF_vs_SV,THBS3,0.0008833173499423,0.209039124336981,-0.436088304142777,0.437854938842662,0.0042256077791372,0.996671698406734,0.996671698406734,19.3615311856765,4,6,6,44245,PASS
