Gene,WGCNA_Module,LASSO_selected,SVM_RFE_selected,RF_selected,Total_Votes_out_of_3,Majority_Selected_2of3,LASSO_abs_coefficient,SVM_RFE_rank,RF_importance,Discovery_log2FC,Discovery_nominal_P,Discovery_BH_adjusted_P,Discovery_DEG_Status
CHMP3,green,1,1,0,2,1,0.6869974002890823,1,0.0015903870688989427,-0.6819333,0.000195,0.02986,Downregulated
ZNF626,purple,1,1,0,2,1,0.30456172747953614,1,0.010853267394664617,0.9846886,3.62e-05,0.01512,Upregulated
TMEM168,magenta,1,1,0,2,1,0.2844713537365408,1,0.004160949030193854,-0.8446538,0.00448,0.14305,Downregulated
HABP4,purple,1,0,1,2,1,0.19157965771937718,8,0.014079312579489018,0.7087192,0.000313,0.03613,Upregulated
RGS11,turquoise,1,1,0,2,1,0.1693583617048693,1,0.00019311123658949825,-0.6423379,0.0181,0.27139,Downregulated
SARM1,blue,1,1,0,2,1,0.1201427008822833,1,0.00406249098338395,0.6315188,0.000443,0.04358,Upregulated
HAMP,green,1,1,0,2,1,0.09623972766997368,1,0.0010799933043688706,1.0308139,0.00365,0.12948,Upregulated
NIPAL3,turquoise,1,1,0,2,1,0.0292346228315504,1,0.002321090220644057,0.6672232,0.00118,0.07051,Upregulated
CUL9,purple,1,0,0,1,0,0.6622105817971397,3,0.00424607743815687,0.76009,0.00011,0.02472,Upregulated
SP140,red,1,0,0,1,0,0.4530360867719057,90,0.01074209822076258,1.1323126,3.07e-07,0.00294,Upregulated
HSH2D,tan,1,0,0,1,0,0.3787408473430082,16,0.00654004472176676,1.681092,9.25e-06,0.01299,Upregulated
ZNF174,black,1,0,0,1,0,0.3202777488302058,4,0.0005954286763355985,-0.7319526,0.000251,0.03271,Downregulated
SNORD110,green,1,0,0,1,0,0.31976154401561396,2,0.0003679020741244478,0.8147997,0.0355,0.35337,Upregulated
CAMK2N1,turquoise,1,0,0,1,0,0.2824735348574865,15,0.0014935544811151796,1.4779823,6.09e-05,0.02002,Upregulated
RUBCN,green,1,0,0,1,0,0.261899022686074,67,0.004797390406452387,0.5933688,0.00177,0.08971,Upregulated
SLC16A7,yellow,1,0,0,1,0,0.16159289722049694,22,0.0013771703853504723,-0.7990267,0.00998,0.20664,Downregulated
RGS5,turquoise,1,0,0,1,0,0.15267243629422575,20,0.003776553129383968,-0.7816656,0.00199,0.09392,Downregulated
TNFRSF13B,tan,1,0,0,1,0,0.07239011037050058,55,0.005986717041151647,1.5469261,0.000349,0.03734,Upregulated
DRD3,pink,1,0,0,1,0,0.06788691849002068,6,0.0006745367254453245,0.8208262,0.0164,0.26202,Upregulated
ZNF702P,black,1,0,0,1,0,0.057323468302966564,17,0.0011198263563839013,-0.7951725,0.0229,0.29902,Downregulated
PTK7,turquoise,1,0,0,1,0,0.023541278004780133,40,0.0028468591912135057,-0.8006708,0.0179,0.27139,Downregulated
RNF157,red,1,0,0,1,0,0.006312354185229846,19,0.0035654947523222976,0.654938,0.0049,0.15012,Upregulated
ZFPM2,turquoise,1,0,0,1,0,0.005418589944214501,48,0.0005836177474402706,-0.7465551,0.0144,0.24583,Downregulated
FAM21C,magenta,1,0,0,1,0,0.005293114197260125,44,0.00027753077975376146,-0.7576121,0.034,0.34818,Downregulated
ERAP2,purple,0,0,1,1,0,0.0,427,0.019875626459239053,0.7284333,0.000494,0.04644,Upregulated
CBX7,red,0,0,1,1,0,0.0,74,0.016369284835602165,0.7748352,4.53e-06,0.00868,Upregulated
HYPK,purple,0,0,1,1,0,0.0,46,0.01577184325252217,0.8377946,9.49e-06,0.01299,Upregulated
ADAM19,red,0,0,1,1,0,0.0,548,0.013987378267803365,1.2130888,0.000133,0.02544,Upregulated
PIM2,red,0,0,1,1,0,0.0,198,0.013936556683591096,1.0564294,1.84e-05,0.013,Upregulated
NCKIPSD,black,0,0,1,1,0,0.0,231,0.013808134635552811,-0.7262792,0.0186,0.27467,Downregulated
IL2RA,tan,0,0,1,1,0,0.0,69,0.012241343351184344,1.0812025,0.000586,0.05101,Upregulated
IPP,purple,0,0,1,1,0,0.0,51,0.012113233886929121,0.8932479,2.08e-05,0.013,Upregulated
BACH2,tan,0,0,1,1,0,0.0,452,0.011227330403946825,1.566805,0.00098,0.06523,Upregulated
ZNF10,purple,0,1,0,1,0,0.0,1,0.0020024859346954088,0.7494399,8.4e-05,0.02176,Upregulated
CDC42EP3,magenta,0,1,0,1,0,0.0,1,0.0019013390964914237,-1.0366573,0.00796,0.18893,Downregulated
FAM19A3,turquoise,0,1,0,1,0,0.0,1,8.19857002800116e-19,-0.6316741,0.0349,0.35104,Downregulated
ITGB7,red,0,0,0,0,0,0.0,423,0.010056417354614424,0.7424589,0.000649,0.05433,Upregulated
DUSP5,red,0,0,0,0,0,0.0,34,0.009557871979157483,0.6031256,0.000169,0.02786,Upregulated
MYO3B,purple,0,0,0,0,0,0.0,414,0.008877420833035903,1.0711094,3.01e-05,0.01406,Upregulated
SOCS1,red,0,0,0,0,0,0.0,256,0.00879030707143858,1.6847793,1.51e-06,0.00709,Upregulated
ZNF14,purple,0,0,0,0,0,0.0,130,0.0085483112706099,0.6562629,0.000705,0.05619,Upregulated
PVRIG,red,0,0,0,0,0,0.0,294,0.008490067380868455,1.6944124,4.1e-05,0.01542,Upregulated
PBX4,red,0,0,0,0,0,0.0,472,0.00845205031852626,1.2854579,3.71e-05,0.01512,Upregulated
ZNF394,purple,0,0,0,0,0,0.0,298,0.007701460853821734,0.8168036,0.000192,0.02986,Upregulated
TBC1D10C,red,0,0,0,0,0,0.0,565,0.007449602505838613,1.0926858,1.21e-05,0.013,Upregulated
CD40LG,red,0,0,0,0,0,0.0,70,0.007341641282463168,1.2672281,4.33e-05,0.01596,Upregulated
SYTL3,red,0,0,0,0,0,0.0,541,0.006844691262043518,1.0334123,6.67e-05,0.02097,Upregulated
XRCC2,purple,0,0,0,0,0,0.0,401,0.0065799671645679556,0.8310318,8.36e-05,0.02176,Upregulated
SHMT1,turquoise,0,0,0,0,0,0.0,165,0.006536104119968672,-0.8492313,0.000813,0.05879,Downregulated
PSRC1,greenyellow,0,0,0,0,0,0.0,107,0.0065344300373970906,-0.7047299,0.00552,0.15741,Downregulated
GPR1,purple,0,0,0,0,0,0.0,213,0.006524098957150892,0.7746652,0.000559,0.04969,Upregulated
TRAF5,tan,0,0,0,0,0,0.0,445,0.006424307948569939,0.7666963,0.0176,0.26989,Upregulated
TMEM17,purple,0,0,0,0,0,0.0,349,0.006403877727345278,0.7866947,0.000216,0.03054,Upregulated
RPS6KB2,black,0,0,0,0,0,0.0,367,0.006297548389618216,-0.8590195,0.00138,0.07775,Downregulated
CCR7,tan,0,0,0,0,0,0.0,221,0.006100455110185805,1.9205027,0.000287,0.035,Upregulated
LTB,tan,0,0,0,0,0,0.0,590,0.00597093562436763,1.6747234,3.33e-06,0.00709,Upregulated
CXCR5,tan,0,0,0,0,0,0.0,5,0.005916906451481077,2.3534967,0.000141,0.02544,Upregulated
CYFIP2,red,0,0,0,0,0,0.0,25,0.005604928900541919,1.2120472,1.67e-05,0.013,Upregulated
CEACAM1,red,0,0,0,0,0,0.0,47,0.0055008628132957715,1.9050663,7.28e-05,0.0212,Upregulated
ATP2A3,red,0,0,0,0,0,0.0,584,0.005498541995501961,1.0139341,0.000197,0.02997,Upregulated
SYTL1,red,0,0,0,0,0,0.0,537,0.005495764859397604,1.1576974,0.000731,0.05659,Upregulated
ATAD5,purple,0,0,0,0,0,0.0,483,0.005360669928261757,0.6321711,0.00234,0.10116,Upregulated
GSTM3,turquoise,0,0,0,0,0,0.0,116,0.005346807418374605,-0.9018597,0.00285,0.11163,Downregulated
HLA-DOB,tan,0,0,0,0,0,0.0,217,0.005344823683773404,1.2754595,0.000142,0.02544,Upregulated
ZNF549,purple,0,0,0,0,0,0.0,539,0.004945346625846986,0.698949,0.000397,0.04162,Upregulated
PBXIP1,purple,0,0,0,0,0,0.0,237,0.004918720961595827,0.9010984,0.000778,0.05757,Upregulated
PLCH2,red,0,0,0,0,0,0.0,118,0.004840959225402896,1.2007319,0.000279,0.03472,Upregulated
TMED1,black,0,0,0,0,0,0.0,103,0.004794742105934653,-0.9243526,0.000727,0.05659,Downregulated
ZNF483,purple,0,0,0,0,0,0.0,149,0.004694869812259276,0.9797176,6.16e-05,0.02002,Upregulated
PCED1B-AS1,red,0,0,0,0,0,0.0,273,0.004625596485740562,0.9263992,0.000804,0.05834,Upregulated
GRASP,blue,0,0,0,0,0,0.0,340,0.004591414882573124,0.9127145,0.000331,0.03646,Upregulated
SNX29,purple,0,0,0,0,0,0.0,311,0.004523467253584426,0.6375602,0.00255,0.10433,Upregulated
TPD52L2,black,0,0,0,0,0,0.0,582,0.00451347356036103,-0.6262153,0.0207,0.28775,Downregulated
FLT3LG,red,0,0,0,0,0,0.0,476,0.004453117130126859,1.4377149,2.35e-05,0.01324,Upregulated
STAP1,tan,0,0,0,0,0,0.0,290,0.004423420493664045,1.5769188,0.00192,0.092,Upregulated
TDRD1,purple,0,0,0,0,0,0.0,411,0.004406997543402874,0.8057093,9.54e-05,0.02321,Upregulated
PTPRCAP,red,0,0,0,0,0,0.0,549,0.004402952765679839,1.5798708,0.000182,0.02933,Upregulated
EXO5,purple,0,0,0,0,0,0.0,254,0.004401746979890452,0.7618846,8.83e-05,0.02228,Upregulated
TMED10,yellow,0,0,0,0,0,0.0,292,0.004393984781037869,-0.7831738,0.0151,0.25043,Downregulated
RAB30,tan,0,0,0,0,0,0.0,141,0.0042743587764951345,1.0627556,0.00111,0.06809,Upregulated
RAB4A,brown,0,0,0,0,0,0.0,433,0.00426705981448452,-0.6023932,0.00302,0.11646,Downregulated
LIG1,red,0,0,0,0,0,0.0,430,0.0042492669975204315,0.6790962,0.00249,0.10416,Upregulated
TESK2,purple,0,0,0,0,0,0.0,160,0.004208249267398279,0.5974991,0.0026,0.10547,Upregulated
MBD4,purple,0,0,0,0,0,0.0,240,0.004055224847614642,0.6258095,0.000141,0.02544,Upregulated
MFSD14C,purple,0,0,0,0,0,0.0,54,0.00401915944401346,0.805738,2.69e-05,0.01352,Upregulated
TNRC6C,red,0,0,0,0,0,0.0,169,0.004015435694383267,0.685771,0.00107,0.06748,Upregulated
BLVRB,black,0,0,0,0,0,0.0,209,0.003990497973019134,-0.7528207,0.00117,0.07041,Downregulated
C19orf44,turquoise,0,0,0,0,0,0.0,439,0.0039178565436024555,-0.5851163,0.00765,0.18376,Downregulated
HNRNPU,purple,0,0,0,0,0,0.0,301,0.0038649687237656753,0.9455128,3.71e-05,0.01512,Upregulated
FBXL16,red,0,0,0,0,0,0.0,284,0.0038208302144911574,0.6271481,0.049,0.40236,Upregulated
FAM204A,black,0,0,0,0,0,0.0,419,0.0037801518533013656,-0.6364785,0.0048,0.14929,Downregulated
LMOD3,purple,0,0,0,0,0,0.0,480,0.003777392436438025,0.905401,0.000219,0.03067,Upregulated
LINC00426,red,0,0,0,0,0,0.0,216,0.003768245054574606,0.7500807,0.00946,0.20239,Upregulated
SLC26A6,black,0,0,0,0,0,0.0,230,0.003763884845839509,-0.6805447,0.00496,0.15132,Downregulated
SSR3,black,0,0,0,0,0,0.0,211,0.0037530754063472786,-0.6281555,0.00364,0.12948,Downregulated
PDCD1,red,0,0,0,0,0,0.0,260,0.0037140232284459855,1.0514206,0.0253,0.3108,Upregulated
CARD6,green,0,0,0,0,0,0.0,11,0.003678521516748652,-0.8862324,0.00129,0.07482,Downregulated
VAMP1,purple,0,0,0,0,0,0.0,94,0.003621212391179139,0.6195826,0.00549,0.15718,Upregulated
TNFSF15,purple,0,0,0,0,0,0.0,195,0.003524300155657144,0.9743104,2.73e-05,0.01352,Upregulated
CD244,black,0,0,0,0,0,0.0,431,0.003486037715531797,-0.9381022,0.00556,0.15802,Downregulated
CPNE8,brown,0,0,0,0,0,0.0,359,0.003468672327055004,-0.6827808,0.00715,0.17949,Downregulated
CD3E,red,0,0,0,0,0,0.0,328,0.003436404092758648,1.4608811,0.00305,0.11744,Upregulated
CXorf65,red,0,0,0,0,0,0.0,591,0.003427502165524842,0.9316263,0.000655,0.05433,Upregulated
CD19,tan,0,0,0,0,0,0.0,57,0.0034065530972773256,2.4147015,0.00111,0.06808,Upregulated
VAMP2,blue,0,0,0,0,0,0.0,486,0.0033619778270849174,0.633214,0.00735,0.1814,Upregulated
FKBP14,purple,0,0,0,0,0,0.0,155,0.0033312262958280665,0.8014246,0.000244,0.03228,Upregulated
PLA2G4A,brown,0,0,0,0,0,0.0,345,0.0032544800793728045,-1.1390237,0.00214,0.09678,Downregulated
ZBP1,red,0,0,0,0,0,0.0,191,0.0032333226096641415,1.3498096,0.000161,0.02723,Upregulated
MICAL1,blue,0,0,0,0,0,0.0,271,0.0031941962280799476,0.6073438,0.000576,0.05038,Upregulated
TGS1,black,0,0,0,0,0,0.0,514,0.003175681901651273,-1.1618276,0.000597,0.05111,Downregulated
ETS1,red,0,0,0,0,0,0.0,95,0.0031727829646595158,0.7148353,0.0143,0.24507,Upregulated
LOC100128288,purple,0,0,0,0,0,0.0,449,0.003153795944574181,0.8591386,0.000155,0.02708,Upregulated
ABCB1,red,0,0,0,0,0,0.0,403,0.00304981588711108,1.6428376,0.000126,0.02544,Upregulated
NAT1,brown,0,0,0,0,0,0.0,551,0.0030201116258489614,-0.6945626,0.00945,0.20239,Downregulated
NAPRT,black,0,0,0,0,0,0.0,347,0.0030159035785674417,-0.6110529,0.00455,0.14384,Downregulated
LBH,red,0,0,0,0,0,0.0,561,0.002999506053587698,0.773813,0.000413,0.04209,Upregulated
ANXA2R,red,0,0,0,0,0,0.0,289,0.0029840270084929054,0.6851821,0.00429,0.13942,Upregulated
STAT4,red,0,0,0,0,0,0.0,556,0.0029782454689375594,1.1491866,0.000111,0.02472,Upregulated
LRP3,black,0,0,0,0,0,0.0,50,0.002953696148793963,-1.1084379,0.000289,0.035,Downregulated
CD24,turquoise,0,0,0,0,0,0.0,24,0.002906817716636687,2.3842099,0.000225,0.03088,Upregulated
FCRL2,tan,0,0,0,0,0,0.0,21,0.0028481570534034492,1.2366907,0.00259,0.10547,Upregulated
PDP2,purple,0,0,0,0,0,0.0,318,0.0028318548788904907,0.8496852,0.000685,0.0556,Upregulated
CD7,red,0,0,0,0,0,0.0,434,0.00282767933446591,0.5993014,0.0124,0.23024,Upregulated
TNFSF4,turquoise,0,0,0,0,0,0.0,218,0.002814464190305368,0.7496608,0.00356,0.12814,Upregulated
C11orf63,purple,0,0,0,0,0,0.0,124,0.002737097907657387,0.8418346,4.98e-05,0.01768,Upregulated
GDPD1,purple,0,0,0,0,0,0.0,180,0.0027320754716981116,0.7501171,9.83e-05,0.02321,Upregulated
IL18R1,red,0,0,0,0,0,0.0,189,0.0026933954582300406,0.7646323,0.000798,0.0582,Upregulated
CCDC106,black,0,0,0,0,0,0.0,339,0.002684190240824842,-0.9072749,0.0103,0.20942,Downregulated
SNORD13,green,0,0,0,0,0,0.0,59,0.0026835777018811313,1.1890215,0.00674,0.17443,Upregulated
KIF21B,purple,0,0,0,0,0,0.0,482,0.002682987020528198,0.6549954,0.00402,0.13625,Upregulated
NHS,yellow,0,0,0,0,0,0.0,148,0.0026649293907035332,-0.9040254,0.00365,0.12948,Downregulated
GBP4,red,0,0,0,0,0,0.0,126,0.002656742309592362,0.8588478,0.0266,0.31653,Upregulated
VIPR1,black,0,0,0,0,0,0.0,576,0.0026524292703140216,-0.6300533,0.0199,0.28222,Downregulated
ECT2,greenyellow,0,0,0,0,0,0.0,106,0.002648069198353828,-0.8349372,0.00511,0.15339,Downregulated
C1QA,blue,0,0,0,0,0,0.0,360,0.002643563908885583,0.6564472,0.0184,0.27341,Upregulated
CTLA4,red,0,0,0,0,0,0.0,324,0.0026187611459744073,0.8892268,0.00384,0.13262,Upregulated
SLC6A16,tan,0,0,0,0,0,0.0,154,0.002613521578256348,0.9101184,0.00108,0.06789,Upregulated
ZNF664,yellow,0,0,0,0,0,0.0,164,0.0025951680480833096,-0.6469486,0.00213,0.09678,Downregulated
MPZL2,black,0,0,0,0,0,0.0,64,0.002588096697094713,-0.7379674,0.0127,0.23437,Downregulated
ATF7,blue,0,0,0,0,0,0.0,35,0.0025711572139253563,0.7279018,0.0136,0.24144,Upregulated
SIDT1,tan,0,0,0,0,0,0.0,580,0.0025584980543184917,1.0153823,0.00529,0.15535,Upregulated
CTU1,black,0,0,0,0,0,0.0,507,0.00255140998906947,-0.8151261,0.000593,0.05111,Downregulated
BIRC3,purple,0,0,0,0,0,0.0,228,0.002546001718590402,0.6658141,0.00016,0.02723,Upregulated
ATG2A,blue,0,0,0,0,0,0.0,56,0.002535034732709151,0.7278562,0.000735,0.05659,Upregulated
ACAP1,red,0,0,0,0,0,0.0,524,0.002491451704186176,1.1114689,0.000217,0.03054,Upregulated
SH3RF1,brown,0,0,0,0,0,0.0,374,0.002487188301394396,-0.9231036,0.000728,0.05659,Downregulated
ALDH4A1,black,0,0,0,0,0,0.0,412,0.0024679006709933697,-0.615848,0.00485,0.14971,Downregulated
FBXW4,blue,0,0,0,0,0,0.0,153,0.0024524988495577176,0.608091,0.00406,0.13625,Upregulated
TRAPPC9,blue,0,0,0,0,0,0.0,184,0.002440258389273459,0.5908152,0.0393,0.3679,Upregulated
CDC25B,red,0,0,0,0,0,0.0,517,0.0024390479811575486,0.6335771,0.00298,0.11572,Upregulated
IL7R,red,0,0,0,0,0,0.0,478,0.0024351681709046777,1.0594357,0.000875,0.06167,Upregulated
TRMT11,black,0,0,0,0,0,0.0,380,0.0024236316604540962,-0.5950672,0.0472,0.39685,Downregulated
SAMD9L,red,0,0,0,0,0,0.0,226,0.002384093259711807,0.7677947,0.0112,0.21811,Upregulated
EBI3,blue,0,0,0,0,0,0.0,88,0.002298645182504862,0.8034234,0.00244,0.10282,Upregulated
DLEU7,magenta,0,0,0,0,0,0.0,224,0.0022918775295610204,-0.8050551,0.00156,0.08374,Downregulated
ITLN1,turquoise,0,0,0,0,0,0.0,172,0.002241435221409974,-1.2037175,0.0139,0.24349,Downregulated
BCL11A,tan,0,0,0,0,0,0.0,78,0.0022342065288495695,0.8936665,0.0084,0.1941,Upregulated
UBAC2,black,0,0,0,0,0,0.0,516,0.0022315630802582005,-0.707682,0.00168,0.08747,Downregulated
IL2RG,red,0,0,0,0,0,0.0,420,0.002223944391676023,1.1284664,0.00256,0.10442,Upregulated
CHST13,black,0,0,0,0,0,0.0,497,0.002204403593522858,-1.0721976,0.0189,0.27534,Downregulated
DGKA,purple,0,0,0,0,0,0.0,212,0.002200543942089582,0.8777044,0.000143,0.02544,Upregulated
DMXL2,magenta,0,0,0,0,0,0.0,104,0.0021576745625594405,-0.6581391,0.0172,0.26806,Downregulated
PLXNA3,turquoise,0,0,0,0,0,0.0,426,0.0021565635723805204,1.0165542,0.000728,0.05659,Upregulated
IDO1,red,0,0,0,0,0,0.0,114,0.0021177488847108315,0.8755114,0.0146,0.24639,Upregulated
MID2,turquoise,0,0,0,0,0,0.0,175,0.00208982683982684,0.7401338,0.00515,0.15354,Upregulated
PDE4B,red,0,0,0,0,0,0.0,400,0.002081413900492445,0.9960551,0.00213,0.09678,Upregulated
PLIN5,purple,0,0,0,0,0,0.0,92,0.00202937457599203,0.7794897,0.00153,0.0836,Upregulated
MEFV,yellow,0,0,0,0,0,0.0,362,0.002021511777274367,-1.5601181,2.01e-05,0.013,Downregulated
OSBPL10,tan,0,0,0,0,0,0.0,36,0.002020334352533492,1.1695709,0.0362,0.35536,Upregulated
MCM2,blue,0,0,0,0,0,0.0,115,0.0020134058116013077,0.6277346,0.0408,0.3718,Upregulated
KLRF1,tan,0,0,0,0,0,0.0,386,0.002007438574030822,0.791881,0.0188,0.27505,Upregulated
CCNI2,green,0,0,0,0,0,0.0,62,0.0020010632642211597,0.5877223,0.0357,0.35422,Upregulated
FAM159A,red,0,0,0,0,0,0.0,341,0.0019999569593193824,0.9920252,0.00178,0.08971,Upregulated
CD70,blue,0,0,0,0,0,0.0,97,0.0019935021371871517,0.8074503,0.00216,0.09692,Upregulated
GOLGA8IP,purple,0,0,0,0,0,0.0,540,0.00199296289114972,0.9926909,0.00207,0.09556,Upregulated
CENPM,blue,0,0,0,0,0,0.0,405,0.0019896414856884685,0.688174,0.0357,0.35421,Upregulated
SH2D1B,red,0,0,0,0,0,0.0,484,0.0019611302673413606,0.753503,0.00922,0.20052,Upregulated
CDC20,turquoise,0,0,0,0,0,0.0,26,0.0019573448516844775,-1.5792149,0.00428,0.13933,Downregulated
PGGHG,purple,0,0,0,0,0,0.0,608,0.0019565553561789713,1.0543831,0.000777,0.05757,Upregulated
RINL,red,0,0,0,0,0,0.0,145,0.00195639701663798,0.8854584,0.00261,0.10547,Upregulated
IL4I1,blue,0,0,0,0,0,0.0,117,0.00195535823776149,0.6601435,0.00531,0.15535,Upregulated
SAMD3,red,0,0,0,0,0,0.0,500,0.0019294329754576329,0.8389962,0.0252,0.30942,Upregulated
FBXO16,black,0,0,0,0,0,0.0,609,0.0019175588426945582,-0.6267489,0.00872,0.19819,Downregulated
MCTS1,brown,0,0,0,0,0,0.0,437,0.0019089299697444492,-0.6138814,0.00703,0.17828,Downregulated
FAM118A,red,0,0,0,0,0,0.0,267,0.001892459833006895,1.046075,0.0268,0.31848,Upregulated
TRABD2A,red,0,0,0,0,0,0.0,127,0.0018830588371134458,1.177912,0.000725,0.05659,Upregulated
PAOX,black,0,0,0,0,0,0.0,355,0.0018619145116733923,-0.6299543,0.0336,0.34641,Downregulated
HYKK,purple,0,0,0,0,0,0.0,79,0.0018553631943923573,0.964915,1.25e-05,0.013,Upregulated
PRKCQ-AS1,red,0,0,0,0,0,0.0,463,0.0018549346402020504,1.1287941,0.00683,0.17525,Upregulated
KCTD7,purple,0,0,0,0,0,0.0,113,0.0018538578914514387,0.6806039,0.00413,0.13647,Upregulated
MIGA1,purple,0,0,0,0,0,0.0,89,0.0018486441130469151,0.7889797,0.000475,0.04503,Upregulated
RANGRF,brown,0,0,0,0,0,0.0,424,0.0018267568808255003,-0.9145119,0.0441,0.384,Downregulated
TSPYL2,purple,0,0,0,0,0,0.0,416,0.0018106700197592957,0.8968103,0.00214,0.09678,Upregulated
ZCCHC18,purple,0,0,0,0,0,0.0,440,0.001810670019759295,0.7353605,0.000505,0.04655,Upregulated
NDUFC2,black,0,0,0,0,0,0.0,586,0.0018095238095238093,-0.8130077,0.00809,0.19035,Downregulated
KRT6A,turquoise,0,0,0,0,0,0.0,413,0.001808407323415738,1.4231297,0.00902,0.19859,Upregulated
SPOCK2,red,0,0,0,0,0,0.0,473,0.0018025751072961382,0.7654976,0.00281,0.11063,Upregulated
FAM129C,tan,0,0,0,0,0,0.0,178,0.0017898827680402837,1.2146082,0.0101,0.20745,Upregulated
FUT6,purple,0,0,0,0,0,0.0,602,0.0017771877258907366,1.0794086,0.000747,0.05659,Upregulated
PDE5A,turquoise,0,0,0,0,0,0.0,10,0.0017537349539623764,-0.8689813,0.0128,0.23524,Downregulated
SLC46A2,black,0,0,0,0,0,0.0,215,0.0017527686400446885,-0.620242,0.0101,0.20745,Downregulated
SAP30,brown,0,0,0,0,0,0.0,179,0.001736185383244206,-0.7706001,0.0249,0.30843,Downregulated
KLRB1,red,0,0,0,0,0,0.0,522,0.0016914979029767825,1.1772008,0.000139,0.02544,Upregulated
CXCR2P1,brown,0,0,0,0,0,0.0,398,0.0016815082641870537,-0.8953744,0.0318,0.3392,Downregulated
ADORA2A,red,0,0,0,0,0,0.0,85,0.0016673956346212545,0.6002564,0.0255,0.3113,Upregulated
CD2,red,0,0,0,0,0,0.0,206,0.001657157071627284,0.7252426,0.00984,0.20516,Upregulated
GZMM,red,0,0,0,0,0,0.0,467,0.0016531606690516091,1.1529824,0.00209,0.09589,Upregulated
GOLGA8A,purple,0,0,0,0,0,0.0,599,0.0016477251129071674,1.2316309,0.00076,0.0569,Upregulated
ACVRL1,black,0,0,0,0,0,0.0,574,0.001643181801410179,-0.6049014,0.0139,0.24349,Downregulated
GSTZ1,black,0,0,0,0,0,0.0,571,0.0016412194433163855,-0.7787629,0.00188,0.09178,Downregulated
SLC25A38,blue,0,0,0,0,0,0.0,506,0.0016359918200409024,0.6435389,0.0172,0.26806,Upregulated
ENO2,blue,0,0,0,0,0,0.0,505,0.0016359918200408994,1.2831912,0.0011,0.06807,Upregulated
NFKB2,blue,0,0,0,0,0,0.0,253,0.0016358266024263347,1.0004177,0.00315,0.1193,Upregulated
CCBE1,purple,0,0,0,0,0,0.0,518,0.0016312913015116722,0.6050057,0.00594,0.16381,Upregulated
HDAC4,brown,0,0,0,0,0,0.0,269,0.0016185214121994037,-0.9072486,0.0126,0.23369,Downregulated
PATL2,red,0,0,0,0,0,0.0,429,0.0016045038705137218,0.9635488,0.00186,0.09174,Upregulated
CLEC2D,greenyellow,0,0,0,0,0,0.0,68,0.0015820905351949124,0.709219,0.0265,0.31607,Upregulated
SPTAN1,blue,0,0,0,0,0,0.0,487,0.0015761243044186226,0.648299,0.00445,0.14273,Upregulated
IGSF8,blue,0,0,0,0,0,0.0,299,0.0015625991769447742,0.605856,0.0271,0.31931,Upregulated
OLFM1,black,0,0,0,0,0,0.0,252,0.0015375605737798215,-1.0711685,0.00659,0.17318,Downregulated
WFS1,black,0,0,0,0,0,0.0,163,0.0015366375654125722,-0.9115439,0.00904,0.1988,Downregulated
AXIN2,tan,0,0,0,0,0,0.0,49,0.0015305135730214183,0.9397986,0.00143,0.07972,Upregulated
LYSMD3,brown,0,0,0,0,0,0.0,261,0.001526235441731704,-0.6376103,0.0158,0.25611,Downregulated
SHROOM4,purple,0,0,0,0,0,0.0,563,0.0015256324850853454,0.8943345,0.000274,0.03454,Upregulated
HYALP1,brown,0,0,0,0,0,0.0,136,0.0015256324850853444,-0.6378382,0.02,0.28222,Downregulated
NEUROG3,blue,0,0,0,0,0,0.0,12,0.0015252728788980473,0.6378191,0.0196,0.28121,Upregulated
CXCR4,red,0,0,0,0,0,0.0,560,0.0015012859232343904,0.9716889,0.000234,0.03136,Upregulated
WHRN,blue,0,0,0,0,0,0.0,391,0.0014816643056217381,0.5861268,0.0133,0.23854,Upregulated
KIAA0408,purple,0,0,0,0,0,0.0,442,0.0014753608760577402,0.8252844,0.000319,0.03618,Upregulated
LAX1,red,0,0,0,0,0,0.0,495,0.0014652127804201372,1.1585243,0.00166,0.0868,Upregulated
P2RY10,red,0,0,0,0,0,0.0,436,0.0014536741214057518,1.0843554,0.00107,0.06748,Upregulated
LINC00926,tan,0,0,0,0,0,0.0,162,0.0014473005086754834,1.8724089,0.000826,0.0593,Upregulated
AIM2,brown,0,0,0,0,0,0.0,96,0.0014397450200777442,0.5997715,0.0276,0.32149,Upregulated
KLF12,red,0,0,0,0,0,0.0,368,0.0014254318217474715,0.8266149,0.0179,0.27119,Upregulated
PRKCH,red,0,0,0,0,0,0.0,173,0.0014049276078708754,0.6439679,0.00411,0.13647,Upregulated
KCTD12,pink,0,0,0,0,0,0.0,562,0.0013916432895911904,-0.9342924,0.00658,0.17318,Downregulated
ZNF467,black,0,0,0,0,0,0.0,417,0.001387749232566192,-0.7305066,0.00761,0.18331,Downregulated
EPS8,brown,0,0,0,0,0,0.0,544,0.00138216272180222,-0.7779412,0.0415,0.37328,Downregulated
RNA18S5,green,0,0,0,0,0,0.0,132,0.0013618430190798895,0.6650078,0.0431,0.38052,Upregulated
FAM72D,brown,0,0,0,0,0,0.0,453,0.0013610310360882443,-0.8140314,0.0403,0.36922,Downregulated
CD36,yellow,0,0,0,0,0,0.0,166,0.0013571796372474608,-0.6576226,0.0339,0.34818,Downregulated
KCNQ1,black,0,0,0,0,0,0.0,157,0.0013217573429600503,-0.7834598,0.00411,0.13647,Downregulated
BCKDHA,black,0,0,0,0,0,0.0,461,0.0013156230234029102,-0.67696,0.0136,0.24144,Downregulated
VPS13A,turquoise,0,0,0,0,0,0.0,448,0.0013065337935449265,0.7178551,0.00234,0.10116,Upregulated
KCTD13,blue,0,0,0,0,0,0.0,477,0.0013010204081632655,0.8149784,0.012,0.22498,Upregulated
ARPIN,black,0,0,0,0,0,0.0,288,0.001291451704186175,-0.7626035,0.0111,0.21811,Downregulated
ISG20,red,0,0,0,0,0,0.0,286,0.0012815420735445863,0.9770992,0.000428,0.04325,Upregulated
SNX15,green,0,0,0,0,0,0.0,545,0.0012772454929387525,-0.9563162,0.0161,0.25959,Downregulated
ASB7,brown,0,0,0,0,0,0.0,84,0.0012753359453881892,-0.688083,0.00456,0.14384,Downregulated
TNFSF8,pink,0,0,0,0,0,0.0,527,0.001241277335045513,-0.6394039,0.0272,0.31931,Downregulated
SBSPON,turquoise,0,0,0,0,0,0.0,123,0.001233507494832595,-1.0219018,0.00934,0.20193,Downregulated
KLRD1,red,0,0,0,0,0,0.0,587,0.0012328897946627107,0.9859813,0.0101,0.20738,Upregulated
TSPAN8,greenyellow,0,0,0,0,0,0.0,303,0.0012076172108071476,-1.0779356,0.0496,0.40316,Downregulated
EIF3C,brown,0,0,0,0,0,0.0,578,0.0012023121387283236,-0.9659561,0.000325,0.03632,Downregulated
ADGRG1,blue,0,0,0,0,0,0.0,121,0.0011969203497866402,1.1042363,0.0118,0.22426,Upregulated
HAPLN3,red,0,0,0,0,0,0.0,410,0.0011962558176692223,0.9817703,0.00673,0.17422,Upregulated
SERPINA10,red,0,0,0,0,0,0.0,379,0.0011960335621662853,1.1658519,0.000653,0.05433,Upregulated
MBOAT2,purple,0,0,0,0,0,0.0,168,0.0011930153019632783,0.8753606,0.000213,0.03054,Upregulated
KIR2DL4,red,0,0,0,0,0,0.0,181,0.001192982456140351,1.0364847,0.00703,0.17828,Upregulated
ZNF577,purple,0,0,0,0,0,0.0,572,0.0011660167130919223,0.7754099,0.000202,0.02997,Upregulated
NAT6,blue,0,0,0,0,0,0.0,358,0.0011632653061224515,0.9859558,0.00261,0.10547,Upregulated
SOCS2,red,0,0,0,0,0,0.0,593,0.0011377777777777816,0.7647035,0.00918,0.20052,Upregulated
CD69,red,0,0,0,0,0,0.0,143,0.001135038657939842,1.0634132,0.00181,0.09081,Upregulated
CSAD,purple,0,0,0,0,0,0.0,188,0.0011263141866419562,0.6218677,0.0124,0.2303,Upregulated
POU2AF1,tan,0,0,0,0,0,0.0,122,0.0011107735657301045,1.651775,0.00029,0.035,Upregulated
METTL6,brown,0,0,0,0,0,0.0,406,0.0011075882235099508,-0.62614,0.0281,0.32378,Downregulated
ITCH-IT1,purple,0,0,0,0,0,0.0,564,0.0010806534614534926,0.9725381,0.00118,0.07051,Upregulated
PRRG4,purple,0,0,0,0,0,0.0,543,0.001075612431721126,0.8983428,0.000122,0.02544,Upregulated
FAHD2A,black,0,0,0,0,0,0.0,385,0.0010736101170899298,-0.7720628,0.0153,0.25163,Downregulated
TTC27,black,0,0,0,0,0,0.0,23,0.0010700063461511068,-1.0705832,0.00502,0.1522,Downregulated
GSDMB,red,0,0,0,0,0,0.0,441,0.001048326843363608,0.672633,0.00556,0.15802,Upregulated
PML,purple,0,0,0,0,0,0.0,138,0.0010381435418163401,0.5883593,0.00973,0.20516,Upregulated
ITLN2,turquoise,0,0,0,0,0,0.0,510,0.0010172138220586177,-0.9578152,0.0303,0.33329,Downregulated
RHBDL2,purple,0,0,0,0,0,0.0,208,0.0010101095650900827,0.8347357,7.73e-05,0.02144,Upregulated
LY9,tan,0,0,0,0,0,0.0,187,0.0010054644808743175,1.544488,2e-06,0.00709,Upregulated
CISH,red,0,0,0,0,0,0.0,592,0.0009999251640766089,1.0185868,0.00189,0.09178,Upregulated
FOXP1-IT1,pink,0,0,0,0,0,0.0,45,0.0009902667483905874,0.6031114,0.0425,0.37871,Upregulated
ECHDC1,brown,0,0,0,0,0,0.0,552,0.0009882754530322108,-0.6363127,0.00431,0.13984,Downregulated
SYNM,red,0,0,0,0,0,0.0,232,0.0009787479558508547,0.9277546,0.033,0.34592,Upregulated
LRRFIP1,purple,0,0,0,0,0,0.0,352,0.0009692746934126245,0.8053704,0.000205,0.03015,Upregulated
TRAT1,red,0,0,0,0,0,0.0,466,0.0009677851091888849,0.8571882,0.029,0.3283,Upregulated
ROCK1,brown,0,0,0,0,0,0.0,38,0.0009599506148278378,-0.6276664,0.0243,0.30546,Downregulated
CPQ,brown,0,0,0,0,0,0.0,42,0.0009445443352035832,-0.7584202,0.0272,0.31931,Downregulated
CPED1,brown,0,0,0,0,0,0.0,366,0.0009398891746080468,-0.8317622,0.00175,0.08971,Downregulated
SLC38A1,red,0,0,0,0,0,0.0,388,0.0009226730072443783,0.9752135,0.00373,0.13063,Upregulated
ZNF322,black,0,0,0,0,0,0.0,77,0.0009101620846876915,-0.640968,0.00329,0.12268,Downregulated
SMAGP,purple,0,0,0,0,0,0.0,28,0.0009066327458156269,0.9054182,0.0101,0.20745,Upregulated
BCAS4,tan,0,0,0,0,0,0.0,266,0.0009054302422723459,0.6653747,0.0117,0.2237,Upregulated
FAM46C,red,0,0,0,0,0,0.0,408,0.0008955764203120388,0.9257692,0.00984,0.20516,Upregulated
LDHAL6A,green,0,0,0,0,0,0.0,61,0.0008817204301075249,-0.6028883,0.0376,0.36049,Downregulated
CD34,turquoise,0,0,0,0,0,0.0,337,0.0008648032733049415,-1.0600757,0.0145,0.24597,Downregulated
PPM1K,purple,0,0,0,0,0,0.0,174,0.0008490613726706621,0.8197711,9.74e-05,0.02321,Upregulated
REM2,red,0,0,0,0,0,0.0,193,0.0008298779045004955,0.7515578,0.00953,0.20335,Upregulated
S100Z,brown,0,0,0,0,0,0.0,394,0.0008111357342517803,-0.7235572,0.00629,0.17057,Downregulated
FAM198B,magenta,0,0,0,0,0,0.0,521,0.0007956813146999215,-0.5967936,0.00712,0.17912,Downregulated
ZNF69,purple,0,0,0,0,0,0.0,409,0.00079371600650595,0.8256861,0.000184,0.02946,Upregulated
PROS1,turquoise,0,0,0,0,0,0.0,91,0.0007911334304877473,-0.705061,0.0073,0.18117,Downregulated
TECPR1,red,0,0,0,0,0,0.0,33,0.0007867335306631473,0.6800942,0.00225,0.09903,Upregulated
ADGRE1,magenta,0,0,0,0,0,0.0,112,0.0007762062698367718,-0.8897966,0.00607,0.16682,Downregulated
ILF3,yellow,0,0,0,0,0,0.0,119,0.0007723504893126991,-0.6328211,0.0175,0.26989,Downregulated
LOC154761,red,0,0,0,0,0,0.0,525,0.000764697423496265,0.5920561,0.0486,0.40212,Upregulated
TRIP10,blue,0,0,0,0,0,0.0,43,0.0007589648448555867,0.6724334,0.0397,0.36894,Upregulated
CD79A,tan,0,0,0,0,0,0.0,53,0.000758872629898355,2.4979313,8.07e-05,0.02148,Upregulated
MAP7,greenyellow,0,0,0,0,0,0.0,312,0.0007542527841985132,-0.7417795,0.0291,0.3283,Downregulated
ABCA8,turquoise,0,0,0,0,0,0.0,210,0.0007535617264907676,-0.615421,0.0496,0.40316,Downregulated
RNF24,blue,0,0,0,0,0,0.0,404,0.000753546838876645,0.5947417,0.0132,0.23832,Upregulated
ITK,red,0,0,0,0,0,0.0,310,0.0007499999999999989,1.0086935,0.00401,0.13625,Upregulated
AP5B1,pink,0,0,0,0,0,0.0,82,0.0007404529528591932,0.6839816,0.0112,0.21811,Upregulated
GGACT,black,0,0,0,0,0,0.0,58,0.0007330433227276059,-0.7999674,0.00893,0.19842,Downregulated
DENND5B,tan,0,0,0,0,0,0.0,105,0.0007216856892010508,0.7885261,0.0481,0.39985,Upregulated
VPREB3,tan,0,0,0,0,0,0.0,9,0.0007195544181845554,2.4094957,0.000785,0.05783,Upregulated
MTFP1,black,0,0,0,0,0,0.0,183,0.0007184466019417477,-0.7132487,0.0175,0.26989,Downregulated
PPP1R15B,brown,0,0,0,0,0,0.0,425,0.000713759747028764,-0.912018,0.00544,0.15699,Downregulated
CST7,red,0,0,0,0,0,0.0,598,0.0007046633497531865,1.012271,0.0005,0.0465,Upregulated
ARL16,purple,0,0,0,0,0,0.0,321,0.0006923017327315176,0.7726982,0.000987,0.06544,Upregulated
MLXIPL,green,0,0,0,0,0,0.0,65,0.0006692759295499015,0.6848233,0.0147,0.24664,Upregulated
ZFYVE27,blue,0,0,0,0,0,0.0,152,0.0006686393158546249,0.7092163,0.00125,0.07298,Upregulated
SEPT1,red,0,0,0,0,0,0.0,322,0.0006586134453781517,1.396305,0.000125,0.02544,Upregulated
MRPL52,black,0,0,0,0,0,0.0,481,0.0006575342465753423,-0.665993,0.014,0.24349,Downregulated
AFMID,green,0,0,0,0,0,0.0,249,0.0006555516877473892,-1.4384111,0.00169,0.08764,Downregulated
KCNG1,tan,0,0,0,0,0,0.0,438,0.0006516280208442638,0.9275464,0.00943,0.20239,Upregulated
CXCL6,turquoise,0,0,0,0,0,0.0,532,0.0006432748538011697,-0.8702222,0.0397,0.36894,Downregulated
MPO,black,0,0,0,0,0,0.0,246,0.0006282938666070397,-0.7192976,0.00885,0.19842,Downregulated
CAPRIN1,magenta,0,0,0,0,0,0.0,125,0.000608471035846168,-0.8645096,0.0115,0.2225,Downregulated
APOBEC3D,red,0,0,0,0,0,0.0,223,0.0006065357406820832,0.7400273,0.00374,0.13078,Upregulated
SUCO,brown,0,0,0,0,0,0.0,418,0.0006057844029720139,-1.0358304,0.00988,0.20568,Downregulated
SNHG7,blue,0,0,0,0,0,0.0,156,0.0005985669502910852,0.7532581,0.0172,0.26806,Upregulated
ADCY9,turquoise,0,0,0,0,0,0.0,309,0.000597223772042013,-0.5945409,0.0231,0.30069,Downregulated
PLCG1,red,0,0,0,0,0,0.0,603,0.0005954281929592551,0.8695114,0.00202,0.09421,Upregulated
SLC2A5,purple,0,0,0,0,0,0.0,307,0.0005916013252252422,1.2663455,0.00537,0.15678,Upregulated
MAL,red,0,0,0,0,0,0.0,594,0.000578236440775144,1.7877865,0.00348,0.12726,Upregulated
ZHX2,pink,0,0,0,0,0,0.0,534,0.0005720311927565807,0.6020725,0.00242,0.10225,Upregulated
BTLA,tan,0,0,0,0,0,0.0,108,0.0005718848031543231,0.619587,0.0196,0.28148,Upregulated
GFI1,red,0,0,0,0,0,0.0,459,0.0005672488271817183,0.8559569,0.0145,0.24597,Upregulated
PIK3IP1,red,0,0,0,0,0,0.0,502,0.0005649502565471548,0.9959731,0.000595,0.05111,Upregulated
PI4K2B,brown,0,0,0,0,0,0.0,205,0.0005644171779141088,-0.723281,0.0297,0.33128,Downregulated
LRRC40,yellow,0,0,0,0,0,0.0,338,0.0005603430881753059,-0.6689756,0.0167,0.26461,Downregulated
SIK1,turquoise,0,0,0,0,0,0.0,41,0.0005563909774436082,0.9264421,0.0291,0.3283,Upregulated
SLC2A1,turquoise,0,0,0,0,0,0.0,30,0.0005551550612468266,0.6203767,0.0317,0.33861,Upregulated
TAOK1,pink,0,0,0,0,0,0.0,75,0.0005494137353433842,0.6113578,0.0335,0.34641,Upregulated
RNF175,green,0,0,0,0,0,0.0,274,0.0005463258785942499,-0.6577987,0.0345,0.34996,Downregulated
C1QB,blue,0,0,0,0,0,0.0,573,0.000545454545454547,0.9225589,0.00282,0.11089,Upregulated
MTMR14,black,0,0,0,0,0,0.0,553,0.0005422163588390492,-0.6090721,0.0117,0.22369,Downregulated
DPY19L4,turquoise,0,0,0,0,0,0.0,60,0.0005349612864800487,-0.6196856,0.0149,0.24807,Downregulated
LEPR,brown,0,0,0,0,0,0.0,526,0.0005347089795292327,-0.755095,0.00659,0.17318,Downregulated
ZNF827,red,0,0,0,0,0,0.0,396,0.000533333333333333,0.7152323,0.018,0.27139,Upregulated
NQO1,turquoise,0,0,0,0,0,0.0,31,0.0005313734221789065,-0.8599096,0.0172,0.26806,Downregulated
NKG7,red,0,0,0,0,0,0.0,315,0.0005253456221198139,0.9329637,0.00962,0.20479,Upregulated
SLAMF6,red,0,0,0,0,0,0.0,577,0.0005249771972368966,1.0127201,0.00075,0.05659,Upregulated
AQP12A,black,0,0,0,0,0,0.0,98,0.0005216960897541663,-0.7021957,0.0119,0.22426,Downregulated
ADAM10,yellow,0,0,0,0,0,0.0,615,0.0005176397035461472,-1.136341,0.0107,0.21401,Downregulated
C1D,brown,0,0,0,0,0,0.0,371,0.0005165251302705074,-0.702482,0.0383,0.36386,Downregulated
TREML3P,magenta,0,0,0,0,0,0.0,397,0.0005103942652329746,-0.6469289,0.0415,0.37328,Downregulated
CD5,red,0,0,0,0,0,0.0,462,0.0004944613185635166,1.2931515,0.00311,0.11855,Upregulated
CD6,red,0,0,0,0,0,0.0,490,0.0004932446678177224,1.0557052,0.00307,0.11778,Upregulated
SLA2,red,0,0,0,0,0,0.0,200,0.0004790276608499747,1.1994358,0.00472,0.1477,Upregulated
MAGEE1,red,0,0,0,0,0,0.0,304,0.0004751203852327433,0.8955008,0.00218,0.09703,Upregulated
AP1G2,blue,0,0,0,0,0,0.0,581,0.00046153990205900775,0.591159,0.000851,0.06062,Upregulated
METTL21A,purple,0,0,0,0,0,0.0,475,0.0004537220517164134,0.7329535,0.00047,0.04484,Upregulated
LRIG1,red,0,0,0,0,0,0.0,244,0.00044137342921693386,1.0274404,0.00152,0.08338,Upregulated
GPR68,red,0,0,0,0,0,0.0,382,0.00043471001183328787,0.7899384,0.0165,0.26333,Upregulated
WDR41,black,0,0,0,0,0,0.0,182,0.00043421095048839164,-0.6017858,0.0207,0.28847,Downregulated
ASRGL1,brown,0,0,0,0,0,0.0,317,0.0004292421193829636,-0.6056653,0.0239,0.30363,Downregulated
MYC,magenta,0,0,0,0,0,0.0,464,0.00040699102068474503,-0.6317038,0.0215,0.29271,Downregulated
FAM63A,purple,0,0,0,0,0,0.0,614,0.00039805825242718453,0.7746591,0.00275,0.10886,Upregulated
APOC1,green,0,0,0,0,0,0.0,361,0.00039805825242718404,0.9221816,0.00936,0.202,Upregulated
LEF1,red,0,0,0,0,0,0.0,291,0.00039187574671445716,1.3133521,0.0012,0.0713,Upregulated
NFE2,black,0,0,0,0,0,0.0,530,0.00038911782971106523,-0.8920974,0.00658,0.17318,Downregulated
MRPS36,brown,0,0,0,0,0,0.0,203,0.0003886216795484954,-0.6021456,0.0133,0.23854,Downregulated
ZDHHC1,black,0,0,0,0,0,0.0,508,0.00038190649666059687,-0.7222314,0.00329,0.12268,Downregulated
LOC728554,turquoise,0,0,0,0,0,0.0,306,0.0003817767313153244,-0.6684714,0.00671,0.17412,Downregulated
ADTRP,tan,0,0,0,0,0,0.0,83,0.0003814844373503593,1.2592631,0.00181,0.09082,Upregulated
TLR10,tan,0,0,0,0,0,0.0,66,0.0003798884607165242,0.8873901,0.0282,0.32378,Upregulated
COPS2,brown,0,0,0,0,0,0.0,363,0.0003798061707168972,-0.608354,0.0251,0.30938,Downregulated
SORD,brown,0,0,0,0,0,0.0,421,0.0003791473195441112,-0.8203702,0.0429,0.38009,Downregulated
TSN,brown,0,0,0,0,0,0.0,542,0.00037824936599828934,-0.7902274,0.0377,0.36085,Downregulated
AMHR2,turquoise,0,0,0,0,0,0.0,80,0.00037727018648754613,-0.9611793,0.00832,0.19347,Downregulated
LIN7C,yellow,0,0,0,0,0,0.0,332,0.0003760955192491321,-0.7782394,0.0235,0.30258,Downregulated
DEPTOR,turquoise,0,0,0,0,0,0.0,456,0.0003743169398907098,-0.868906,0.0133,0.23854,Downregulated
TCL1B,tan,0,0,0,0,0,0.0,27,0.0003704441677044425,0.5927119,0.018,0.27139,Upregulated
TAF5,brown,0,0,0,0,0,0.0,257,0.0003703788568982365,-0.6419,0.0387,0.36513,Downregulated
GAS1,turquoise,0,0,0,0,0,0.0,258,0.00036790207412444874,-0.9787505,0.0264,0.31573,Downregulated
BANK1,tan,0,0,0,0,0,0.0,250,0.0003673469387755104,0.9126269,0.0459,0.39263,Upregulated
SELL,red,0,0,0,0,0,0.0,144,0.0003660682064236732,0.8417,0.00236,0.10116,Upregulated
ARMT1,magenta,0,0,0,0,0,0.0,568,0.00036509191291800026,-0.6796934,0.0153,0.25143,Downregulated
FGD5P1,purple,0,0,0,0,0,0.0,536,0.00036400817995910234,0.8344161,0.000199,0.02997,Upregulated
ABCB4,tan,0,0,0,0,0,0.0,471,0.0003640081799591015,0.6907177,0.017,0.26775,Upregulated
ZNF514,purple,0,0,0,0,0,0.0,197,0.0003639946174548259,0.8286218,0.00757,0.18331,Upregulated
PLEKHF2,magenta,0,0,0,0,0,0.0,171,0.00036363636363636513,-0.7315602,0.0276,0.32149,Downregulated
IDH3G,blue,0,0,0,0,0,0.0,225,0.0003625730994152041,0.6640883,0.0245,0.30568,Upregulated
LCK,red,0,0,0,0,0,0.0,504,0.00036021872863978104,0.9848066,0.00103,0.06672,Upregulated
GNB4,pink,0,0,0,0,0,0.0,214,0.0003595959595959595,0.7778706,0.00993,0.20627,Upregulated
USP11,blue,0,0,0,0,0,0.0,76,0.00035751031714625024,0.6108861,0.00667,0.17399,Upregulated
PGAP1,purple,0,0,0,0,0,0.0,314,0.00035522468135502244,0.7681875,0.00519,0.15376,Upregulated
UAP1L1,blue,0,0,0,0,0,0.0,329,0.0003506024096385535,0.9763208,0.0174,0.26964,Upregulated
RGS1,red,0,0,0,0,0,0.0,199,0.0003448095059129285,0.7236106,0.00565,0.1597,Upregulated
TMEM63A,blue,0,0,0,0,0,0.0,407,0.00034073726356210343,0.7118651,0.00252,0.10416,Upregulated
NLRC3,red,0,0,0,0,0,0.0,293,0.0003355103810304692,0.7958531,0.00592,0.16381,Upregulated
APOBEC3H,red,0,0,0,0,0,0.0,451,0.00032814956646274115,1.2131043,0.0069,0.1762,Upregulated
FAM102A,red,0,0,0,0,0,0.0,383,0.00032650739476678146,0.7904191,0.0402,0.36894,Upregulated
ECM1,blue,0,0,0,0,0,0.0,71,0.0003208113079357718,1.0340512,0.00701,0.17828,Upregulated
TRANK1,red,0,0,0,0,0,0.0,207,0.0003119636260301228,0.6558837,0.0005,0.0465,Upregulated
TIMD4,blue,0,0,0,0,0,0.0,281,0.0003119636260301226,1.5307269,0.00484,0.14971,Upregulated
KLHL28,purple,0,0,0,0,0,0.0,555,0.0003119636260301224,0.9113173,0.000351,0.03734,Upregulated
PRIM2,green,0,0,0,0,0,0.0,133,0.00031196362603012174,-1.2707223,0.00652,0.17318,Downregulated
C10orf88,brown,0,0,0,0,0,0.0,350,0.000310234244283325,-0.8096566,0.0101,0.20745,Downregulated
BEX2,turquoise,0,0,0,0,0,0.0,428,0.00030993788819875726,0.911926,0.00271,0.10757,Upregulated
ACTN1,black,0,0,0,0,0,0.0,334,0.00030065359477124274,-0.8139246,0.00157,0.08406,Downregulated
BCL2,yellow,0,0,0,0,0,0.0,268,0.0002997207570586398,0.8011551,0.00126,0.07353,Upregulated
GTF2H2,brown,0,0,0,0,0,0.0,381,0.00029870129870129694,-0.7746966,0.038,0.36195,Downregulated
CREBRF,pink,0,0,0,0,0,0.0,14,0.0002963493199713679,0.6059428,0.0383,0.36386,Upregulated
SERINC2,blue,0,0,0,0,0,0.0,468,0.00029393939393939413,1.0726264,0.00573,0.16069,Upregulated
FAM134B,turquoise,0,0,0,0,0,0.0,319,0.0002918088737201364,0.8197153,0.00494,0.15088,Upregulated
IKBIP,magenta,0,0,0,0,0,0.0,37,0.0002908163265306136,-0.7748817,0.00504,0.1522,Downregulated
CLEC4F,tan,0,0,0,0,0,0.0,384,0.0002908163265306123,1.1013954,0.0143,0.24507,Upregulated
HLA-DOA,red,0,0,0,0,0,0.0,275,0.00028972712680577653,0.6231657,0.00239,0.1017,Upregulated
ARL17B,magenta,0,0,0,0,0,0.0,342,0.0002846441947565522,-0.8817635,0.0209,0.28893,Downregulated
PKD2,turquoise,0,0,0,0,0,0.0,457,0.0002846441947565521,-0.6234334,0.012,0.22511,Downregulated
MRS2,brown,0,0,0,0,0,0.0,255,0.0002834645669291338,-0.7254276,0.0258,0.31431,Downregulated
CLDN11,turquoise,0,0,0,0,0,0.0,100,0.0002827748383303947,-0.6581248,0.0443,0.38522,Downregulated
SCARNA3,purple,0,0,0,0,0,0.0,13,0.00028196896736222495,0.9211741,0.00828,0.19326,Upregulated
CES2,green,0,0,0,0,0,0.0,142,0.00028080042626250706,0.7406002,7.94e-05,0.02144,Upregulated
PPID,green,0,0,0,0,0,0.0,263,0.0002780635800026364,-1.1889092,0.0172,0.26806,Downregulated
SELM,turquoise,0,0,0,0,0,0.0,277,0.00027758284600389976,0.7780996,0.0125,0.23095,Upregulated
BEND5,tan,0,0,0,0,0,0.0,219,0.0002774369461486028,0.6243157,0.0416,0.37328,Upregulated
KLF10,brown,0,0,0,0,0,0.0,335,0.0002771553065670714,-0.7672734,0.00572,0.16063,Downregulated
TNFAIP6,turquoise,0,0,0,0,0,0.0,259,0.00027711188968795446,0.800449,0.0393,0.36779,Upregulated
FDXACB1,green,0,0,0,0,0,0.0,465,0.00027596899224806146,-1.007238,0.0201,0.28345,Downregulated
ANKRD52,blue,0,0,0,0,0,0.0,283,0.0002742904747079169,0.614955,0.0193,0.27883,Upregulated
IFITM1,red,0,0,0,0,0,0.0,161,0.00024927113702623944,0.7484119,0.00183,0.09131,Upregulated
ZAP70,red,0,0,0,0,0,0.0,241,0.00024032176973353404,1.5542841,0.000725,0.05659,Upregulated
ZNF503,blue,0,0,0,0,0,0.0,151,0.00023242244481182635,0.6422846,0.00548,0.15718,Upregulated
TSEN54,blue,0,0,0,0,0,0.0,596,0.0002242774566474005,0.6647955,0.0106,0.21274,Upregulated
SLC24A4,black,0,0,0,0,0,0.0,365,0.00022189542483660383,-0.9322608,0.0049,0.15012,Downregulated
TST,black,0,0,0,0,0,0.0,566,0.00021243523316062473,-0.7510141,0.00522,0.15407,Downregulated
SKAP1,red,0,0,0,0,0,0.0,546,0.00021066152858060315,0.6989849,0.0276,0.32149,Upregulated
ICOS,red,0,0,0,0,0,0.0,370,0.00020428934932751607,0.8008226,0.0119,0.22426,Upregulated
TMC8,blue,0,0,0,0,0,0.0,402,0.00020371504388650883,0.6122131,0.0265,0.31653,Upregulated
SH2D2A,red,0,0,0,0,0,0.0,348,0.00020234287001577,0.9671644,0.003,0.11589,Upregulated
SYNE2,red,0,0,0,0,0,0.0,498,0.00020065343051018045,1.013381,0.00215,0.09692,Upregulated
C4orf32,yellow,0,0,0,0,0,0.0,479,0.00019806763285024135,-0.9886628,0.00247,0.10394,Downregulated
AK6,brown,0,0,0,0,0,0.0,239,0.0001974248927038629,-0.6500441,0.0162,0.26018,Downregulated
LAMB1,turquoise,0,0,0,0,0,0.0,227,0.00019742489270386217,-0.6053662,0.0431,0.38046,Downregulated
RASGRP1,red,0,0,0,0,0,0.0,356,0.00019632949210414278,0.7258621,0.0417,0.37328,Upregulated
CADM1,red,0,0,0,0,0,0.0,177,0.00019494810993007442,0.5850112,0.0479,0.39917,Upregulated
RAP2B,yellow,0,0,0,0,0,0.0,86,0.0001940509915014178,-0.6996314,0.0183,0.27287,Downregulated
ASB9,greenyellow,0,0,0,0,0,0.0,287,0.0001931112365894983,-0.7594257,0.0365,0.35694,Downregulated
SPOPL,brown,0,0,0,0,0,0.0,242,0.0001931112365894973,-0.9028393,0.0132,0.23854,Downregulated
CD96,red,0,0,0,0,0,0.0,369,0.00019114688128772626,0.9485683,0.00636,0.17171,Upregulated
SCP2,magenta,0,0,0,0,0,0.0,135,0.0001911323087793683,-0.8356657,0.027,0.31924,Downregulated
CD247,red,0,0,0,0,0,0.0,262,0.00019113230877936666,0.6107296,0.0399,0.36894,Upregulated
PHGDH,turquoise,0,0,0,0,0,0.0,354,0.00019047619047619127,-0.6750836,0.0356,0.35395,Downregulated
GIMAP1,brown,0,0,0,0,0,0.0,558,0.00018972332015810504,-0.7332324,0.0277,0.32211,Downregulated
CCR2,yellow,0,0,0,0,0,0.0,444,0.00018972332015810268,-0.7576044,0.00356,0.12814,Downregulated
EFNB3,turquoise,0,0,0,0,0,0.0,134,0.0001893299802407056,-1.0337362,0.00921,0.20052,Downregulated
KLF3,pink,0,0,0,0,0,0.0,557,0.00018932998024070457,-0.6980865,0.0145,0.24628,Downregulated
CD302,yellow,0,0,0,0,0,0.0,399,0.0001888412017167381,-0.9324356,0.00916,0.2005,Downregulated
TTC33,brown,0,0,0,0,0,0.0,18,0.00018868600071607697,-0.6759128,0.0393,0.3679,Downregulated
VENTX,black,0,0,0,0,0,0.0,302,0.00018835978835978777,-0.8849881,0.00973,0.20516,Downregulated
ZNF831,red,0,0,0,0,0,0.0,285,0.00018794020624684403,1.0951911,0.00779,0.1862,Upregulated
SEMA4F,turquoise,0,0,0,0,0,0.0,276,0.0001879402062468424,0.9250611,0.00147,0.08126,Upregulated
PLGLB1,purple,0,0,0,0,0,0.0,139,0.0001818181818181816,0.7403327,0.0261,0.31573,Upregulated
MAP4K1,red,0,0,0,0,0,0.0,583,0.00017682198327359597,0.7989287,0.00516,0.15354,Upregulated
HEATR3,green,0,0,0,0,0,0.0,248,0.00017295396419437446,1.0989421,1.19e-05,0.013,Upregulated
BTN3A2,red,0,0,0,0,0,0.0,372,0.00017198067632850336,0.6547302,0.00578,0.16118,Upregulated
PHLDA3,blue,0,0,0,0,0,0.0,186,0.00016283860335770926,0.889794,0.0315,0.33773,Upregulated
ACTN4,blue,0,0,0,0,0,0.0,327,0.00012007290954659365,0.6428687,0.00881,0.19842,Upregulated
SLX1B,blue,0,0,0,0,0,0.0,101,3.0146825207129258e-18,-1.2048913,0.0107,0.21385,Downregulated
PNPLA7,tan,0,0,0,0,0,0.0,282,2.9667291051669414e-18,0.8297511,0.00325,0.12223,Upregulated
RAB11FIP4,red,0,0,0,0,0,0.0,387,2.5371105726134546e-18,0.7892452,0.0025,0.10416,Upregulated
PASK,red,0,0,0,0,0,0.0,190,2.433960108841539e-18,0.6537959,0.0108,0.21532,Upregulated
CXorf57,red,0,0,0,0,0,0.0,194,1.895020352963426e-18,1.0105257,0.00577,0.16118,Upregulated
HSD3B7,blue,0,0,0,0,0,0.0,192,1.888715865236897e-18,0.7061244,0.016,0.25813,Upregulated
PRKCQ,red,0,0,0,0,0,0.0,344,1.776356839400249e-18,1.0240066,0.00313,0.11877,Upregulated
RYR1,blue,0,0,0,0,0,0.0,229,1.7763568394002486e-18,0.5937663,0.0349,0.3512,Upregulated
GOLGA8B,purple,0,0,0,0,0,0.0,491,1.7535830337669147e-18,0.9479218,0.00163,0.08643,Upregulated
CST6,black,0,0,0,0,0,0.0,279,1.6517707262296434e-18,-0.6441871,0.0382,0.36377,Downregulated
LTA,red,0,0,0,0,0,0.0,443,1.6306714651281723e-18,0.6419332,0.0146,0.24639,Upregulated
MGARP,turquoise,0,0,0,0,0,0.0,102,1.5904635105228743e-18,-0.9538593,0.0298,0.33149,Downregulated
SLC14A1,green,0,0,0,0,0,0.0,111,1.5646824495403993e-18,0.8295919,0.00203,0.09425,Upregulated
RNFT2,greenyellow,0,0,0,0,0,0.0,316,1.4579302356341325e-18,0.6831472,0.0287,0.32739,Upregulated
S1PR1,red,0,0,0,0,0,0.0,512,1.3713084392073361e-18,1.1596226,0.00107,0.06748,Upregulated
KIT,tan,0,0,0,0,0,0.0,538,1.2736250800443464e-18,0.8273549,0.0405,0.36998,Upregulated
ROBO3,blue,0,0,0,0,0,0.0,245,1.2406008585279394e-18,0.6456576,0.0158,0.25611,Upregulated
IGLL1,tan,0,0,0,0,0,0.0,236,1.1843877206021408e-18,1.9048043,0.00359,0.1287,Upregulated
OR1J1,purple,0,0,0,0,0,0.0,150,1.18438772060214e-18,0.60912,0.0175,0.26989,Upregulated
FCRLA,tan,0,0,0,0,0,0.0,81,1.1823400757973892e-18,1.9599437,0.00251,0.10416,Upregulated
ZNF860,purple,0,0,0,0,0,0.0,308,1.0871143100854472e-18,0.8057467,0.000701,0.05619,Upregulated
MTMR11,brown,0,0,0,0,0,0.0,238,1.065417287329872e-18,-0.7008597,0.00738,0.1814,Downregulated
GZMA,red,0,0,0,0,0,0.0,377,9.394194823751322e-19,0.6929447,0.0471,0.39685,Upregulated
PTGR2,purple,0,0,0,0,0,0.0,588,9.305903519016816e-19,0.714217,0.000888,0.06171,Upregulated
SYTL2,red,0,0,0,0,0,0.0,600,9.264235606821963e-19,0.8382816,0.0136,0.24142,Upregulated
ZNF682,purple,0,0,0,0,0,0.0,234,9.040387486233408e-19,0.741105,0.000704,0.05619,Upregulated
HOPX,red,0,0,0,0,0,0.0,494,8.952952339605432e-19,1.0382517,0.00716,0.17949,Upregulated
GNLY,red,0,0,0,0,0,0.0,376,8.952952339605426e-19,1.3296731,0.00382,0.1324,Upregulated
SPNS3,blue,0,0,0,0,0,0.0,392,8.881784197001256e-19,0.6820309,0.0245,0.30568,Upregulated
KCNMA1,tan,0,0,0,0,0,0.0,469,8.881784197001254e-19,0.8245117,0.00727,0.18085,Upregulated
ITM2C,red,0,0,0,0,0,0.0,373,8.798308781615905e-19,0.8604678,0.00516,0.15354,Upregulated
BACE2,turquoise,0,0,0,0,0,0.0,52,8.571232302001215e-19,1.1047931,0.00681,0.17504,Upregulated
OCIAD2,red,0,0,0,0,0,0.0,435,7.742675279201465e-19,0.7733936,0.0017,0.08797,Upregulated
MCOLN2,red,0,0,0,0,0,0.0,585,7.66053886991358e-19,0.881971,0.000996,0.06549,Upregulated
ADGRG5,red,0,0,0,0,0,0.0,570,7.600757630126073e-19,0.6524671,0.018,0.27139,Upregulated
NAALADL1,blue,0,0,0,0,0,0.0,313,7.600757630126071e-19,0.7044669,0.0103,0.20929,Upregulated
DRD4,blue,0,0,0,0,0,0.0,378,7.515355859001061e-19,0.7837562,0.00343,0.12557,Upregulated
SLFN13,red,0,0,0,0,0,0.0,569,7.248475324235401e-19,0.6994413,0.0143,0.24507,Upregulated
RHOH,red,0,0,0,0,0,0.0,264,7.226103773321123e-19,1.0821184,0.000286,0.035,Upregulated
PLEKHG1,tan,0,0,0,0,0,0.0,297,7.106326323612851e-19,0.925789,0.00194,0.09288,Upregulated
MSR1,pink,0,0,0,0,0,0.0,531,7.094040454784336e-19,-0.7122038,0.0448,0.38747,Downregulated
MICALL1,blue,0,0,0,0,0,0.0,474,7.094040454784334e-19,0.5861939,0.0272,0.31931,Upregulated
COL8A1,turquoise,0,0,0,0,0,0.0,159,7.002945232250983e-19,0.7492698,0.0488,0.40217,Upregulated
TCL1A,tan,0,0,0,0,0,0.0,39,6.661338147750939e-19,1.7375915,0.000136,0.02544,Upregulated
TMEM259,purple,0,0,0,0,0,0.0,167,6.428424226500905e-19,0.6201977,0.000901,0.06171,Upregulated
TEAD4,turquoise,0,0,0,0,0,0.0,446,5.662137425588295e-19,-0.9475076,0.0491,0.40236,Downregulated
PPFIBP1,turquoise,0,0,0,0,0,0.0,158,5.299682261666557e-19,-0.9381164,0.021,0.28952,Downregulated
ANO9,red,0,0,0,0,0,0.0,305,5.124106267500723e-19,0.907577,0.00644,0.17178,Upregulated
ZEB2,yellow,0,0,0,0,0,0.0,390,4.668630154833988e-19,-0.5876009,0.00437,0.14048,Downregulated
BBS10,brown,0,0,0,0,0,0.0,422,4.349085194541237e-19,-0.5953911,0.0249,0.30843,Downregulated
PPP1R16B,red,0,0,0,0,0,0.0,597,4.2856161510006015e-19,1.2218057,0.000123,0.02544,Upregulated
BCHE,turquoise,0,0,0,0,0,0.0,109,4.2131540421672624e-19,-0.835103,0.0471,0.39685,Downregulated
CCDC88B,purple,0,0,0,0,0,0.0,170,4.1724865321077327e-19,0.6761751,0.0119,0.22426,Upregulated
TMEM204,red,0,0,0,0,0,0.0,128,4.1724865321077283e-19,0.9621029,0.00843,0.19456,Upregulated
SNRNP25,blue,0,0,0,0,0,0.0,326,4.099285014000578e-19,-0.7746032,7.57e-05,0.02134,Downregulated
CDC42EP2,turquoise,0,0,0,0,0,0.0,503,4.0766786628204236e-19,-0.5918978,0.0186,0.27467,Downregulated
KIFC2,purple,0,0,0,0,0,0.0,550,4.0607578992073404e-19,0.6127068,0.00663,0.1739,Upregulated
EID2B,purple,0,0,0,0,0,0.0,610,2.064713407787056e-19,0.7561274,0.00207,0.09556,Upregulated
ABLIM1,turquoise,0,0,0,0,0,0.0,595,8.832803769444261e-20,0.8690407,0.0101,0.20742,Upregulated
WDR92,black,0,0,0,0,0,0.0,146,8.783097705923463e-20,-0.7448493,0.0011,0.06807,Downregulated
ABCG1,tan,0,0,0,0,0,0.0,63,0.0,0.6066486,0.0167,0.26461,Upregulated
ACOT4,blue,0,0,0,0,0,0.0,333,0.0,1.0404399,0.00046,0.04477,Upregulated
AGFG1,brown,0,0,0,0,0,0.0,519,0.0,-0.6583146,0.0231,0.29992,Downregulated
ANGPTL4,blue,0,0,0,0,0,0.0,222,0.0,1.4017457,0.00725,0.18065,Upregulated
APOC2,green,0,0,0,0,0,0.0,296,0.0,0.860213,0.0197,0.282,Upregulated
APOE,blue,0,0,0,0,0,0.0,331,0.0,0.9902534,0.0185,0.27415,Upregulated
BCL11B,red,0,0,0,0,0,0.0,300,0.0,0.7606032,0.0178,0.27108,Upregulated
BLK,tan,0,0,0,0,0,0.0,99,0.0,2.5670518,0.000257,0.03286,Upregulated
BMP7,turquoise,0,0,0,0,0,0.0,29,0.0,-0.8373055,0.0128,0.23574,Downregulated
BZW1,yellow,0,0,0,0,0,0.0,515,0.0,-0.8056306,0.0197,0.28191,Downregulated
CAPN3,purple,0,0,0,0,0,0.0,395,0.0,0.5882971,0.00415,0.13689,Upregulated
CARD16,pink,0,0,0,0,0,0.0,460,0.0,-0.7436193,0.0076,0.18331,Downregulated
CCDC151,black,0,0,0,0,0,0.0,499,0.0,-0.6505616,0.031,0.33516,Downregulated
CCL5,red,0,0,0,0,0,0.0,120,0.0,0.6887753,0.0396,0.36842,Upregulated
CD27,red,0,0,0,0,0,0.0,450,0.0,1.4003223,0.00164,0.08643,Upregulated
CD3D,red,0,0,0,0,0,0.0,265,0.0,0.8249215,0.0183,0.27341,Upregulated
CD3G,red,0,0,0,0,0,0.0,272,0.0,0.9818543,0.0181,0.27139,Upregulated
CD79B,tan,0,0,0,0,0,0.0,110,0.0,1.1980026,0.00517,0.15354,Upregulated
CEP19,purple,0,0,0,0,0,0.0,613,0.0,0.8690681,0.00034,0.03679,Upregulated
CHRNA5,purple,0,0,0,0,0,0.0,604,0.0,0.7851983,0.00123,0.07234,Upregulated
CLIC3,turquoise,0,0,0,0,0,0.0,389,0.0,0.8351893,0.0101,0.20738,Upregulated
CNNM3,red,0,0,0,0,0,0.0,251,0.0,0.6062979,0.0089,0.19842,Upregulated
COL9A2,blue,0,0,0,0,0,0.0,501,0.0,0.9039562,0.0304,0.33341,Upregulated
CPT1B,purple,0,0,0,0,0,0.0,612,0.0,0.727921,0.0301,0.33231,Upregulated
CRB3,blue,0,0,0,0,0,0.0,295,0.0,0.8881229,0.00368,0.12961,Upregulated
CRIP2,turquoise,0,0,0,0,0,0.0,489,0.0,0.886442,0.0436,0.38186,Upregulated
DDX51,purple,0,0,0,0,0,0.0,528,0.0,0.6236593,0.0029,0.11313,Upregulated
DMWD,blue,0,0,0,0,0,0.0,511,0.0,0.9346888,0.00811,0.19068,Upregulated
DNALI1,turquoise,0,0,0,0,0,0.0,93,0.0,-0.6524637,0.03,0.33196,Downregulated
DNASE1L3,tan,0,0,0,0,0,0.0,454,0.0,0.8081637,0.0413,0.3732,Upregulated
DUSP19,purple,0,0,0,0,0,0.0,529,0.0,0.8002934,0.000944,0.0639,Upregulated
EPHA1,red,0,0,0,0,0,0.0,140,0.0,0.6238573,0.0337,0.34711,Upregulated
FAM117A,red,0,0,0,0,0,0.0,357,0.0,0.7227085,0.013,0.23697,Upregulated
FAM135A,yellow,0,0,0,0,0,0.0,204,0.0,-0.6413556,0.0159,0.257,Downregulated
FAM162A,brown,0,0,0,0,0,0.0,513,0.0,-0.6146903,0.0401,0.36894,Downregulated
FBXO30,yellow,0,0,0,0,0,0.0,547,0.0,-0.65066,0.0237,0.30338,Downregulated
FCMR,tan,0,0,0,0,0,0.0,535,0.0,0.9805599,0.00349,0.12726,Upregulated
FKBP1AP1,purple,0,0,0,0,0,0.0,485,0.0,0.8790667,0.00136,0.07748,Upregulated
GATAD2B,blue,0,0,0,0,0,0.0,447,0.0,0.6117645,0.0115,0.2227,Upregulated
GNG7,tan,0,0,0,0,0,0.0,375,0.0,0.8576385,0.0123,0.22957,Upregulated
GNL3L,pink,0,0,0,0,0,0.0,579,0.0,-0.8962748,7.56e-05,0.02134,Downregulated
GSDMA,green,0,0,0,0,0,0.0,330,0.0,-1.461834,0.00478,0.14888,Downregulated
GUCA1B,purple,0,0,0,0,0,0.0,32,0.0,0.8005284,0.00186,0.09174,Upregulated
HNRNPA1,magenta,0,0,0,0,0,0.0,278,0.0,-0.7053642,0.0271,0.31931,Downregulated
HNRNPH1,yellow,0,0,0,0,0,0.0,605,0.0,-0.618694,0.0115,0.2227,Downregulated
IL32,red,0,0,0,0,0,0.0,196,0.0,0.8215289,0.0376,0.36033,Upregulated
KCTD3,turquoise,0,0,0,0,0,0.0,323,0.0,-0.6055847,0.00552,0.15741,Downregulated
KLHL3,purple,0,0,0,0,0,0.0,488,0.0,0.7600691,0.026,0.31558,Upregulated
LAD1,tan,0,0,0,0,0,0.0,131,0.0,1.1356184,0.00574,0.16069,Upregulated
LILRA3,brown,0,0,0,0,0,0.0,202,0.0,-0.9405502,0.0111,0.21745,Downregulated
LINC01089,purple,0,0,0,0,0,0.0,185,0.0,0.7497904,0.014,0.24384,Upregulated
MAFF,purple,0,0,0,0,0,0.0,235,0.0,0.7984592,0.00739,0.1814,Upregulated
MIAT,red,0,0,0,0,0,0.0,493,0.0,1.4754557,0.00137,0.07748,Upregulated
MORC3,yellow,0,0,0,0,0,0.0,137,0.0,-0.6867329,0.0343,0.34929,Downregulated
MYCBP,yellow,0,0,0,0,0,0.0,470,0.0,-0.623597,0.0195,0.28003,Downregulated
NANP,magenta,0,0,0,0,0,0.0,129,0.0,-0.9434499,0.0205,0.28605,Downregulated
NDUFV3,green,0,0,0,0,0,0.0,336,0.0,-1.2722472,0.00795,0.18893,Downregulated
OGN,turquoise,0,0,0,0,0,0.0,270,0.0,-0.736326,0.0328,0.34462,Downregulated
OSBPL7,red,0,0,0,0,0,0.0,509,0.0,0.765681,0.00925,0.20109,Upregulated
P2RY2,black,0,0,0,0,0,0.0,520,0.0,-0.6012707,0.0333,0.34614,Downregulated
P2RY8,red,0,0,0,0,0,0.0,492,0.0,0.7827745,0.000867,0.06129,Upregulated
PARP15,red,0,0,0,0,0,0.0,280,0.0,0.6492055,0.0455,0.39149,Upregulated
PCGF6,yellow,0,0,0,0,0,0.0,346,0.0,-0.9356134,0.00973,0.20516,Downregulated
PLA2G2A,turquoise,0,0,0,0,0,0.0,73,0.0,1.0261034,0.0486,0.40212,Upregulated
PLCB1,brown,0,0,0,0,0,0.0,176,0.0,-0.7098882,0.0219,0.29412,Downregulated
PLCD1,blue,0,0,0,0,0,0.0,523,0.0,0.708845,0.00369,0.12967,Upregulated
PLPP1,blue,0,0,0,0,0,0.0,567,0.0,0.7154274,0.0262,0.31573,Upregulated
PMEPA1,turquoise,0,0,0,0,0,0.0,601,0.0,0.7212298,0.0204,0.28605,Upregulated
PPP1R14C,turquoise,0,0,0,0,0,0.0,243,0.0,1.0839999,0.00919,0.20052,Upregulated
PRF1,red,0,0,0,0,0,0.0,432,0.0,0.8908467,0.0109,0.21619,Upregulated
PRRG1,turquoise,0,0,0,0,0,0.0,72,0.0,-0.6722357,0.0331,0.34599,Downregulated
PTGDR,red,0,0,0,0,0,0.0,147,0.0,0.775731,0.014,0.24349,Upregulated
RAB37,red,0,0,0,0,0,0.0,589,0.0,0.9774152,0.00261,0.10547,Upregulated
RORA,red,0,0,0,0,0,0.0,455,0.0,0.9058218,0.00504,0.1522,Upregulated
RPS6KA3,magenta,0,0,0,0,0,0.0,393,0.0,-0.8055466,0.0103,0.20929,Downregulated
SEMA3E,purple,0,0,0,0,0,0.0,554,0.0,1.0456073,0.000281,0.03472,Upregulated
SFRP4,turquoise,0,0,0,0,0,0.0,353,0.0,1.4577884,0.0335,0.34641,Upregulated
SGTB,brown,0,0,0,0,0,0.0,496,0.0,-0.8935344,0.00688,0.176,Downregulated
SLC36A4,brown,0,0,0,0,0,0.0,607,0.0,-0.6550174,0.0341,0.34891,Downregulated
SNHG10,green,0,0,0,0,0,0.0,233,0.0,-1.1598928,0.00761,0.18331,Downregulated
SNORD46,green,0,0,0,0,0,0.0,87,0.0,0.6210737,0.0305,0.33342,Upregulated
SPHAR,brown,0,0,0,0,0,0.0,220,0.0,-0.8955182,0.0019,0.09187,Downregulated
SPIB,tan,0,0,0,0,0,0.0,364,0.0,1.0725419,0.00351,0.12726,Upregulated
TC2N,red,0,0,0,0,0,0.0,415,0.0,0.9283443,0.0281,0.32377,Upregulated
TIGIT,red,0,0,0,0,0,0.0,343,0.0,0.676386,0.0279,0.32298,Upregulated
TMEM200A,red,0,0,0,0,0,0.0,611,0.0,0.68117,0.007,0.17828,Upregulated
TMEM238,blue,0,0,0,0,0,0.0,458,0.0,0.9325977,0.0156,0.25427,Upregulated
TNFRSF4,red,0,0,0,0,0,0.0,559,0.0,1.2390461,0.000324,0.03632,Upregulated
TNIP3,red,0,0,0,0,0,0.0,325,0.0,0.6020999,0.0384,0.36386,Upregulated
TOM1L2,black,0,0,0,0,0,0.0,247,0.0,-0.7700318,0.036,0.35436,Downregulated
TOX2,red,0,0,0,0,0,0.0,575,0.0,0.7593809,0.000994,0.06549,Upregulated
TRIB2,red,0,0,0,0,0,0.0,533,0.0,0.6744752,0.00872,0.19819,Upregulated
TTK,greenyellow,0,0,0,0,0,0.0,7,0.0,-0.7068085,0.044,0.38349,Downregulated
ULBP2,blue,0,0,0,0,0,0.0,201,0.0,0.6458861,0.0353,0.35272,Upregulated
ZBTB16,tan,0,0,0,0,0,0.0,606,0.0,1.0363758,0.0153,0.25163,Upregulated
ZNF525,purple,0,0,0,0,0,0.0,320,0.0,0.6636458,0.00882,0.19842,Upregulated
ZNF785,purple,0,0,0,0,0,0.0,351,0.0,0.6099417,0.00704,0.17828,Upregulated
