Repeat,Fold,N_Train,N_Test,N_Up_DEGs_Fold,N_Up_ECM_DEGs_Fold,N_Selected_Hubs_Fold,Selected_Hubs
1,1,26,7,476,26,8,ADAM19;CST7;FLT3LG;LTA;LTB;PLAU;TGM3;TNFSF15
1,2,26,7,335,16,7,CST7;MMP9;PLXNA3;SEMA3E;SEMA4F;SERPINA10;TNFSF15
1,3,26,7,340,20,8,ADAM19;COLQ;EBI3;LTB;PI3;PLXNA4;SPP1;TNFSF15
1,4,27,6,421,24,9,CST7;CXCL14;EBI3;FLT3LG;LTB;MUC6;SEMA3E;SERPINA10;TNFSF15
1,5,27,6,590,38,6,EBI3;ECM1;SEMA4F;SERPINA10;TIMP3;TNFSF15
2,1,26,7,381,23,8,ADAM8;EBI3;LTA;PLXNA1;SEMA4F;SERPINA10;TGFA;TNFSF15
2,2,26,7,423,19,7,ADAM19;COLQ;EBI3;LTB;PI3;SEMA4F;TNFSF15
2,3,26,7,569,38,9,CLEC4F;COL9A2;CST7;CXCL14;FLT3LG;MMP9;SEMA4A;SEMA4F;TNFSF15
2,4,27,6,342,25,8,CXCL14;CXCL8;FLT3LG;LTB;PI3;PLXNA3;SEMA3E;SERPINA10
2,5,27,6,475,25,8,CXCL14;EBI3;ECM1;FLT3LG;LTA;SEMA4F;SPP1;TNFSF15
3,1,26,7,519,31,6,CLEC4F;CXCL14;LTB;PI3;SEMA4F;TNFSF15
3,2,26,7,390,27,7,ADAM19;CXCL14;FGFBP1;LTB;PI3;PLXNA4;TNFSF15
3,3,26,7,433,21,5,ADAM19;CXCL14;SEMA3E;TGM2;TNFSF15
3,4,27,6,425,23,6,CXCL14;EBI3;ECM1;SEMA4F;SPP1;TNFSF15
3,5,27,6,362,22,6,EBI3;FLT3LG;MMP9;SEMA4F;TGM6;TNFSF15
4,1,26,7,538,34,5,ECM1;SEMA4F;SERPINA10;TGM3;TNFSF15
4,2,26,7,405,20,2,SERPINA10;TNFSF15
4,3,26,7,479,22,7,EBI3;FLT3LG;LTB;SEMA3E;SEMA4F;SERPINA10;TNFSF15
4,4,27,6,386,24,5,HBEGF;LTB;SEMA3E;SERPINA10;TGM2
4,5,27,6,346,23,9,ADAM19;CXCL14;FLT3LG;LTB;MMP9;MUC6;PI3;PLXNA4;SEMA4F
5,1,26,7,513,28,8,EBI3;ECM1;LTB;PI3;PIK3IP1;SEMA4F;SPOCK2;TNFSF15
5,2,26,7,318,15,6,ADAM19;EBI3;FLT3LG;HTRA4;LTB;TNFSF15
5,3,26,7,357,26,7,ADAM8;FLT3LG;PI3;SEMA3E;SERPINA10;TGM2;TGM3
5,4,27,6,408,25,7,ADAM19;CLEC4F;LTA;PLXNA1;SEMA4F;SERPINA10;TNFSF15
5,5,27,6,486,25,6,CXCL14;LTB;PLXNA4;SEMA4F;SERPINA10;TNFSF15
6,1,26,7,451,18,6,ADAM19;HAPLN3;LTB;SEMA4C;SEMA4F;TNFSF15
6,2,26,7,314,24,7,CXCL14;ECM1;FLT3LG;PIK3IP1;SEMA4F;SPP1;TNFSF15
6,3,26,7,404,19,9,ADAM19;ADAM28;CLEC4F;MMP9;PI3;SEMA4F;SERPINA10;TNFSF15;TNFSF4
6,4,27,6,548,38,10,CST7;CXCL14;FLT3LG;HBEGF;PDGFB;PI3;PLXNA3;SEMA3E;SERPINA10;TNFSF15
6,5,27,6,449,23,6,CXCL14;FLT3LG;LTB;PLXNA4;SEMA4F;TNFSF15
7,1,26,7,412,26,6,ADAM19;SEMA4C;SEMA4F;SPOCK2;TGM3;TNFSF15
7,2,26,7,329,20,7,ADAM19;CCBE1;CXCL14;PLXNA1;SEMA4F;SERPINA10;TNFSF15
7,3,26,7,353,25,8,EBI3;LTB;PI3;PLXNA1;PLXNA4;SEMA3E;SEMA4F;SERPINA10
7,4,27,6,541,30,6,CXCL14;FLT3LG;LAMB3;SEMA4F;SPP1;TNFSF15
7,5,27,6,499,20,6,FLT3LG;LTB;PLXNA4;SEMA4F;SERPINA10;TNFSF15
8,1,26,7,480,27,8,CXCL14;LTB;MMP9;MUC6;PPBP;SEMA3E;SERPINA10;TNFSF15
8,2,26,7,383,23,8,ADAM19;CST7;FLT3LG;PI3;PLAU;SEMA4C;TGM3;TNFSF15
8,3,26,7,443,28,8,CXCL14;EBI3;ECM1;LTA;LTB;SEMA4F;SPP1;TNFSF15
8,4,27,6,525,37,5,ADAM8;CLEC4F;COL9A2;PLAU;TNFSF15
8,5,27,6,427,20,8,ADAM19;FLT3LG;HTRA4;LEP;LTB;SEMA4F;SERPINA10;TNFSF15
9,1,26,7,512,29,7,CST7;CXCL14;PDGFB;PLXNA3;PLXNA4;SEMA3E;SERPINA10
9,2,26,7,399,25,3,EBI3;FLT3LG;TNFSF15
9,3,26,7,427,22,7,ADAM19;CST7;EBI3;LTB;SEMA4F;SPP1;TNFSF15
9,4,27,6,405,21,7,ADAM8;LTB;PLXNA1;SEMA3E;SERPINA10;TGFA;TNFSF15
9,5,27,6,365,17,6,CXCL14;FLT3LG;LTB;SEMA4F;SERPINA10;TNFSF15
10,1,26,7,373,19,6,ADAM19;CXCL14;EBI3;LTB;PI3;TNFSF15
10,2,26,7,498,37,7,IGFBP3;LTB;PIK3IP1;PLAU;SEMA4F;SPP1;TNFSF15
10,3,26,7,410,20,8,C1QA;CXCL14;EBI3;FLT3LG;PLAU;PLXNA4;SEMA3E;SERPINA10
10,4,27,6,489,31,9,CLEC4F;CXCL14;FLT3LG;LEP;LTA;PLXNA3;SEMA3E;SERPINA10;TNFSF15
10,5,27,6,360,19,10,ADAM19;CXCL14;EBI3;FLT3LG;LTB;MMP9;PI3;SEMA4F;SERPINA10;TNFSF15
