"power","scale_free_fit_R2","scale_free_fit_slope","truncated.R.sq","mean_connectivity","median_connectivity","maximum_connectivity","selected"
1,0.0924028471354706,8.47546857640414,0.822366071178107,2515.52350559815,2509.07759521827,2669.28407032309,FALSE
2,0.180816779101966,-4.70725892322193,0.812860346721242,1354.81139406444,1342.22358774169,1570.30869773221,FALSE
3,0.266854054346683,-3.60126001971762,0.853548763314527,773.779886258969,760.319996829167,1007.79744576638,FALSE
4,0.248631647530278,-2.46316495483289,0.865853866869608,465.034170019657,452.591903525355,690.329747935066,FALSE
5,0.301232473776881,-2.05178708376655,0.887136371847706,292.182313760334,280.346431797453,499.404483565991,FALSE
6,0.428691536574744,-1.94989259746437,0.921373551348952,190.855573156242,180.17097177518,375.871464561818,FALSE
7,0.543672746561664,-1.99093963329307,0.944567199225493,128.987838931406,119.087583357148,294.412027968213,FALSE
8,0.656686099683092,-2.01964476285141,0.956233108647327,89.8207659777871,80.8843972116437,236.504241681841,FALSE
9,0.72949672435946,-1.99058715543204,0.971348448323651,64.2128761155007,56.2548121485123,193.700954060057,FALSE
10,0.778192953196366,-2.01027809648492,0.967515883206383,46.9818050377304,39.8712162318716,161.050229424766,FALSE
12,0.847572075406004,-1.94401566649412,0.986851760239422,26.6815328364406,20.9586500310563,115.110001091599,FALSE
14,0.883093532589163,-1.89326383252418,0.988581753485455,16.1681363190568,11.6513648045955,84.9336408961207,TRUE
16,0.899378931888919,-1.8648510229041,0.982528787518085,10.3194093481108,6.75926900207789,64.0870354085874,FALSE
18,0.917187145437823,-1.81194655874107,0.98994215369276,6.87063369586383,4.02949101768043,49.1953075438916,FALSE
20,0.921540668521834,-1.78709848978432,0.983635846959893,4.73722131749843,2.49369215277883,38.7541420820316,FALSE
22,0.931712140828604,-1.74473992890808,0.991138317713748,3.3637722028142,1.572088512671,30.8856770331333,FALSE
24,0.941942785242215,-1.68833399733578,0.995679102290189,2.449323855698,1.01409121608934,24.8619726994554,FALSE
26,0.952372888031479,-1.6383952959647,0.996567381075509,1.82275087757927,0.676450912009562,20.2797299551288,FALSE
28,0.939758158369942,-1.67184279772823,0.987980109230288,1.38265673662188,0.455537257507281,17.7379665890727,FALSE
30,0.934290513715977,-1.74304875366078,0.994825422247188,1.06678391768776,0.308069031977929,16.5059338203475,FALSE
